{"type":"FeatureCollection","source":"ICAO Flight Information Region (ArcGIS Online item 4b70cff99cf14565b6671a314c8ea6e8), ICAO 2020-12-18","features":[{"type":"Feature","properties":{"icao":"","name":"NIL1","label":[254.258,-4.232]},"geometry":{"type":"MultiLineString","coordinates":[[[268,1.417],[268,-3.4],[270,-3.4],[270,-15],[240,-15],[240,5],[255.5,10],[268,1.417]]]}},{"type":"Feature","properties":{"icao":"","name":"NIL2","label":[31.883,79.267]},"geometry":{"type":"MultiLineString","coordinates":[[[32,90],[32,81],[35,81],[35,74],[32.083,74],[32.083,70.167],[31.133,70],[31.717,70.367],[30,71],[30,90],[32,90]]]}},{"type":"Feature","properties":{"icao":"AGGG","name":"FIR HONIARA","label":[160.056,-10.096]},"geometry":{"type":"MultiLineString","coordinates":[[[161.25,-14],[155,-14],[155,-7.317],[155.6,-6.933],[155.7,-6.933],[155.917,-6.85],[156.033,-6.667],[156.033,-6.55],[159,-4.833],[160,-4.833],[166.75,-10.5],[166.867,-11.8],[163,-14],[161.25,-14]]]}},{"type":"Feature","properties":{"icao":"ANAU","name":"FIR NAURU","label":[165.455,-2.782]},"geometry":{"type":"MultiLineString","coordinates":[[[170,-10],[166.867,-11.8],[166.75,-10.5],[160,-4.833],[160,3.5],[170,3.5],[170,-10]]]}},{"type":"Feature","properties":{"icao":"AYPM","name":"FIR PORT MORESBY","label":[149.666,-5.329]},"geometry":{"type":"MultiLineString","coordinates":[[[155,-7.317],[155,-12],[144,-12],[144.067,-11.717],[144.033,-11.5],[144.083,-9.95],[144.233,-9.4],[143.867,-9.133],[142.8,-9.317],[142.05,-9.267],[141,-9.617],[141,0],[160,0],[160,-4.833],[159,-4.833],[156.033,-6.55],[156.033,-6.667],[155.917,-6.85],[155.7,-6.933],[155.6,-6.933],[155,-7.317]]]}},{"type":"Feature","properties":{"icao":"BGGL","name":"FIR SONDRESTROM","label":[-29.223,78.705]},"geometry":{"type":"MultiLineString","coordinates":[[[-55.665,63.5],[-57.75,65],[-63.333,70],[-76,76],[-75,78],[-60,82],[-60,89.9],[30,89.9],[30,82],[0,82],[0,73],[-20,73],[-20,70],[-39,63.5],[-43,58.5],[-49.998,58.5],[-55.665,63.5]]]}},{"type":"Feature","properties":{"icao":"BGGL","name":"FIR SONDRESTROM","label":[-29.15,78.762]},"geometry":{"type":"MultiLineString","coordinates":[[[-55.665,63.5],[-57.75,65],[-63.333,70],[-76,76],[-75,78],[-60,82],[-60,90],[30,90],[30,82],[0,82],[0,73],[-20,73],[-20,70],[-39,63.5],[-55.665,63.5]]]}},{"type":"Feature","properties":{"icao":"BGGL","name":"FIR SONDRESTROM","label":[313.088,61.201]},"geometry":{"type":"MultiLineString","coordinates":[[[310.002,58.5],[304.335,63.5],[321.002,63.5],[317,58.5],[310.002,58.5]]]}},{"type":"Feature","properties":{"icao":"BIRD","name":"FIR REYKJAVIK","label":[-14.859,66.261]},"geometry":{"type":"MultiLineString","coordinates":[[[-10,61],[-30,61],[-39,63.5],[-20,70],[-20,73],[0,73],[0,61],[-10,61]]]}},{"type":"Feature","properties":{"icao":"CZEG","name":"FIR EDMONTON","label":[255.203,74.057]},"geometry":{"type":"MultiLineString","coordinates":[[[292,65],[280,62.75],[280,64.408],[251.583,54.767],[251.306,54.767],[251.394,54.548],[251.406,54.338],[251.341,54.137],[251.2,53.947],[250.97,53.762],[250.667,53.601],[250.304,53.475],[249.999,53.426],[250,49.001],[244.499,48.999],[244.863,49.5],[244.844,50.021],[244.748,50.183],[244.558,50.305],[244.371,50.355],[244.169,50.37],[243.917,50.325],[242.286,52.105],[241,53.4],[239.225,54.544],[236.75,56],[230.573,56.771],[227.963,57.013],[227.973,57.036],[227.663,57.088],[227.773,57.205],[227.118,57.864],[226.929,58.012],[226.863,58.136],[226.639,58.281],[226.57,58.36],[226.612,58.412],[226.57,58.459],[226.317,58.596],[226.173,58.726],[225.754,58.857],[225.668,58.93],[225.689,58.964],[225.605,58.983],[225.621,59.049],[225.539,59.127],[225.434,59.131],[225.328,59.2],[225.312,59.243],[225.048,59.28],[224.984,59.348],[225.011,59.39],[224.908,59.427],[224.979,59.471],[224.986,59.567],[224.517,59.8],[224.061,59.667],[223.658,59.604],[223.776,59.543],[223.706,59.471],[223.536,59.466],[223.542,59.281],[223.424,59.17],[223.177,59.158],[222.554,58.911],[222.479,58.917],[222.507,58.991],[222.402,59.242],[221.391,59.764],[221.31,59.907],[220.952,59.997],[220.811,60.089],[220.932,60.352],[220.323,60.341],[220.021,60.188],[219.549,60.31],[219.479,60.222],[219.004,60.307],[219,90],[300,90],[300,82],[285,78],[284,76],[296.667,70],[302.25,65],[292,65]]]}},{"type":"Feature","properties":{"icao":"CZQM","name":"FIR MONCTON SOUTHERN","label":[297.161,45.431]},"geometry":{"type":"MultiLineString","coordinates":[[[298.759,48.153],[301.394,46.795],[303.526,45.612],[303.966,44.393],[300,43.6],[293,41.867],[293,44.5],[292.883,44.5],[293.099,44.802],[293.022,44.858],[293.021,44.921],[292.837,45.175],[292.732,45.201],[292.658,45.15],[292.545,45.263],[292.584,45.399],[292.515,45.494],[292.589,45.53],[292.587,45.587],[292.343,45.631],[292.283,45.691],[292.201,45.701],[292.194,45.785],[292.243,45.833],[292.21,45.882],[292.253,45.929],[292.227,45.957],[292.207,47.07],[291.791,47.342],[291.663,47.364],[291.614,47.3],[291.435,47.29],[291.468,47.327],[291.703,47.458],[292,47.525],[292.05,47.733],[293.103,47.883],[293.073,48.025],[293.137,48.181],[293.266,48.285],[293.448,48.336],[293.663,48.336],[293.869,48.267],[294.002,48.153],[294.059,48],[295.378,47.848],[298,48.5],[298.759,48.153]]]}},{"type":"Feature","properties":{"icao":"CZQX","name":"FIR GANDER DOMESTIC","label":[302.147,51.264]},"geometry":{"type":"MultiLineString","coordinates":[[[306,53],[309,49],[309,45],[307,45],[303.966,44.393],[303.526,45.612],[300.729,47.146],[298.759,48.153],[298,48.5],[299,49.3],[299,49.533],[302,51.008],[303,51.283],[303,51.735],[301.857,52.196],[300.5,51.639],[300.5,51.333],[300,50.839],[297.917,50.833],[296,51.417],[295.083,53.7],[294.667,54.417],[294.917,55.083],[296,55.356],[296,57.55],[299.649,58.471],[301,57],[306,53]]]}},{"type":"Feature","properties":{"icao":"CZQX","name":"FIR GANDER OCEANIC","label":[316.414,54.228]},"geometry":{"type":"MultiLineString","coordinates":[[[304.335,63.5],[310,58.5],[317,58.5],[321,63.5],[330,61],[330,45],[309,45],[309,49],[306,53],[301,57],[299.649,58.471],[297,61],[297,64],[300,65],[302.25,65],[304.335,63.5]]]}},{"type":"Feature","properties":{"icao":"CZQX","name":"FIR GANDER OCEANIC","label":[313.088,61.201]},"geometry":{"type":"MultiLineString","coordinates":[[[310.002,58.5],[304.335,63.5],[321.002,63.5],[317,58.5],[310.002,58.5]]]}},{"type":"Feature","properties":{"icao":"CZQX","name":"FIR GANDER OCEANIC","label":[316.414,54.228]},"geometry":{"type":"MultiLineString","coordinates":[[[304.335,63.5],[321,63.5],[330,61],[330,45],[309,45],[309,49],[306,53],[301,57],[299.649,58.471],[297,61],[297,64],[300,65],[302.25,65],[304.335,63.5]]]}},{"type":"Feature","properties":{"icao":"CZUL","name":"FIR MONTREAL","label":[288.884,55.433]},"geometry":{"type":"MultiLineString","coordinates":[[[296,51.416],[297.917,50.833],[300,50.833],[300.5,51.333],[300.5,51.633],[301.857,52.196],[303,51.735],[303,51.283],[302,51],[299,49.533],[299,49.3],[298,48.5],[295.378,47.848],[294.059,48],[293.989,48.174],[293.836,48.289],[293.598,48.338],[293.337,48.31],[293.196,48.241],[293.104,48.138],[293.07,48.007],[293.103,47.883],[292.05,47.733],[292,47.525],[291.63,47.427],[291.357,47.242],[291.105,47.19],[290.955,47.264],[290.951,47.435],[290.768,47.471],[289.991,46.698],[289.949,46.438],[289.808,46.353],[289.712,46.203],[289.766,46.145],[289.694,46.079],[289.72,46.061],[289.688,45.986],[289.76,45.956],[289.745,45.913],[289.592,45.81],[289.611,45.753],[289.588,45.722],[289.445,45.673],[289.307,45.572],[289.275,45.495],[289.366,45.428],[289.36,45.405],[289.185,45.426],[289.178,45.323],[289.121,45.238],[289.035,45.355],[288.892,45.299],[288.86,45.253],[288.685,45.299],[288.56,45.238],[288.604,45.205],[288.507,45.075],[288.506,45.02],[285.751,44.992],[285.15,45.016],[285.009,44.986],[284.682,44.837],[284.264,44.546],[284.136,44.403],[283.936,44.341],[283.855,44.292],[283.817,44.222],[283.733,45.837],[283.072,45.961],[282.75,46.133],[282.75,46.947],[282.394,47.089],[281.689,47.672],[281.433,47.841],[281.151,47.763],[280.814,47.786],[280.557,47.927],[280.445,48.115],[280.456,48.283],[280.559,48.425],[280.751,48.532],[281,48.587],[281,49],[280,53.466],[280,62.75],[292,64.991],[300,64.991],[297,64],[297,61],[299.649,58.471],[296,57.55],[296,55.355],[294.917,55.083],[294.667,54.416],[295.083,53.7],[296,51.416]]]}},{"type":"Feature","properties":{"icao":"CZVR","name":"FIR VANCOUVER","label":[234.281,52.21]},"geometry":{"type":"MultiLineString","coordinates":[[[230.573,56.771],[236.75,56],[239.225,54.544],[241,53.4],[242.286,52.105],[243.917,50.325],[244.169,50.37],[244.371,50.355],[244.558,50.305],[244.748,50.183],[244.844,50.021],[244.863,49.5],[244.499,48.999],[236.678,49],[236.991,48.831],[237.001,48.764],[236.745,48.69],[236.885,48.422],[236.748,48.277],[236.472,48.222],[235.25,48.5],[232,48.333],[226.25,51],[225,52.717],[224,54],[227.417,54.667],[229.382,54.71],[229.349,54.766],[229.64,54.908],[229.769,55.035],[229.899,55.228],[230.009,55.282],[229.856,55.541],[229.878,55.655],[229.825,55.754],[229.985,55.909],[229.985,56.026],[229.911,56.118],[229.771,56.09],[229.586,56.129],[229.538,56.235],[229.373,56.259],[229.226,56.366],[228.945,56.398],[228.442,56.602],[228.176,56.597],[228.173,56.679],[228.116,56.745],[228.139,56.8],[227.897,56.867],[227.963,57.013],[230.573,56.771]]]}},{"type":"Feature","properties":{"icao":"CZWG","name":"FIR WINNIPEG","label":[266.952,54.718]},"geometry":{"type":"MultiLineString","coordinates":[[[273,49.533],[273,47.78],[271.632,48.312],[271.312,48.258],[270.643,47.98],[270.239,48.03],[270.096,47.989],[270.007,48.023],[269.935,48.108],[269.844,48.122],[269.259,48.091],[269.161,48.184],[269.17,48.226],[269.131,48.237],[268.874,48.155],[268.731,48.074],[268.582,48.041],[268.429,48.056],[268.423,48.096],[268.304,48.101],[268.313,48.145],[268.26,48.193],[268.029,48.244],[267.948,48.354],[267.743,48.347],[267.699,48.305],[267.714,48.251],[267.643,48.229],[267.555,48.32],[267.544,48.405],[267.503,48.446],[267.297,48.456],[267.302,48.485],[267.38,48.498],[267.37,48.537],[267.047,48.623],[266.755,48.641],[266.543,48.595],[266.546,48.56],[266.511,48.54],[266.221,48.516],[266.148,48.627],[265.765,48.653],[265.709,48.706],[265.524,48.694],[265.394,48.724],[265.293,48.791],[265.299,48.915],[265.201,49.159],[265.182,49.31],[265.064,49.36],[264.847,49.377],[264.846,48.999],[250,49.001],[250,53.421],[250.359,53.49],[250.674,53.596],[250.941,53.739],[251.154,53.913],[251.312,54.125],[251.393,54.352],[251.391,54.577],[251.306,54.767],[251.583,54.767],[280,64.408],[280,53.467],[276.858,52],[273,49.533]]]}},{"type":"Feature","properties":{"icao":"CZYZ","name":"FIR TORONTO","label":[278.522,47.534]},"geometry":{"type":"MultiLineString","coordinates":[[[282.75,46.947],[282.75,46.133],[283.072,45.961],[283.733,45.837],[283.817,44.222],[283.708,44.197],[283.565,44.105],[283.198,43.634],[281.298,43.638],[280.815,43.466],[280.946,43.262],[280.954,43.149],[280.919,43.086],[280.969,43.057],[280.978,42.987],[281.082,42.935],[281.065,42.862],[281.013,42.82],[279.903,42.396],[278.753,42.215],[277.59,41.676],[277.303,41.684],[276.928,41.86],[276.831,42.046],[276.913,42.301],[277.191,42.413],[277.335,42.544],[277.414,42.559],[277.479,42.619],[277.581,43.019],[277.875,43.617],[277.5,45.333],[276.402,45.827],[276.552,46.012],[276.423,46.105],[276.154,46.125],[276.041,46.072],[275.894,46.248],[275.886,46.352],[275.842,46.397],[275.874,46.532],[275.807,46.547],[275.717,46.509],[275.572,46.503],[275.514,46.459],[275.435,46.466],[275.225,46.653],[275.143,46.902],[273,47.78],[273,49.533],[276.858,52],[280,53.467],[281,49],[281,48.587],[280.732,48.525],[280.541,48.407],[280.444,48.242],[280.46,48.06],[280.607,47.886],[280.858,47.778],[281.146,47.763],[281.434,47.84],[281.689,47.672],[282.394,47.089],[282.75,46.947]]]}},{"type":"Feature","properties":{"icao":"DAAA","name":"FIR ALGER","label":[2.724,28.778]},"geometry":{"type":"MultiLineString","coordinates":[[[9.075,32.087],[9.552,30.246],[9.389,30.162],[9.412,30.052],[9.58,29.834],[9.841,29.212],[9.905,28.774],[9.839,28.279],[9.963,27.881],[9.878,27.6],[9.813,27.564],[9.841,27.501],[9.778,27.432],[9.736,27.31],[9.85,26.901],[9.933,26.852],[9.874,26.507],[9.501,26.35],[9.494,26.301],[9.402,26.198],[9.4,26.146],[10.039,25.314],[10.056,24.831],[10.22,24.744],[10.254,24.599],[10.424,24.471],[10.718,24.564],[11.023,24.448],[11.426,24.198],[11.61,24.26],[11.999,23.513],[9.968,22.358],[7.46,20.842],[5.812,19.446],[3.334,18.969],[3.116,19.149],[3.198,19.251],[3.209,19.319],[3.279,19.382],[3.212,19.558],[3.235,19.813],[2.969,19.943],[2.59,19.994],[2.414,20.05],[2.346,20.17],[2.215,20.274],[2.099,20.212],[1.985,20.253],[1.907,20.226],[1.883,20.294],[1.807,20.296],[1.67,20.401],[1.665,20.529],[1.629,20.564],[1.377,20.65],[1.319,20.731],[1.169,20.734],[1.199,20.994],[1.174,21.092],[0.001,21.818],[-2.088,23.243],[-4.121,24.564],[-5.82,25.617],[-8.667,27.313],[-8.667,28.667],[-2.667,31.833],[-2.946,31.988],[-2.896,32.071],[-2.327,32.158],[-1.926,32.099],[-1.689,32.121],[-1.192,32.084],[-1.169,32.142],[-1.251,32.207],[-1.219,32.369],[-1.062,32.443],[-1.008,32.501],[-1.298,32.693],[-1.381,32.717],[-1.541,32.932],[-1.485,32.972],[-1.478,33.056],[-1.666,33.254],[-1.665,33.376],[-1.598,33.55],[-1.647,33.652],[-1.729,33.698],[-1.679,33.762],[-1.708,33.875],[-1.651,34.078],[-1.749,34.342],[-1.791,34.371],[-1.684,34.479],[-1.856,34.603],[-1.748,34.744],[-2.181,35.013],[-2.209,35.086],[-2.1,35.833],[-1.5,36.25],[3.75,38.333],[4.67,39],[8,39],[8.653,36.914],[8.625,36.853],[8.682,36.839],[8.572,36.772],[8.43,36.758],[8.487,36.696],[8.447,36.619],[8.155,36.493],[8.173,36.461],[8.355,36.444],[8.409,36.409],[8.377,36.349],[8.389,36.303],[8.341,36.268],[8.355,36.221],[8.31,36.17],[8.348,36.096],[8.312,36.072],[8.269,35.934],[8.264,35.737],[8.353,35.672],[8.389,35.475],[8.316,35.38],[8.318,35.306],[8.411,35.241],[8.474,35.237],[8.251,34.914],[8.286,34.756],[8.319,34.732],[8.238,34.682],[8.277,34.657],[8.147,34.533],[7.863,34.404],[7.803,34.215],[7.721,34.167],[7.657,34.196],[7.542,34.071],[7.522,33.905],[7.59,33.652],[7.742,33.427],[7.809,33.207],[8.143,33.083],[8.105,33.049],[8.323,32.822],[8.356,32.501],[9.075,32.087]]]}},{"type":"Feature","properties":{"icao":"DAAA","name":"FIR ALGER","label":[2.853,28.752]},"geometry":{"type":"MultiLineString","coordinates":[[[8.65,36.717],[8.367,36.717],[8.367,35.478],[8.328,35.458],[8.302,35.359],[8.332,35.292],[8.43,35.259],[8.45,35.223],[8.323,35.085],[8.261,34.904],[8.29,34.752],[8.225,34.677],[8.252,34.638],[8.123,34.533],[7.884,34.437],[8.405,32.493],[9.057,32.094],[9.555,30.245],[9.39,30.166],[9.412,30.052],[9.534,29.913],[9.65,29.667],[10,29.667],[10,28.078],[11.428,24.199],[11.61,24.26],[11.999,23.513],[9.859,22.295],[7.46,20.842],[5.812,19.446],[3.334,18.969],[3.116,19.149],[3.198,19.251],[3.209,19.319],[3.279,19.382],[3.212,19.558],[3.235,19.813],[2.969,19.943],[2.59,19.994],[2.414,20.05],[2.346,20.17],[2.215,20.274],[2.099,20.212],[1.985,20.253],[1.907,20.226],[1.883,20.294],[1.807,20.296],[1.67,20.401],[1.665,20.529],[1.629,20.564],[1.377,20.65],[1.319,20.731],[1.169,20.734],[1.199,20.994],[1.174,21.092],[0.001,21.818],[-2.088,23.243],[-4.121,24.564],[-5.82,25.617],[-8.667,27.312],[-8.667,28.667],[-2.667,31.833],[-2.946,31.988],[-2.896,32.071],[-2.327,32.158],[-1.926,32.099],[-1.689,32.12],[-1.192,32.084],[-1.169,32.142],[-1.251,32.207],[-1.219,32.368],[-1.062,32.443],[-1.008,32.501],[-1.298,32.693],[-1.381,32.717],[-1.541,32.932],[-1.485,32.972],[-1.478,33.056],[-1.666,33.254],[-1.665,33.376],[-1.598,33.55],[-1.647,33.652],[-1.729,33.698],[-1.679,33.762],[-1.708,33.875],[-1.651,34.078],[-1.749,34.342],[-1.791,34.371],[-1.684,34.478],[-1.856,34.603],[-1.748,34.744],[-2.18,35.012],[-2.209,35.086],[-2.1,35.833],[-1.5,36.25],[3.75,38.333],[4.67,39],[8,39],[8.642,36.941],[8.65,36.717]]]}},{"type":"Feature","properties":{"icao":"DGAC","name":"FIR ACCRA","label":[1.154,0.666]},"geometry":{"type":"MultiLineString","coordinates":[[[3.816,10.461],[3.789,10.403],[3.695,10.45],[3.637,10.412],[3.582,10.275],[3.681,10.181],[3.676,10.103],[3.626,10.071],[3.616,9.962],[3.525,9.844],[3.471,9.856],[3.344,9.805],[3.331,9.756],[3.363,9.682],[3.317,9.636],[3.263,9.636],[3.263,9.592],[3.142,9.441],[3.17,9.274],[3.095,9.091],[2.786,9.061],[2.77,8.812],[2.739,8.781],[2.763,8.519],[2.709,8.339],[2.754,8.207],[2.682,7.894],[2.742,7.809],[2.741,7.567],[2.81,7.493],[2.806,7.423],[2.758,7.419],[2.779,7.134],[2.748,7.099],[2.798,7.04],[2.743,7.007],[2.725,6.954],[2.756,6.911],[2.74,6.798],[2.79,6.759],[2.799,6.694],[2.742,6.622],[2.757,6.571],[2.719,6.456],[2.75,5.733],[6.583,3],[6.583,-5.867],[-3,-9.533],[-3,4.683],[-3.108,5.147],[-2.838,5.102],[-2.734,5.113],[-2.784,5.28],[-2.773,5.35],[-2.717,5.347],[-2.716,5.386],[-2.773,5.61],[-2.858,5.644],[-2.938,5.614],[-2.96,5.627],[-2.949,5.713],[-3.014,5.707],[-3.006,5.858],[-3.07,5.992],[-3.095,6.145],[-3.168,6.256],[-3.249,6.611],[-3.186,6.716],[-3.228,6.769],[-3.224,6.819],[-3.09,7.062],[-3.024,7.073],[-2.949,7.229],[-2.973,7.262],[-2.924,7.596],[-2.824,7.824],[-2.785,7.854],[-2.774,7.947],[-2.752,7.934],[-2.686,8.011],[-2.589,8.041],[-2.601,8.155],[-2.488,8.198],[-2.579,8.765],[-2.62,8.789],[-2.596,8.825],[-2.617,8.914],[-2.656,9.013],[-2.773,9.055],[-2.767,9.135],[-2.661,9.258],[-2.716,9.312],[-2.668,9.377],[-2.676,9.471],[-2.769,9.568],[-2.745,9.653],[-2.794,9.729],[-2.737,9.82],[-2.77,9.884],[-2.752,9.964],[-2.796,10.058],[-2.803,10.179],[-2.752,10.26],[-2.845,10.321],[-2.824,10.383],[-2.768,10.417],[-2.855,10.453],[-2.933,10.624],[-2.906,10.687],[-2.927,10.719],[-2.816,10.921],[-2.835,10.99],[3.752,10.995],[3.775,10.899],[3.749,10.803],[3.848,10.69],[3.855,10.585],[3.816,10.461]]]}},{"type":"Feature","properties":{"icao":"DNKK","name":"FIR KANO","label":[7.877,9.221]},"geometry":{"type":"MultiLineString","coordinates":[[[5.673,13.819],[6.161,13.643],[6.285,13.684],[6.423,13.605],[6.679,13.344],[6.806,13.108],[6.933,12.997],[7.091,12.995],[7.219,13.126],[7.38,13.1],[7.815,13.353],[8.122,13.304],[8.274,13.213],[8.432,13.064],[8.542,13.075],[8.664,12.943],[8.985,12.847],[9.635,12.802],[9.873,13.075],[9.914,13.075],[9.93,13.133],[10.135,13.253],[10.724,13.386],[11.463,13.373],[11.82,13.273],[12.068,13.122],[12.478,13.057],[12.595,13.278],[12.638,13.306],[12.676,13.28],[12.772,13.379],[12.801,13.366],[12.796,13.396],[12.865,13.455],[12.843,13.487],[12.876,13.473],[13.066,13.549],[13.081,13.525],[13.131,13.521],[13.146,13.549],[13.153,13.524],[13.205,13.528],[13.348,13.72],[13.625,13.718],[14.075,13.082],[14.199,12.501],[14.171,12.388],[14.214,12.348],[14.491,12.336],[14.549,12.236],[14.616,12.176],[14.657,12.187],[14.674,12.151],[14.619,12.036],[14.652,11.96],[14.611,11.772],[14.558,11.715],[14.641,11.647],[14.618,11.506],[14.164,11.234],[14.004,11.283],[13.887,11.171],[13.844,11.074],[13.777,11.03],[13.768,10.932],[13.561,10.644],[13.462,10.172],[13.398,10.111],[13.251,10.067],[13.266,9.985],[13.231,9.866],[13.286,9.802],[13.239,9.579],[13.187,9.527],[13.024,9.496],[12.846,9.357],[12.916,9.339],[12.919,9.277],[12.838,9.075],[12.851,9.014],[12.794,8.766],[12.728,8.759],[12.687,8.661],[12.569,8.601],[12.492,8.629],[12.386,8.613],[12.422,8.5],[12.341,8.422],[12.254,8.408],[12.256,8.198],[12.199,8.087],[12.221,7.971],[12.044,7.74],[12.041,7.574],[11.75,7.271],[11.795,7.25],[11.898,7.102],[11.587,6.892],[11.555,6.821],[11.589,6.78],[11.562,6.668],[11.515,6.604],[11.437,6.591],[11.413,6.484],[11.34,6.441],[11.124,6.438],[11.073,6.591],[11.071,6.719],[11.019,6.779],[10.943,6.778],[10.883,6.828],[10.846,6.959],[10.62,7.054],[10.596,7.134],[10.513,6.878],[10.238,6.878],[10.195,6.918],[10.165,7.021],[9.875,6.776],[9.796,6.802],[9.711,6.523],[9.612,6.522],[9.577,6.447],[9.469,6.404],[9.435,6.328],[9.363,6.326],[9.295,6.208],[9.003,5.945],[8.995,5.894],[8.944,5.907],[8.865,5.842],[8.889,5.781],[8.834,5.707],[8.922,5.595],[8.86,5.497],[8.825,5.189],[8.622,4.895],[8.638,4.832],[8.574,4.804],[8.551,4.694],[6.583,3],[2.75,5.733],[2.719,6.456],[2.757,6.571],[2.742,6.622],[2.799,6.694],[2.79,6.759],[2.74,6.798],[2.756,6.911],[2.725,6.954],[2.743,7.007],[2.798,7.04],[2.748,7.099],[2.779,7.134],[2.758,7.419],[2.806,7.423],[2.81,7.493],[2.741,7.567],[2.742,7.809],[2.682,7.894],[2.754,8.207],[2.709,8.339],[2.763,8.519],[2.739,8.781],[2.77,8.812],[2.786,9.061],[3.095,9.091],[3.17,9.274],[3.142,9.441],[3.263,9.592],[3.263,9.636],[3.317,9.636],[3.363,9.682],[3.331,9.756],[3.347,9.809],[3.477,9.857],[3.525,9.844],[3.609,9.948],[3.626,10.071],[3.671,10.094],[3.684,10.171],[3.582,10.275],[3.637,10.412],[3.684,10.448],[3.794,10.406],[3.855,10.585],[3.847,10.703],[3.797,10.721],[3.749,10.803],[3.775,10.899],[3.732,11.029],[3.739,11.117],[3.698,11.124],[3.475,11.43],[3.568,11.647],[3.688,11.75],[3.669,11.812],[3.632,11.825],[3.617,11.92],[3.672,11.976],[3.637,12.108],[3.669,12.256],[3.658,12.529],[3.953,12.749],[4.105,12.996],[4.14,13.177],[4.142,13.477],[4.248,13.481],[4.47,13.687],[4.886,13.781],[4.924,13.736],[5.289,13.753],[5.365,13.848],[5.548,13.892],[5.673,13.819]]]}},{"type":"Feature","properties":{"icao":"DRRR","name":"FIR NIAMEY","label":[2.985,16.561]},"geometry":{"type":"MultiLineString","coordinates":[[[1.174,20.735],[1.317,20.738],[1.375,20.657],[1.628,20.571],[1.663,20.536],[1.668,20.409],[1.796,20.308],[1.881,20.301],[1.909,20.231],[1.983,20.26],[2.098,20.219],[2.213,20.281],[2.344,20.178],[2.412,20.058],[2.588,20.002],[2.967,19.95],[3.233,19.82],[3.21,19.565],[3.277,19.39],[3.207,19.326],[3.196,19.259],[3.114,19.156],[3.332,18.976],[5.813,19.446],[6.891,20.385],[7.637,20.961],[10.135,22.457],[11.504,23.232],[11.503,13.363],[10.75,13.389],[10.173,13.27],[9.93,13.133],[9.914,13.075],[9.873,13.075],[9.635,12.802],[9.314,12.814],[8.985,12.847],[8.664,12.943],[8.542,13.075],[8.432,13.064],[8.274,13.213],[8.122,13.304],[7.815,13.353],[7.38,13.1],[7.219,13.126],[7.091,12.995],[6.933,12.997],[6.806,13.108],[6.677,13.347],[6.423,13.605],[6.285,13.684],[6.161,13.643],[5.673,13.819],[5.548,13.892],[5.365,13.848],[5.289,13.753],[4.924,13.736],[4.886,13.781],[4.47,13.687],[4.248,13.481],[4.142,13.477],[4.14,13.177],[4.105,12.996],[3.953,12.749],[3.658,12.529],[3.669,12.256],[3.637,12.108],[3.672,11.976],[3.617,11.92],[3.632,11.825],[3.669,11.812],[3.688,11.75],[3.568,11.647],[3.475,11.43],[3.698,11.124],[3.739,11.117],[3.752,10.995],[-2.832,10.994],[-2.816,10.921],[-2.927,10.719],[-2.906,10.687],[-2.933,10.624],[-2.855,10.453],[-2.768,10.417],[-2.824,10.383],[-2.845,10.321],[-2.752,10.26],[-2.803,10.186],[-2.796,10.058],[-2.752,9.964],[-2.764,9.869],[-5.617,10.033],[-5.25,11.5],[-4.8,12],[-4.283,12.867],[-4.067,14.517],[-3.598,16.343],[-3.581,24.224],[-1.751,23.023],[-0.008,21.831],[1.17,21.103],[1.197,21.002],[1.174,20.735]]]}},{"type":"Feature","properties":{"icao":"DTTC","name":"FIR TUNIS","label":[9.694,34.541]},"geometry":{"type":"MultiLineString","coordinates":[[[10.508,31.749],[10.381,31.747],[10.308,31.712],[10.133,31.492],[10.28,31.103],[10.303,30.915],[10.209,30.72],[10.011,30.504],[9.995,30.54],[9.995,29.673],[9.062,29.673],[9.029,30.157],[7.645,35.323],[8.362,35.49],[8.362,36.723],[8.645,36.723],[8.637,36.948],[7.995,39.007],[11.495,37.507],[11.495,32.373],[11.149,32.265],[10.853,32.117],[10.79,32.007],[10.638,31.979],[10.631,31.872],[10.508,31.749]]]}},{"type":"Feature","properties":{"icao":"DTTC","name":"FIR TUNIS","label":[9.694,34.541]},"geometry":{"type":"MultiLineString","coordinates":[[[11.392,32.334],[10.982,32.187],[10.858,32.11],[10.795,32],[10.642,31.973],[10.644,31.884],[10.552,31.762],[10.459,31.728],[10.374,31.738],[10.291,31.69],[10.138,31.486],[10.285,31.097],[10.308,30.909],[10.278,30.825],[9.947,30.394],[9.889,30.349],[9.552,30.246],[9.075,32.086],[8.357,32.501],[8.323,32.822],[8.105,33.049],[8.142,33.084],[7.809,33.207],[7.743,33.424],[7.593,33.648],[7.565,33.726],[7.589,33.75],[7.525,33.796],[7.554,34.018],[7.528,34.063],[7.605,34.11],[7.654,34.197],[7.723,34.166],[7.797,34.208],[7.856,34.405],[8.115,34.512],[8.17,34.575],[8.222,34.577],[8.211,34.602],[8.28,34.652],[8.239,34.686],[8.321,34.732],[8.282,34.768],[8.246,34.919],[8.315,34.947],[8.357,35.098],[8.477,35.239],[8.407,35.245],[8.322,35.303],[8.315,35.413],[8.385,35.487],[8.356,35.669],[8.259,35.762],[8.256,35.913],[8.345,36.103],[8.307,36.173],[8.354,36.23],[8.338,36.264],[8.392,36.304],[8.376,36.348],[8.41,36.411],[8.354,36.445],[8.209,36.447],[8.154,36.496],[8.447,36.618],[8.487,36.696],[8.43,36.758],[8.572,36.772],[8.681,36.838],[8.625,36.853],[8.65,36.933],[8,39],[11.5,37.5],[11.5,32.367],[11.392,32.334]]]}},{"type":"Feature","properties":{"icao":"EBBU","name":"FIR BRUXELLES","label":[4.6,50.63]},"geometry":{"type":"MultiLineString","coordinates":[[[4.832,51.437],[4.783,51.415],[4.936,51.399],[5.041,51.487],[5.104,51.435],[5.077,51.395],[5.14,51.321],[5.238,51.308],[5.228,51.265],[5.511,51.294],[5.558,51.264],[5.563,51.222],[5.834,51.166],[5.855,51.148],[5.816,51.118],[5.842,51.102],[5.803,51.093],[5.764,50.99],[5.723,50.965],[5.759,50.949],[5.639,50.859],[5.702,50.806],[5.692,50.761],[5.775,50.782],[5.814,50.757],[6.012,50.757],[6.032,50.714],[6.111,50.721],[6.171,50.624],[6.271,50.621],[6.174,50.548],[6.224,50.494],[6.354,50.488],[6.342,50.46],[6.374,50.434],[6.345,50.38],[6.4,50.329],[6.31,50.317],[6.287,50.273],[6.173,50.233],[6.188,50.183],[6.138,50.17],[6.113,50.059],[6.173,49.952],[6.215,49.949],[6.234,49.898],[6.322,49.84],[6.524,49.809],[6.509,49.708],[6.421,49.666],[6.432,49.641],[6.359,49.574],[6.362,49.459],[6.23,49.508],[6.156,49.504],[6.091,49.453],[5.978,49.449],[5.963,49.488],[5.859,49.5],[5.767,49.557],[5.473,49.506],[5.438,49.6],[5.357,49.634],[5.315,49.619],[5.33,49.66],[5.276,49.699],[5.175,49.697],[5.105,49.764],[4.997,49.802],[4.86,49.793],[4.851,49.864],[4.881,49.915],[4.801,49.978],[4.895,50.14],[4.833,50.169],[4.697,50.091],[4.674,49.996],[4.511,49.947],[4.149,49.978],[4.153,50.034],[4.23,50.071],[4.201,50.132],[4.138,50.138],[4.212,50.268],[4.169,50.286],[4.15,50.258],[4.033,50.356],[3.907,50.33],[3.769,50.353],[3.706,50.306],[3.663,50.366],[3.671,50.441],[3.62,50.49],[3.511,50.491],[3.517,50.523],[3.481,50.532],[3.367,50.496],[3.28,50.538],[3.25,50.705],[3.15,50.79],[2.955,50.757],[2.904,50.697],[2.8,50.727],[2.719,50.814],[2.635,50.819],[2.603,50.853],[2.594,50.919],[2.631,50.955],[2.542,51.091],[2,51.117],[2,51.5],[3.371,51.374],[3.381,51.274],[3.439,51.244],[3.521,51.248],[3.525,51.288],[3.608,51.304],[3.793,51.262],[3.796,51.22],[3.898,51.205],[4.161,51.294],[4.252,51.375],[4.428,51.362],[4.394,51.45],[4.487,51.481],[4.549,51.483],[4.542,51.427],[4.651,51.423],[4.788,51.503],[4.846,51.481],[4.832,51.437]]]}},{"type":"Feature","properties":{"icao":"EBBU","name":"UIR BRUXELLES","label":[4.6,50.63]},"geometry":{"type":"MultiLineString","coordinates":[[[4.832,51.437],[4.783,51.415],[4.936,51.399],[5.041,51.487],[5.104,51.435],[5.077,51.395],[5.14,51.321],[5.238,51.308],[5.228,51.265],[5.511,51.294],[5.558,51.264],[5.563,51.222],[5.834,51.166],[5.855,51.148],[5.816,51.118],[5.842,51.102],[5.803,51.093],[5.764,50.99],[5.723,50.965],[5.759,50.949],[5.639,50.859],[5.702,50.806],[5.692,50.761],[5.775,50.782],[5.814,50.757],[6.012,50.757],[6.032,50.714],[6.111,50.721],[6.171,50.624],[6.271,50.621],[6.174,50.548],[6.224,50.494],[6.354,50.488],[6.342,50.46],[6.374,50.434],[6.345,50.38],[6.4,50.329],[6.31,50.317],[6.287,50.273],[6.173,50.233],[6.188,50.183],[6.138,50.17],[6.113,50.059],[6.173,49.952],[6.215,49.949],[6.234,49.898],[6.322,49.84],[6.524,49.809],[6.509,49.708],[6.421,49.666],[6.432,49.641],[6.359,49.574],[6.362,49.459],[6.23,49.508],[6.156,49.504],[6.091,49.453],[5.978,49.449],[5.963,49.488],[5.859,49.5],[5.767,49.557],[5.473,49.506],[5.438,49.6],[5.357,49.634],[5.315,49.619],[5.33,49.66],[5.276,49.699],[5.175,49.697],[5.105,49.764],[4.997,49.802],[4.86,49.793],[4.851,49.864],[4.881,49.915],[4.801,49.978],[4.895,50.14],[4.833,50.169],[4.697,50.091],[4.674,49.996],[4.511,49.947],[4.149,49.978],[4.153,50.034],[4.23,50.071],[4.201,50.132],[4.138,50.138],[4.212,50.268],[4.169,50.286],[4.15,50.258],[4.033,50.356],[3.907,50.33],[3.769,50.353],[3.706,50.306],[3.663,50.366],[3.671,50.441],[3.62,50.49],[3.511,50.491],[3.517,50.523],[3.481,50.532],[3.367,50.496],[3.28,50.538],[3.25,50.705],[3.15,50.79],[2.955,50.757],[2.904,50.697],[2.8,50.727],[2.719,50.814],[2.635,50.819],[2.603,50.853],[2.594,50.919],[2.631,50.955],[2.542,51.091],[2,51.117],[2,51.5],[3.371,51.374],[3.381,51.274],[3.439,51.244],[3.521,51.248],[3.525,51.288],[3.608,51.304],[3.793,51.262],[3.796,51.22],[3.898,51.205],[4.161,51.294],[4.252,51.375],[4.428,51.362],[4.394,51.45],[4.487,51.481],[4.549,51.483],[4.542,51.427],[4.651,51.423],[4.788,51.503],[4.846,51.481],[4.832,51.437]]]}},{"type":"Feature","properties":{"icao":"EDGG","name":"FIR LANGEN","label":[8.374,50.143]},"geometry":{"type":"MultiLineString","coordinates":[[[7.531,47.769],[7.553,47.878],[7.624,47.977],[7.569,48.045],[7.579,48.12],[7.683,48.242],[7.696,48.305],[7.751,48.337],[7.737,48.399],[7.809,48.517],[7.829,48.639],[7.944,48.705],[7.966,48.753],[8.092,48.804],[8.139,48.896],[8.224,48.97],[8.079,48.989],[7.939,49.049],[7.652,49.045],[7.543,49.087],[7.487,49.164],[7.424,49.177],[7.288,49.111],[7.105,49.15],[7.044,49.112],[7.027,49.189],[6.931,49.221],[6.848,49.215],[6.839,49.155],[6.731,49.166],[6.729,49.216],[6.693,49.215],[6.573,49.335],[6.595,49.363],[6.541,49.426],[6.416,49.476],[6.362,49.459],[6.359,49.574],[6.432,49.641],[6.421,49.666],[6.509,49.708],[6.524,49.809],[6.322,49.84],[6.234,49.898],[6.215,49.949],[6.173,49.952],[6.113,50.056],[6.138,50.17],[6.188,50.183],[6.173,50.233],[6.287,50.273],[6.31,50.317],[6.4,50.329],[6.345,50.38],[6.374,50.434],[6.342,50.46],[6.354,50.488],[6.224,50.494],[6.174,50.548],[6.271,50.621],[6.171,50.624],[6.111,50.721],[6.029,50.716],[5.979,50.796],[6.015,50.808],[6.014,50.842],[6.072,50.854],[6.08,50.916],[6.015,50.932],[6.026,50.978],[5.892,50.973],[5.869,51.019],[5.867,51.048],[5.907,51.064],[5.952,51.037],[6.17,51.157],[6.143,51.172],[6.164,51.194],[6.084,51.172],[6.076,51.24],[6.223,51.365],[6.207,51.51],[6.094,51.604],[6.116,51.652],[6.036,51.672],[6.039,51.717],[5.953,51.741],[5.987,51.767],[5.948,51.825],[6.058,51.863],[6.167,51.838],[6.11,51.893],[6.155,51.906],[6.404,51.828],[6.396,51.867],[6.467,51.854],[6.676,51.914],[6.746,51.906],[6.83,51.977],[6.688,52.039],[6.692,52.067],[6.763,52.116],[6.861,52.12],[6.994,52.228],[8,52.283],[8,52.117],[9,52.138],[9,51.667],[8.767,51.333],[10.493,51.333],[10.703,50.657],[10.522,50.5],[10.289,50.227],[10.661,50],[10.967,49.442],[10.479,49.111],[9.776,48.811],[9.55,48.528],[9.55,47.8],[8.867,47.783],[8.85,47.883],[7.683,47.567],[7.665,47.612],[7.581,47.582],[7.513,47.687],[7.547,47.748],[7.531,47.769]]]}},{"type":"Feature","properties":{"icao":"EDMM","name":"FIR MUNICH","label":[11.853,49.623]},"geometry":{"type":"MultiLineString","coordinates":[[[12.64,51.625],[13.1,51.508],[13.75,51.508],[14.714,51.699],[14.755,51.67],[14.761,51.611],[14.715,51.555],[14.954,51.47],[14.972,51.356],[15.039,51.272],[14.966,51.054],[14.802,50.819],[14.622,50.856],[14.65,50.927],[14.567,50.918],[14.597,50.983],[14.505,51.017],[14.508,51.043],[14.416,51.02],[14.31,51.054],[14.256,50.988],[14.404,50.932],[14.394,50.895],[14.247,50.886],[14.071,50.809],[13.908,50.791],[13.9,50.746],[13.859,50.724],[13.556,50.708],[13.464,50.6],[13.38,50.641],[13.321,50.581],[13.248,50.588],[13.191,50.504],[13.027,50.5],[12.986,50.418],[12.819,50.454],[12.706,50.397],[12.519,50.394],[12.326,50.236],[12.327,50.168],[12.279,50.188],[12.256,50.266],[12.197,50.274],[12.196,50.306],[12.094,50.323],[12.137,50.276],[12.098,50.244],[12.189,50.194],[12.192,50.132],[12.261,50.054],[12.471,49.986],[12.495,49.973],[12.476,49.941],[12.544,49.918],[12.468,49.782],[12.403,49.742],[12.516,49.679],[12.52,49.627],[12.562,49.614],[12.593,49.531],[12.638,49.523],[12.665,49.429],[12.745,49.4],[12.796,49.34],[12.946,49.339],[13.027,49.298],[13.031,49.263],[13.173,49.167],[13.179,49.134],[13.323,49.098],[13.395,49.05],[13.402,48.993],[13.491,48.946],[13.521,48.979],[13.626,48.953],[13.678,48.884],[13.741,48.882],[13.835,48.772],[13.793,48.726],[13.835,48.703],[13.823,48.617],[13.726,48.516],[13.527,48.585],[13.442,48.566],[13.44,48.435],[13.395,48.366],[13.279,48.303],[13.022,48.261],[12.758,48.124],[12.768,48.079],[13.009,47.854],[12.939,47.777],[13.096,47.634],[13.047,47.583],[13.053,47.496],[12.963,47.476],[12.81,47.552],[12.786,47.586],[12.831,47.619],[12.767,47.654],[12.779,47.674],[12.666,47.685],[12.518,47.632],[12.442,47.699],[12.253,47.687],[12.257,47.743],[12.178,47.703],[12.196,47.608],[11.638,47.597],[11.574,47.52],[11.435,47.519],[11.383,47.476],[11.406,47.454],[11.335,47.453],[11.269,47.402],[11.227,47.401],[11.238,47.43],[11.214,47.436],[11.113,47.397],[10.978,47.399],[10.985,47.429],[10.925,47.487],[10.868,47.49],[10.909,47.518],[10.883,47.54],[10.769,47.521],[10.601,47.569],[10.566,47.538],[10.499,47.54],[10.465,47.559],[10.473,47.591],[10.427,47.577],[10.474,47.44],[10.428,47.384],[10.329,47.308],[10.173,47.275],[10.231,47.381],[10.098,47.36],[10.071,47.412],[10.104,47.429],[10.088,47.458],[10.043,47.495],[10.003,47.484],[9.963,47.548],[9.862,47.535],[9.782,47.594],[9.729,47.535],[9.607,47.53],[9.233,47.658],[9.233,47.792],[9.55,47.8],[9.55,48.53],[9.776,48.811],[10.479,49.109],[10.967,49.442],[10.661,50],[10.289,50.227],[10.522,50.5],[10.703,50.657],[10.493,51.333],[10.388,51.334],[10.7,51.567],[11.208,51.841],[12,51.907],[12.202,51.876],[12.64,51.625]]]}},{"type":"Feature","properties":{"icao":"EDUU","name":"UIR RHEIN","label":[11.161,50.672]},"geometry":{"type":"MultiLineString","coordinates":[[[12,54.45],[12.85,54.917],[14.358,54.917],[14.255,54.127],[14.201,54.126],[14.242,53.988],[14.219,53.869],[14.318,53.618],[14.308,53.546],[14.378,53.452],[14.45,53.259],[14.383,53.196],[14.352,53.053],[14.149,52.963],[14.166,52.878],[14.126,52.845],[14.349,52.752],[14.64,52.572],[14.609,52.527],[14.636,52.491],[14.534,52.395],[14.582,52.286],[14.711,52.244],[14.687,52.114],[14.761,52.07],[14.692,51.899],[14.599,51.819],[14.649,51.787],[14.667,51.724],[14.755,51.67],[14.76,51.604],[14.715,51.558],[14.736,51.528],[14.976,51.441],[14.972,51.356],[15.04,51.244],[14.979,51.078],[14.802,50.819],[14.622,50.856],[14.65,50.927],[14.567,50.918],[14.597,50.983],[14.505,51.017],[14.508,51.043],[14.416,51.02],[14.303,51.051],[14.256,50.988],[14.404,50.932],[14.394,50.895],[14.247,50.886],[14.071,50.809],[13.908,50.791],[13.9,50.746],[13.859,50.724],[13.556,50.708],[13.464,50.6],[13.38,50.641],[13.321,50.581],[13.248,50.588],[13.191,50.504],[13.027,50.5],[12.986,50.418],[12.819,50.454],[12.706,50.397],[12.519,50.394],[12.326,50.236],[12.327,50.168],[12.279,50.188],[12.256,50.266],[12.197,50.274],[12.196,50.306],[12.094,50.323],[12.137,50.276],[12.098,50.244],[12.189,50.194],[12.192,50.132],[12.261,50.054],[12.471,49.986],[12.495,49.973],[12.476,49.941],[12.544,49.918],[12.468,49.782],[12.403,49.742],[12.516,49.679],[12.52,49.627],[12.562,49.614],[12.593,49.531],[12.638,49.523],[12.665,49.429],[12.745,49.4],[12.796,49.34],[12.946,49.339],[13.027,49.298],[13.031,49.263],[13.173,49.167],[13.179,49.134],[13.323,49.098],[13.395,49.05],[13.402,48.993],[13.482,48.95],[13.521,48.979],[13.581,48.971],[13.678,48.884],[13.741,48.882],[13.835,48.772],[13.793,48.726],[13.835,48.703],[13.805,48.584],[13.747,48.566],[13.726,48.516],[13.527,48.585],[13.442,48.566],[13.44,48.435],[13.395,48.366],[13.279,48.303],[13.022,48.261],[12.758,48.124],[12.768,48.079],[13.009,47.854],[12.941,47.765],[13.096,47.634],[13.047,47.583],[13.055,47.5],[13.012,47.469],[12.804,47.557],[12.786,47.586],[12.831,47.619],[12.767,47.654],[12.779,47.674],[12.666,47.685],[12.518,47.632],[12.442,47.699],[12.253,47.687],[12.257,47.743],[12.178,47.703],[12.196,47.608],[11.638,47.597],[11.574,47.52],[11.435,47.519],[11.383,47.476],[11.406,47.454],[11.335,47.453],[11.269,47.402],[11.227,47.401],[11.238,47.43],[11.214,47.436],[11.113,47.397],[10.978,47.399],[10.985,47.429],[10.925,47.487],[10.868,47.49],[10.909,47.518],[10.883,47.54],[10.769,47.521],[10.601,47.569],[10.566,47.538],[10.499,47.54],[10.465,47.559],[10.473,47.591],[10.427,47.577],[10.474,47.44],[10.428,47.384],[10.329,47.308],[10.173,47.275],[10.231,47.381],[10.098,47.36],[10.071,47.412],[10.104,47.429],[10.088,47.458],[10.043,47.495],[10.003,47.484],[9.963,47.548],[9.862,47.535],[9.782,47.594],[9.729,47.535],[9.567,47.54],[9.233,47.658],[9.233,47.792],[8.867,47.783],[8.85,47.883],[7.683,47.567],[7.665,47.612],[7.581,47.582],[7.511,47.703],[7.547,47.748],[7.527,47.788],[7.553,47.878],[7.624,47.977],[7.569,48.045],[7.579,48.12],[7.683,48.242],[7.696,48.305],[7.751,48.337],[7.737,48.399],[7.809,48.517],[7.801,48.589],[7.831,48.642],[7.944,48.705],[7.966,48.753],[8.092,48.804],[8.139,48.896],[8.224,48.97],[8.079,48.989],[7.939,49.049],[7.652,49.045],[7.543,49.087],[7.487,49.164],[7.424,49.177],[7.288,49.111],[7.105,49.15],[7.044,49.112],[7.027,49.189],[6.931,49.221],[6.848,49.215],[6.839,49.155],[6.727,49.167],[6.729,49.216],[6.693,49.215],[6.573,49.335],[6.595,49.363],[6.541,49.426],[6.416,49.476],[6.362,49.459],[6.359,49.574],[6.432,49.641],[6.421,49.666],[6.509,49.708],[6.524,49.809],[6.322,49.84],[6.234,49.898],[6.215,49.949],[6.173,49.952],[6.113,50.059],[6.138,50.17],[6.188,50.183],[6.164,50.221],[6.287,50.273],[6.31,50.317],[6.361,50.306],[7,50.583],[8.244,50.8],[7.883,51],[7.967,51.067],[8.267,51.083],[8.767,51.333],[9.936,51.333],[10.7,51.567],[11.146,51.758],[11.07,52.374],[11.258,54.133],[12,54.45]]]}},{"type":"Feature","properties":{"icao":"EDWW","name":"FIR BREMEN","label":[10.662,53.278]},"geometry":{"type":"MultiLineString","coordinates":[[[7.006,53.318],[6.901,53.448],[6.5,53.667],[6.5,55],[8,55],[8.403,55.071],[8.556,54.991],[8.557,54.925],[8.699,54.893],[8.941,54.906],[9.224,54.854],[9.254,54.809],[9.445,54.825],[9.586,54.882],[9.727,54.826],[9.897,54.843],[10.05,54.767],[10.5,54.655],[11,54.641],[11.5,54.497],[11.833,54.45],[12,54.45],[12.85,54.917],[14.358,54.917],[14.255,54.127],[14.201,54.126],[14.243,53.988],[14.219,53.869],[14.318,53.618],[14.308,53.546],[14.378,53.452],[14.45,53.259],[14.383,53.196],[14.352,53.053],[14.149,52.963],[14.166,52.878],[14.126,52.845],[14.349,52.752],[14.64,52.572],[14.609,52.527],[14.636,52.491],[14.534,52.395],[14.582,52.286],[14.711,52.244],[14.687,52.114],[14.761,52.07],[14.692,51.899],[14.599,51.821],[14.714,51.699],[13.75,51.508],[13.1,51.508],[12.64,51.625],[12.202,51.876],[12,51.907],[11.208,51.841],[10.7,51.567],[10.388,51.334],[8.767,51.333],[9,51.667],[9,52.133],[8,52.117],[8,52.283],[7.053,52.238],[7.028,52.28],[7.066,52.386],[6.991,52.46],[6.946,52.434],[6.706,52.486],[6.689,52.549],[6.759,52.565],[6.72,52.587],[6.719,52.627],[6.757,52.649],[7.048,52.639],[7.07,52.815],[7.216,53.009],[7.186,53.131],[7.218,53.208],[7.196,53.299],[7.006,53.318]]]}},{"type":"Feature","properties":{"icao":"EETN","name":"FIR TALLINN","label":[24.642,58.731]},"geometry":{"type":"MultiLineString","coordinates":[[[27.533,58.454],[27.542,58.367],[27.465,58.298],[27.477,58.209],[27.677,58.074],[27.642,58.021],[27.697,58.001],[27.684,57.926],[27.823,57.87],[27.546,57.818],[27.573,57.803],[27.516,57.773],[27.527,57.723],[27.401,57.678],[27.414,57.633],[27.348,57.596],[27.372,57.536],[27.347,57.522],[27.081,57.564],[27.019,57.611],[26.898,57.634],[26.829,57.582],[26.511,57.526],[26.46,57.571],[26.299,57.611],[26.18,57.722],[26.034,57.788],[26.031,57.85],[25.801,57.866],[25.749,57.931],[25.623,57.916],[25.576,57.967],[25.466,57.992],[25.422,58.036],[25.348,58.037],[25.295,58.084],[25.263,58.069],[25.3,58.014],[25.247,57.992],[25.18,58.07],[25.092,58.072],[24.839,57.982],[24.754,58.001],[24.707,57.956],[24.543,57.952],[24.402,57.871],[24.315,57.872],[24.261,57.917],[23.601,57.899],[23.649,57.783],[23.582,57.67],[23.406,57.594],[23.181,57.586],[22.708,57.941],[22.584,57.927],[22.143,57.779],[21.916,57.749],[21.717,57.787],[21.613,57.895],[21.483,58.117],[20.643,58.413],[21,59],[24.883,59.883],[25.333,59.917],[25.867,59.883],[27.637,59.612],[28.17,59.398],[28.195,59.369],[28.158,59.298],[27.913,59.272],[27.725,58.988],[27.494,58.882],[27.429,58.819],[27.533,58.454]]]}},{"type":"Feature","properties":{"icao":"EETN","name":"UIR TALLINN","label":[24.642,58.731]},"geometry":{"type":"MultiLineString","coordinates":[[[27.533,58.454],[27.542,58.367],[27.465,58.298],[27.477,58.209],[27.677,58.074],[27.642,58.021],[27.697,58.001],[27.684,57.926],[27.823,57.87],[27.546,57.818],[27.573,57.803],[27.516,57.773],[27.527,57.723],[27.401,57.678],[27.414,57.633],[27.348,57.596],[27.372,57.536],[27.347,57.522],[27.081,57.564],[27.019,57.611],[26.898,57.634],[26.829,57.582],[26.511,57.526],[26.46,57.571],[26.299,57.611],[26.18,57.722],[26.034,57.788],[26.031,57.85],[25.801,57.866],[25.749,57.931],[25.623,57.916],[25.576,57.967],[25.466,57.992],[25.422,58.036],[25.348,58.037],[25.295,58.084],[25.263,58.069],[25.3,58.014],[25.247,57.992],[25.18,58.07],[25.092,58.072],[24.839,57.982],[24.754,58.001],[24.707,57.956],[24.543,57.952],[24.402,57.871],[24.315,57.872],[24.261,57.917],[23.601,57.899],[23.649,57.783],[23.582,57.67],[23.406,57.594],[23.181,57.586],[22.708,57.941],[22.584,57.927],[22.143,57.779],[21.916,57.749],[21.717,57.787],[21.613,57.895],[21.483,58.117],[20.643,58.413],[21,59],[24.883,59.883],[25.333,59.917],[25.867,59.883],[27.637,59.612],[28.17,59.398],[28.195,59.369],[28.158,59.298],[27.913,59.272],[27.725,58.988],[27.494,58.882],[27.429,58.819],[27.533,58.454]]]}},{"type":"Feature","properties":{"icao":"EFIN","name":"FIR FINLAND","label":[25.482,63.998]},"geometry":{"type":"MultiLineString","coordinates":[[[27.944,70.08],[27.998,69.994],[28.152,69.916],[28.323,69.887],[28.38,69.828],[29.099,69.708],[29.3,69.486],[28.819,69.232],[28.787,69.119],[28.957,69.052],[28.439,68.908],[28.462,68.875],[28.738,68.876],[28.821,68.844],[28.739,68.734],[28.457,68.532],[28.697,68.193],[29.357,68.082],[29.692,67.815],[30.029,67.695],[29.99,67.672],[29.978,67.572],[29.933,67.514],[29.546,67.311],[29.157,67.031],[29.088,66.97],[29.075,66.88],[29.35,66.682],[29.421,66.585],[29.548,66.496],[29.639,66.322],[29.91,66.127],[29.977,65.981],[30.097,65.833],[30.134,65.719],[30.124,65.665],[30.024,65.691],[29.722,65.638],[29.86,65.566],[29.746,65.514],[29.747,65.342],[29.596,65.249],[29.854,65.216],[29.87,65.187],[29.823,65.149],[29.874,65.121],[29.629,65.063],[29.607,65.002],[29.637,64.928],[29.805,64.794],[30.141,64.774],[30.121,64.731],[30.197,64.686],[30.199,64.65],[29.975,64.581],[30.01,64.513],[30.087,64.483],[30.052,64.405],[30.156,64.354],[30.39,64.309],[30.578,64.221],[30.547,64.18],[30.611,64.102],[30.595,64.047],[30.345,63.91],[30.256,63.818],[29.993,63.744],[30.482,63.479],[30.796,63.402],[30.962,63.31],[31.22,63.223],[31.282,63.109],[31.524,62.978],[31.589,62.914],[31.468,62.806],[31.26,62.508],[30.94,62.307],[30.65,62.195],[29.991,61.729],[29.832,61.653],[29.809,61.608],[29.526,61.483],[29.486,61.426],[29.214,61.253],[28.821,61.107],[28.639,60.966],[28.521,60.952],[28.158,60.77],[27.3,60.2],[26.55,60.133],[25.867,59.883],[25.333,59.917],[24.883,59.883],[21,59],[19.983,59.567],[19.083,60.2],[19.133,60.3],[19.5,61.667],[20.167,63.167],[20.667,63.475],[21.5,63.617],[22.9,64.683],[24.133,65.517],[24.167,65.831],[24.061,65.934],[24.037,66.016],[23.926,66.14],[23.722,66.2],[23.639,66.431],[23.725,66.501],[23.879,66.557],[23.89,66.743],[24.008,66.801],[23.572,67.157],[23.61,67.202],[23.584,67.224],[23.606,67.259],[23.773,67.314],[23.745,67.368],[23.768,67.416],[23.487,67.438],[23.429,67.476],[23.472,67.556],[23.554,67.587],[23.481,67.727],[23.483,67.863],[23.645,67.913],[23.657,67.951],[23.394,68.042],[23.307,68.139],[23.151,68.123],[23.142,68.23],[22.824,68.388],[22.335,68.473],[22.051,68.479],[21.897,68.57],[21.758,68.577],[21.623,68.649],[21.466,68.678],[21.407,68.744],[21.302,68.756],[21.081,68.867],[20.895,68.894],[20.889,68.926],[20.939,68.958],[20.867,69.005],[20.549,69.06],[20.738,69.096],[21.059,69.034],[21.113,69.108],[21.042,69.161],[21.028,69.208],[21.055,69.229],[21.321,69.326],[21.682,69.285],[22.347,68.845],[22.398,68.711],[22.55,68.738],[22.803,68.691],[23.064,68.696],[23.225,68.63],[23.693,68.712],[23.83,68.83],[23.976,68.832],[24.351,68.711],[24.754,68.66],[24.909,68.56],[24.955,68.604],[25.103,68.635],[25.155,68.768],[25.214,68.817],[25.431,68.891],[25.623,68.884],[25.809,69.011],[25.732,69.109],[25.713,69.255],[25.755,69.342],[25.834,69.384],[25.827,69.436],[25.874,69.486],[25.853,69.547],[25.957,69.59],[25.974,69.635],[25.942,69.667],[25.978,69.702],[26.156,69.742],[26.378,69.854],[26.471,69.935],[26.807,69.952],[27.069,69.909],[27.292,69.95],[27.3,69.991],[27.538,70.035],[27.573,70.069],[27.944,70.08]]]}},{"type":"Feature","properties":{"icao":"EFIN","name":"UIR FINLAND","label":[25.482,63.998]},"geometry":{"type":"MultiLineString","coordinates":[[[27.944,70.08],[27.998,69.994],[28.152,69.916],[28.323,69.887],[28.38,69.828],[29.099,69.708],[29.3,69.486],[28.819,69.232],[28.787,69.119],[28.957,69.052],[28.439,68.908],[28.462,68.875],[28.738,68.876],[28.821,68.844],[28.739,68.734],[28.457,68.532],[28.697,68.193],[29.357,68.082],[29.692,67.815],[30.029,67.695],[29.99,67.672],[29.978,67.572],[29.933,67.514],[29.546,67.311],[29.157,67.031],[29.088,66.97],[29.075,66.88],[29.35,66.682],[29.421,66.585],[29.548,66.496],[29.639,66.322],[29.91,66.127],[29.977,65.981],[30.097,65.833],[30.134,65.719],[30.124,65.665],[30.024,65.691],[29.722,65.638],[29.86,65.566],[29.746,65.514],[29.747,65.342],[29.596,65.249],[29.854,65.216],[29.87,65.187],[29.823,65.149],[29.874,65.121],[29.629,65.063],[29.607,65.002],[29.637,64.928],[29.805,64.794],[30.141,64.774],[30.121,64.731],[30.197,64.686],[30.199,64.65],[29.975,64.581],[30.01,64.513],[30.087,64.483],[30.052,64.405],[30.156,64.354],[30.39,64.309],[30.578,64.221],[30.547,64.18],[30.611,64.102],[30.595,64.047],[30.345,63.91],[30.256,63.818],[29.993,63.744],[30.482,63.479],[30.796,63.402],[30.962,63.31],[31.22,63.223],[31.282,63.109],[31.524,62.978],[31.589,62.914],[31.468,62.806],[31.26,62.508],[30.94,62.307],[30.65,62.195],[29.991,61.729],[29.832,61.653],[29.809,61.608],[29.526,61.483],[29.486,61.426],[29.214,61.253],[28.821,61.107],[28.639,60.966],[28.521,60.952],[28.158,60.77],[27.3,60.2],[26.55,60.133],[25.867,59.883],[25.333,59.917],[24.883,59.883],[21,59],[19.983,59.567],[19.087,60.192],[19.5,61.667],[20.167,63.167],[20.667,63.475],[21.5,63.617],[22.9,64.683],[24.133,65.517],[24.167,65.831],[24.061,65.934],[24.037,66.016],[23.926,66.14],[23.722,66.2],[23.639,66.431],[23.725,66.501],[23.879,66.557],[23.89,66.743],[24.008,66.801],[23.572,67.157],[23.61,67.202],[23.584,67.224],[23.606,67.259],[23.773,67.314],[23.745,67.368],[23.768,67.416],[23.487,67.438],[23.429,67.476],[23.472,67.556],[23.554,67.587],[23.481,67.727],[23.483,67.863],[23.645,67.913],[23.657,67.951],[23.394,68.042],[23.307,68.139],[23.151,68.123],[23.142,68.23],[22.824,68.388],[22.335,68.473],[22.051,68.479],[21.897,68.57],[21.758,68.577],[21.623,68.649],[21.466,68.678],[21.407,68.744],[21.302,68.756],[21.081,68.867],[20.895,68.894],[20.889,68.926],[20.939,68.958],[20.867,69.005],[20.549,69.06],[20.738,69.096],[21.059,69.034],[21.113,69.108],[21.042,69.161],[21.028,69.208],[21.055,69.229],[21.321,69.326],[21.682,69.285],[22.347,68.845],[22.398,68.711],[22.55,68.738],[22.803,68.691],[23.064,68.696],[23.225,68.63],[23.693,68.712],[23.83,68.83],[23.976,68.832],[24.351,68.711],[24.754,68.66],[24.909,68.56],[24.955,68.604],[25.103,68.635],[25.155,68.768],[25.214,68.817],[25.431,68.891],[25.623,68.884],[25.809,69.011],[25.732,69.109],[25.713,69.255],[25.755,69.342],[25.834,69.384],[25.827,69.436],[25.874,69.486],[25.853,69.547],[25.957,69.59],[25.974,69.635],[25.942,69.667],[25.978,69.702],[26.156,69.742],[26.378,69.854],[26.471,69.935],[26.807,69.952],[27.069,69.909],[27.292,69.95],[27.3,69.991],[27.538,70.035],[27.573,70.069],[27.944,70.08]]]}},{"type":"Feature","properties":{"icao":"EGGX","name":"FIR SHANWICK OCEANIC","label":[-19.976,52.828]},"geometry":{"type":"MultiLineString","coordinates":[[[-15,54],[-15,51],[-8,51],[-8,45],[-30,45],[-30,61],[-10,61],[-10,54.567],[-15,54]]]}},{"type":"Feature","properties":{"icao":"EGPX","name":"FIR SCOTTISH","label":[-3.469,57.663]},"geometry":{"type":"MultiLineString","coordinates":[[[5,57],[5,55],[-5.5,55],[-5.5,53.917],[-8.167,54.417],[-6.933,55.33],[-7.333,55.417],[-8.25,55.333],[-9,54.747],[-10,54.567],[-10,61],[0,61],[0,60],[5,57]]]}},{"type":"Feature","properties":{"icao":"EGPX","name":"UIR SCOTTISH","label":[-3.469,57.663]},"geometry":{"type":"MultiLineString","coordinates":[[[5,57],[5,55],[-5.5,55],[-5.5,53.917],[-8.167,54.417],[-6.933,55.33],[-7.333,55.417],[-8.25,55.333],[-9,54.747],[-10,54.567],[-10,61],[0,61],[0,60],[5,57]]]}},{"type":"Feature","properties":{"icao":"EGTT","name":"FIR LONDON","label":[-2.025,52.349]},"geometry":{"type":"MultiLineString","coordinates":[[[-2,50],[-8,48.833],[-8,51],[-5.5,52.333],[-5.5,55],[5,55],[2,51.5],[2,51.117],[1.467,51],[1.467,50.667],[-0.25,50],[-2,50]]]}},{"type":"Feature","properties":{"icao":"EGTT","name":"UIR LONDON","label":[-2.025,52.349]},"geometry":{"type":"MultiLineString","coordinates":[[[-2,50],[-8,48.833],[-8,51],[-5.5,52.333],[-5.5,55],[5,55],[2,51.5],[2,51.117],[1.467,51],[1.467,50.667],[-0.25,50],[-2,50]]]}},{"type":"Feature","properties":{"icao":"EHAA","name":"FIR AMSTERDAM","label":[4.98,52.862]},"geometry":{"type":"MultiLineString","coordinates":[[[7.059,52.664],[7.031,52.633],[6.757,52.649],[6.719,52.627],[6.72,52.587],[6.759,52.565],[6.689,52.549],[6.706,52.486],[6.764,52.459],[6.946,52.434],[6.991,52.46],[7.071,52.359],[7.029,52.287],[7.052,52.236],[6.988,52.224],[6.861,52.12],[6.763,52.116],[6.692,52.067],[6.688,52.039],[6.826,51.989],[6.789,51.928],[6.467,51.854],[6.396,51.867],[6.404,51.828],[6.155,51.906],[6.11,51.893],[6.167,51.838],[6.058,51.863],[5.948,51.825],[5.987,51.767],[5.953,51.741],[6.039,51.717],[6.036,51.672],[6.116,51.652],[6.094,51.604],[6.202,51.517],[6.222,51.466],[6.222,51.362],[6.076,51.24],[6.084,51.172],[6.164,51.194],[6.143,51.172],[6.17,51.157],[5.952,51.037],[5.907,51.064],[5.865,51.046],[5.892,50.973],[6.026,50.978],[6.015,50.932],[6.08,50.916],[6.072,50.854],[5.978,50.798],[6.012,50.757],[5.814,50.757],[5.775,50.782],[5.699,50.758],[5.702,50.806],[5.641,50.84],[5.65,50.877],[5.759,50.949],[5.723,50.965],[5.764,50.99],[5.803,51.093],[5.84,51.099],[5.816,51.118],[5.849,51.156],[5.563,51.222],[5.558,51.264],[5.511,51.294],[5.228,51.265],[5.238,51.308],[5.14,51.321],[5.077,51.395],[5.104,51.435],[5.041,51.487],[4.93,51.399],[4.783,51.415],[4.84,51.421],[4.846,51.477],[4.788,51.503],[4.651,51.423],[4.542,51.427],[4.549,51.483],[4.487,51.481],[4.394,51.45],[4.428,51.362],[4.252,51.375],[4.161,51.294],[3.898,51.205],[3.796,51.22],[3.793,51.262],[3.608,51.304],[3.525,51.288],[3.521,51.248],[3.439,51.244],[3.381,51.274],[3.371,51.374],[2,51.5],[5,55],[6.5,55],[6.5,53.667],[6.901,53.448],[7.006,53.318],[7.196,53.299],[7.218,53.208],[7.186,53.131],[7.216,53.009],[7.07,52.815],[7.059,52.664]]]}},{"type":"Feature","properties":{"icao":"EHAA","name":"UIR AMSTERDAM","label":[4.98,52.862]},"geometry":{"type":"MultiLineString","coordinates":[[[7.059,52.664],[7.031,52.633],[6.757,52.649],[6.719,52.627],[6.72,52.587],[6.759,52.565],[6.689,52.549],[6.706,52.486],[6.764,52.459],[6.946,52.434],[6.991,52.46],[7.071,52.359],[7.029,52.287],[7.052,52.236],[6.988,52.224],[6.861,52.12],[6.763,52.116],[6.692,52.067],[6.688,52.039],[6.826,51.989],[6.789,51.928],[6.467,51.854],[6.396,51.867],[6.404,51.828],[6.155,51.906],[6.11,51.893],[6.167,51.838],[6.058,51.863],[5.948,51.825],[5.987,51.767],[5.953,51.741],[6.039,51.717],[6.036,51.672],[6.116,51.652],[6.094,51.604],[6.202,51.517],[6.222,51.466],[6.222,51.362],[6.076,51.24],[6.084,51.172],[6.164,51.194],[6.143,51.172],[6.17,51.157],[5.952,51.037],[5.907,51.064],[5.865,51.046],[5.892,50.973],[6.026,50.978],[6.015,50.932],[6.08,50.916],[6.072,50.854],[5.978,50.798],[6.012,50.757],[5.814,50.757],[5.775,50.782],[5.699,50.758],[5.702,50.806],[5.641,50.84],[5.65,50.877],[5.759,50.949],[5.723,50.965],[5.764,50.99],[5.803,51.093],[5.84,51.099],[5.816,51.118],[5.849,51.156],[5.563,51.222],[5.558,51.264],[5.511,51.294],[5.228,51.265],[5.238,51.308],[5.14,51.321],[5.077,51.395],[5.104,51.435],[5.041,51.487],[4.93,51.399],[4.783,51.415],[4.84,51.421],[4.846,51.477],[4.788,51.503],[4.651,51.423],[4.542,51.427],[4.549,51.483],[4.487,51.481],[4.394,51.45],[4.428,51.362],[4.252,51.375],[4.161,51.294],[3.898,51.205],[3.796,51.22],[3.793,51.262],[3.608,51.304],[3.525,51.288],[3.521,51.248],[3.439,51.244],[3.381,51.274],[3.371,51.374],[2,51.5],[5,55],[6.5,55],[6.5,53.667],[6.901,53.448],[7.006,53.318],[7.196,53.299],[7.218,53.208],[7.186,53.131],[7.216,53.009],[7.07,52.815],[7.059,52.664]]]}},{"type":"Feature","properties":{"icao":"EISN","name":"FIR SHANNON","label":[-10.37,52.808]},"geometry":{"type":"MultiLineString","coordinates":[[[-8,51],[-15,51],[-15,54],[-10,54.567],[-9,54.747],[-8.25,55.333],[-7.333,55.417],[-6.933,55.33],[-8.167,54.417],[-5.5,53.917],[-5.5,52.333],[-8,51]]]}},{"type":"Feature","properties":{"icao":"EISN","name":"UIR SHANNON","label":[-10.37,52.808]},"geometry":{"type":"MultiLineString","coordinates":[[[-8,51],[-15,51],[-15,54],[-10,54.567],[-9,54.747],[-8.25,55.333],[-7.333,55.417],[-6.933,55.33],[-8.167,54.417],[-5.5,53.917],[-5.5,52.333],[-8,51]]]}},{"type":"Feature","properties":{"icao":"EKDK","name":"FIR KOBENHAVN","label":[9.083,56.152]},"geometry":{"type":"MultiLineString","coordinates":[[[12.644,55.333],[12.85,54.917],[12,54.45],[11.667,54.461],[11,54.641],[10.5,54.655],[10.05,54.767],[9.897,54.843],[9.727,54.826],[9.609,54.856],[9.613,54.882],[9.445,54.825],[9.254,54.809],[9.224,54.854],[8.941,54.906],[8.699,54.893],[8.557,54.925],[8.556,54.991],[8.403,55.071],[8,55],[5,55],[5,57],[7.5,57],[10.5,58.5],[12.368,56.215],[12.663,56.004],[12.71,55.823],[12.898,55.639],[12.612,55.427],[12.644,55.333]]]}},{"type":"Feature","properties":{"icao":"ENOB","name":"FIR BODO OCEANIC","label":[13.19,74.849]},"geometry":{"type":"MultiLineString","coordinates":[[[3.959,63],[0,63],[0,82],[30,82],[30,71],[28,71.333],[25,71.333],[17.988,70.476],[15,70],[9.423,67.25],[7.708,66.211],[7,65.75],[6.267,65.133],[5.015,64],[4,63],[3.959,63]]]}},{"type":"Feature","properties":{"icao":"ENOR","name":"FIR NORWAY","label":[11.54,64.28]},"geometry":{"type":"MultiLineString","coordinates":[[[31.717,70.367],[30.833,69.8],[30.901,69.742],[30.898,69.706],[30.955,69.681],[30.92,69.553],[30.797,69.53],[30.529,69.546],[30.204,69.664],[30.103,69.663],[30.073,69.631],[30.143,69.628],[30.185,69.583],[30.098,69.503],[29.945,69.431],[29.31,69.315],[29.322,69.246],[29.254,69.12],[29.063,69.029],[28.828,69.094],[28.782,69.15],[28.827,69.238],[29.3,69.48],[29.107,69.704],[28.38,69.828],[28.323,69.887],[28.152,69.916],[27.998,69.994],[27.927,70.087],[27.599,70.072],[27.3,69.991],[27.292,69.95],[27.069,69.909],[26.807,69.952],[26.471,69.935],[26.378,69.854],[26.156,69.742],[25.978,69.702],[25.942,69.667],[25.974,69.635],[25.957,69.59],[25.853,69.547],[25.874,69.486],[25.827,69.436],[25.834,69.384],[25.755,69.342],[25.713,69.255],[25.732,69.109],[25.809,69.011],[25.623,68.884],[25.431,68.891],[25.214,68.817],[25.155,68.768],[25.103,68.635],[24.955,68.604],[24.909,68.56],[24.754,68.66],[24.351,68.711],[23.976,68.832],[23.83,68.83],[23.693,68.712],[23.225,68.63],[23.064,68.696],[22.803,68.691],[22.55,68.738],[22.398,68.711],[22.347,68.845],[21.682,69.285],[21.321,69.326],[21.032,69.213],[21.054,69.141],[21.113,69.108],[21.059,69.034],[20.738,69.096],[20.549,69.06],[20.097,69.042],[20.315,68.928],[20.35,68.787],[20.203,68.662],[19.956,68.544],[20.211,68.482],[19.938,68.337],[18.952,68.488],[18.612,68.475],[18.358,68.539],[18.091,68.508],[18.046,68.409],[18.155,68.166],[17.884,67.946],[17.274,68.091],[17.188,68.03],[16.727,67.899],[16.577,67.666],[16.508,67.609],[16.383,67.516],[16.192,67.5],[16.086,67.412],[16.361,67.238],[16.406,67.163],[16.354,67.018],[16.01,66.891],[15.626,66.606],[15.363,66.48],[15.468,66.284],[15.025,66.15],[14.505,66.132],[14.635,65.827],[14.535,65.703],[14.501,65.586],[14.493,65.314],[14.369,65.247],[14.268,65.072],[13.663,64.583],[13.862,64.512],[14.116,64.471],[14.155,64.186],[13.988,64.018],[13.23,64.093],[12.938,64.053],[12.668,63.963],[12.275,63.653],[12.139,63.584],[12.195,63.485],[11.936,63.272],[12.169,63.016],[12.029,62.892],[12.089,62.749],[12.012,62.601],[12.048,62.591],[12.296,62.262],[12.124,61.729],[12.407,61.573],[12.53,61.566],[12.856,61.362],[12.655,61.062],[12.408,61.054],[12.21,61.002],[12.319,60.884],[12.386,60.751],[12.499,60.646],[12.511,60.589],[12.594,60.517],[12.603,60.443],[12.488,60.295],[12.508,60.169],[12.462,60.064],[12.14,59.888],[11.957,59.897],[11.815,59.846],[11.891,59.795],[11.903,59.708],[11.666,59.595],[11.798,59.245],[11.754,59.188],[11.751,59.09],[11.681,59.025],[11.627,58.909],[11.432,58.889],[11.429,58.988],[11.315,59.101],[11.166,59.064],[11.115,58.992],[11.183,58.984],[11.107,58.95],[10.639,58.892],[10.5,58.5],[7.5,57],[5,57],[3.013,58.278],[1.654,59.084],[0,60],[0,63],[4,63],[5.015,64],[6.267,65.133],[7,65.75],[7.708,66.211],[9.423,67.25],[15,70],[17.988,70.476],[25,71.333],[28,71.333],[30,71],[31.717,70.367]]]}},{"type":"Feature","properties":{"icao":"EPWW","name":"FIR WARSZAWA","label":[19.172,52.352]},"geometry":{"type":"MultiLineString","coordinates":[[[14.357,54.917],[14.544,54.829],[14.745,54.8],[14.947,54.829],[15.136,54.917],[15.867,54.917],[17.55,55.85],[19.651,54.456],[21.412,54.326],[22.63,54.349],[22.776,54.361],[22.87,54.408],[22.993,54.388],[23.062,54.352],[23.047,54.32],[23.081,54.302],[23.142,54.311],[23.233,54.258],[23.333,54.247],[23.484,54.138],[23.518,54.03],[23.475,53.991],[23.51,53.957],[23.543,53.791],[23.585,53.748],[23.64,53.559],[23.815,53.254],[23.911,53.167],[23.878,53.076],[23.933,53.014],[23.915,52.919],[23.941,52.732],[23.754,52.616],[23.597,52.596],[23.397,52.514],[23.165,52.282],[23.206,52.225],[23.493,52.174],[23.515,52.124],[23.639,52.079],[23.673,51.991],[23.612,51.914],[23.595,51.834],[23.628,51.801],[23.556,51.749],[23.539,51.593],[23.564,51.539],[23.654,51.485],[23.639,51.449],[23.693,51.405],[23.636,51.301],[23.867,51.149],[23.863,51.098],[23.966,50.949],[24.145,50.858],[24.115,50.831],[23.973,50.828],[23.952,50.795],[24.08,50.705],[24.133,50.544],[24.026,50.494],[23.992,50.407],[23.704,50.378],[23.677,50.324],[23.146,49.983],[22.681,49.572],[22.656,49.52],[22.76,49.295],[22.7,49.166],[22.735,49.177],[22.876,49.09],[22.869,49.002],[22.769,49.053],[22.674,49.044],[22.598,49.091],[22.418,49.097],[22.355,49.137],[22.23,49.149],[22.223,49.179],[22.038,49.211],[21.957,49.341],[21.833,49.385],[21.776,49.356],[21.619,49.436],[21.459,49.411],[21.279,49.457],[21.203,49.405],[21.076,49.424],[21.049,49.405],[21.098,49.366],[20.916,49.296],[20.869,49.335],[20.812,49.331],[20.701,49.418],[20.567,49.378],[20.451,49.413],[20.399,49.382],[20.333,49.401],[20.308,49.343],[20.144,49.315],[20.081,49.175],[19.936,49.231],[19.789,49.197],[19.774,49.233],[19.827,49.278],[19.798,49.301],[19.79,49.407],[19.638,49.403],[19.652,49.451],[19.579,49.457],[19.533,49.567],[19.466,49.61],[19.371,49.536],[19.244,49.509],[19.201,49.409],[18.978,49.397],[18.979,49.5],[18.85,49.519],[18.81,49.674],[18.634,49.719],[18.575,49.823],[18.612,49.859],[18.576,49.874],[18.577,49.914],[18.512,49.9],[18.354,49.939],[18.32,49.912],[18.196,49.992],[18.109,50],[18.042,50.059],[18.013,50.047],[18.05,50.006],[17.836,49.991],[17.738,50.083],[17.75,50.102],[17.658,50.108],[17.598,50.158],[17.762,50.206],[17.734,50.26],[17.753,50.298],[17.723,50.32],[17.657,50.27],[17.442,50.248],[17.405,50.28],[17.361,50.265],[17.354,50.322],[17.284,50.32],[17.202,50.387],[16.89,50.439],[16.869,50.405],[16.943,50.316],[17.014,50.287],[17.03,50.229],[16.85,50.203],[16.725,50.1],[16.642,50.108],[16.564,50.165],[16.546,50.229],[16.441,50.317],[16.39,50.323],[16.362,50.377],[16.282,50.367],[16.206,50.424],[16.311,50.504],[16.407,50.523],[16.413,50.567],[16.448,50.573],[16.342,50.661],[16.238,50.671],[16.188,50.629],[16.109,50.661],[16.01,50.602],[15.993,50.684],[15.871,50.67],[15.816,50.749],[15.695,50.737],[15.437,50.811],[15.38,50.779],[15.364,50.841],[15.283,50.891],[15.295,50.954],[15.239,50.992],[15.182,50.979],[15.173,51.019],[15.142,50.989],[15.022,51.028],[14.982,51.003],[15.021,50.968],[15.005,50.867],[14.828,50.866],[14.966,51.054],[15.039,51.272],[14.972,51.356],[14.954,51.47],[14.736,51.528],[14.715,51.558],[14.76,51.604],[14.755,51.67],[14.667,51.724],[14.649,51.787],[14.599,51.819],[14.692,51.899],[14.761,52.07],[14.687,52.114],[14.711,52.244],[14.582,52.286],[14.534,52.395],[14.636,52.491],[14.609,52.527],[14.641,52.57],[14.349,52.752],[14.126,52.845],[14.166,52.878],[14.149,52.963],[14.352,53.053],[14.383,53.196],[14.45,53.259],[14.378,53.452],[14.308,53.546],[14.318,53.618],[14.193,53.914],[14.224,53.924],[14.242,53.988],[14.201,54.126],[14.256,54.128],[14.357,54.917]]]}},{"type":"Feature","properties":{"icao":"ESAA","name":"FIR SWEDEN","label":[17.077,61.928]},"geometry":{"type":"MultiLineString","coordinates":[[[12.85,54.917],[12.612,55.427],[12.898,55.639],[12.71,55.823],[12.663,56.004],[12.368,56.215],[10.5,58.5],[10.639,58.892],[11.107,58.95],[11.183,58.984],[11.115,58.992],[11.166,59.064],[11.315,59.101],[11.429,58.988],[11.432,58.889],[11.627,58.909],[11.681,59.025],[11.751,59.09],[11.754,59.188],[11.798,59.245],[11.666,59.595],[11.903,59.708],[11.891,59.795],[11.815,59.846],[11.957,59.897],[12.14,59.888],[12.462,60.064],[12.508,60.169],[12.488,60.295],[12.59,60.399],[12.594,60.517],[12.511,60.589],[12.499,60.646],[12.386,60.751],[12.319,60.884],[12.21,61.002],[12.408,61.054],[12.655,61.062],[12.856,61.362],[12.53,61.566],[12.407,61.573],[12.124,61.729],[12.296,62.262],[12.048,62.591],[12.012,62.601],[12.089,62.749],[12.029,62.892],[12.169,63.016],[11.936,63.272],[12.195,63.485],[12.139,63.584],[12.275,63.653],[12.653,63.956],[12.938,64.053],[13.23,64.093],[13.988,64.018],[14.155,64.186],[14.116,64.471],[13.862,64.512],[13.663,64.583],[14.268,65.072],[14.369,65.247],[14.493,65.314],[14.501,65.586],[14.535,65.703],[14.635,65.827],[14.505,66.132],[15.025,66.15],[15.468,66.284],[15.363,66.48],[15.626,66.606],[16.01,66.891],[16.354,67.018],[16.406,67.163],[16.361,67.238],[16.086,67.412],[16.192,67.5],[16.383,67.516],[16.508,67.609],[16.577,67.666],[16.727,67.899],[17.188,68.03],[17.274,68.091],[17.884,67.946],[18.155,68.166],[18.046,68.409],[18.091,68.508],[18.358,68.539],[18.612,68.475],[18.952,68.488],[19.938,68.337],[20.211,68.482],[19.956,68.544],[20.203,68.662],[20.35,68.787],[20.315,68.928],[20.097,69.042],[20.549,69.06],[20.867,69.005],[20.939,68.958],[20.889,68.926],[20.895,68.894],[21.081,68.867],[21.302,68.756],[21.407,68.744],[21.466,68.678],[21.623,68.649],[21.758,68.577],[21.897,68.57],[22.051,68.479],[22.335,68.473],[22.824,68.388],[23.142,68.23],[23.151,68.123],[23.307,68.139],[23.394,68.042],[23.657,67.951],[23.645,67.913],[23.483,67.863],[23.481,67.727],[23.554,67.587],[23.472,67.556],[23.429,67.476],[23.487,67.438],[23.768,67.416],[23.745,67.368],[23.773,67.314],[23.606,67.259],[23.584,67.224],[23.61,67.202],[23.572,67.157],[24.008,66.801],[23.89,66.743],[23.879,66.557],[23.725,66.501],[23.639,66.431],[23.722,66.2],[23.926,66.14],[24.037,66.016],[24.061,65.934],[24.167,65.831],[24.133,65.517],[22.9,64.683],[21.5,63.617],[20.667,63.475],[20.167,63.167],[19.5,61.667],[19.087,60.192],[19.983,59.567],[21,59],[19.833,57],[17.55,55.85],[15.867,54.917],[15.133,54.917],[14.946,54.829],[14.743,54.799],[14.547,54.828],[14.357,54.917],[12.85,54.917]]]}},{"type":"Feature","properties":{"icao":"EVRR","name":"FIR RIGA","label":[23.74,56.966]},"geometry":{"type":"MultiLineString","coordinates":[[[21.843,57.763],[22.143,57.779],[22.584,57.927],[22.708,57.941],[23.181,57.586],[23.406,57.594],[23.582,57.67],[23.649,57.783],[23.601,57.899],[24.261,57.917],[24.315,57.872],[24.402,57.871],[24.543,57.952],[24.707,57.956],[24.754,58.001],[24.839,57.982],[25.092,58.072],[25.18,58.07],[25.247,57.992],[25.3,58.014],[25.263,58.069],[25.302,58.083],[25.348,58.037],[25.422,58.036],[25.466,57.992],[25.576,57.967],[25.623,57.916],[25.749,57.931],[25.801,57.866],[26.031,57.85],[26.034,57.788],[26.18,57.722],[26.299,57.611],[26.46,57.571],[26.524,57.523],[26.609,57.527],[26.719,57.582],[26.829,57.582],[26.898,57.634],[27.019,57.611],[27.081,57.564],[27.338,57.523],[27.547,57.536],[27.527,57.439],[27.866,57.288],[27.841,57.164],[27.701,57.119],[27.777,57.066],[27.64,56.848],[27.816,56.878],[27.939,56.824],[27.886,56.747],[28.005,56.691],[28.036,56.591],[28.152,56.554],[28.113,56.506],[28.19,56.441],[28.184,56.375],[28.237,56.263],[28.168,56.15],[28.118,56.167],[27.929,56.113],[27.796,56.025],[27.791,55.989],[27.647,55.924],[27.599,55.792],[27.351,55.826],[27.282,55.787],[27.156,55.846],[26.99,55.835],[26.85,55.711],[26.745,55.687],[26.662,55.706],[26.591,55.675],[26.339,55.726],[26.191,55.867],[25.715,56.09],[25.691,56.15],[25.097,56.201],[24.9,56.451],[24.864,56.413],[24.653,56.366],[24.558,56.288],[24.449,56.27],[24.332,56.311],[24.163,56.261],[23.949,56.332],[23.609,56.364],[23.525,56.334],[23.32,56.38],[23.171,56.362],[23.096,56.306],[22.941,56.424],[22.691,56.357],[22.519,56.404],[22.067,56.419],[21.354,56.24],[21.244,56.168],[21.205,56.084],[20.667,56.067],[18.507,56.345],[19.833,57],[20.643,58.413],[21.483,58.117],[21.613,57.895],[21.717,57.787],[21.843,57.763]]]}},{"type":"Feature","properties":{"icao":"EVRR","name":"UIR RIGA","label":[23.74,56.966]},"geometry":{"type":"MultiLineString","coordinates":[[[21.843,57.763],[22.143,57.779],[22.584,57.927],[22.708,57.941],[23.181,57.586],[23.406,57.594],[23.582,57.67],[23.649,57.783],[23.601,57.899],[24.261,57.917],[24.315,57.872],[24.402,57.871],[24.543,57.952],[24.707,57.956],[24.754,58.001],[24.839,57.982],[25.092,58.072],[25.18,58.07],[25.247,57.992],[25.3,58.014],[25.263,58.069],[25.302,58.083],[25.348,58.037],[25.422,58.036],[25.466,57.992],[25.576,57.967],[25.623,57.916],[25.749,57.931],[25.801,57.866],[26.031,57.85],[26.034,57.788],[26.18,57.722],[26.299,57.611],[26.46,57.571],[26.524,57.523],[26.609,57.527],[26.719,57.582],[26.829,57.582],[26.898,57.634],[27.019,57.611],[27.081,57.564],[27.338,57.523],[27.547,57.536],[27.527,57.439],[27.866,57.288],[27.841,57.164],[27.701,57.119],[27.777,57.066],[27.64,56.848],[27.816,56.878],[27.939,56.824],[27.886,56.747],[28.005,56.691],[28.036,56.591],[28.152,56.554],[28.113,56.506],[28.19,56.441],[28.184,56.375],[28.237,56.263],[28.168,56.15],[28.118,56.167],[27.929,56.113],[27.796,56.025],[27.791,55.989],[27.647,55.924],[27.599,55.792],[27.351,55.826],[27.282,55.787],[27.156,55.846],[26.99,55.835],[26.85,55.711],[26.745,55.687],[26.662,55.706],[26.591,55.675],[26.339,55.726],[26.191,55.867],[25.715,56.09],[25.691,56.15],[25.097,56.201],[24.9,56.451],[24.864,56.413],[24.653,56.366],[24.558,56.288],[24.449,56.27],[24.332,56.311],[24.163,56.261],[23.949,56.332],[23.609,56.364],[23.525,56.334],[23.32,56.38],[23.171,56.362],[23.096,56.306],[22.941,56.424],[22.691,56.357],[22.519,56.404],[22.067,56.419],[21.354,56.24],[21.244,56.168],[21.205,56.084],[20.667,56.067],[18.507,56.345],[19.833,57],[20.643,58.413],[21.483,58.117],[21.613,57.895],[21.717,57.787],[21.843,57.763]]]}},{"type":"Feature","properties":{"icao":"EYVL","name":"FIR VILNIUS","label":[23.3,55.415]},"geometry":{"type":"MultiLineString","coordinates":[[[24.932,56.419],[25,56.296],[25.097,56.201],[25.691,56.15],[25.715,56.09],[26.191,55.867],[26.339,55.726],[26.613,55.675],[26.627,55.593],[26.545,55.511],[26.569,55.468],[26.456,55.341],[26.767,55.314],[26.82,55.281],[26.669,55.218],[26.616,55.125],[26.482,55.155],[26.45,55.133],[26.284,55.148],[26.161,54.977],[25.912,54.954],[25.789,54.87],[25.804,54.814],[25.737,54.789],[25.727,54.683],[25.764,54.579],[25.649,54.517],[25.636,54.427],[25.547,54.333],[25.582,54.312],[25.717,54.329],[25.727,54.291],[25.808,54.248],[25.785,54.161],[25.534,54.147],[25.505,54.183],[25.548,54.203],[25.518,54.226],[25.577,54.24],[25.499,54.304],[25.392,54.256],[25.218,54.264],[25.179,54.186],[25.082,54.137],[24.84,54.142],[24.796,54.101],[24.841,54.034],[24.821,53.977],[24.612,53.992],[24.381,53.888],[24.278,53.9],[24.176,53.967],[23.637,53.905],[23.504,53.947],[23.475,53.991],[23.518,54.03],[23.484,54.138],[23.35,54.239],[23.233,54.258],[23.142,54.311],[23.066,54.308],[23.062,54.352],[22.987,54.389],[22.856,54.409],[22.786,54.364],[22.694,54.473],[22.698,54.589],[22.741,54.728],[22.842,54.777],[22.869,54.823],[22.835,54.902],[22.756,54.921],[22.771,54.939],[22.732,54.962],[22.641,54.966],[22.599,55.071],[22.258,55.066],[22.05,55.03],[22.01,55.088],[21.863,55.092],[21.64,55.185],[21.504,55.193],[21.381,55.287],[21.264,55.249],[20.985,55.277],[18.021,56.094],[18.506,56.345],[20.667,56.067],[21.205,56.084],[21.244,56.168],[21.354,56.24],[22.067,56.419],[22.519,56.404],[22.691,56.357],[22.941,56.424],[23.096,56.306],[23.171,56.362],[23.32,56.38],[23.525,56.334],[23.609,56.364],[23.949,56.332],[24.163,56.261],[24.34,56.311],[24.48,56.27],[24.727,56.398],[24.864,56.413],[24.879,56.449],[24.932,56.419]]]}},{"type":"Feature","properties":{"icao":"EYVL","name":"UIR VILNIUS","label":[23.3,55.415]},"geometry":{"type":"MultiLineString","coordinates":[[[24.932,56.419],[25,56.296],[25.097,56.201],[25.691,56.15],[25.715,56.09],[26.191,55.867],[26.339,55.726],[26.613,55.675],[26.627,55.593],[26.545,55.511],[26.569,55.468],[26.456,55.341],[26.767,55.314],[26.82,55.281],[26.669,55.218],[26.616,55.125],[26.482,55.155],[26.45,55.133],[26.284,55.148],[26.161,54.977],[25.912,54.954],[25.789,54.87],[25.804,54.814],[25.737,54.789],[25.727,54.683],[25.764,54.579],[25.649,54.517],[25.636,54.427],[25.547,54.333],[25.582,54.312],[25.717,54.329],[25.727,54.291],[25.808,54.248],[25.785,54.161],[25.534,54.147],[25.505,54.183],[25.548,54.203],[25.518,54.226],[25.577,54.24],[25.499,54.304],[25.392,54.256],[25.218,54.264],[25.179,54.186],[25.082,54.137],[24.84,54.142],[24.796,54.101],[24.841,54.034],[24.821,53.977],[24.612,53.992],[24.381,53.888],[24.278,53.9],[24.176,53.967],[23.637,53.905],[23.504,53.947],[23.475,53.991],[23.518,54.03],[23.484,54.138],[23.35,54.239],[23.233,54.258],[23.142,54.311],[23.066,54.308],[23.062,54.352],[22.987,54.389],[22.856,54.409],[22.786,54.364],[22.694,54.473],[22.698,54.589],[22.741,54.728],[22.842,54.777],[22.869,54.823],[22.835,54.902],[22.756,54.921],[22.771,54.939],[22.732,54.962],[22.641,54.966],[22.599,55.071],[22.258,55.066],[22.05,55.03],[22.01,55.088],[21.863,55.092],[21.64,55.185],[21.504,55.193],[21.381,55.287],[21.264,55.249],[20.985,55.277],[18.021,56.094],[18.506,56.345],[20.667,56.067],[21.205,56.084],[21.244,56.168],[21.354,56.24],[22.067,56.419],[22.519,56.404],[22.691,56.357],[22.941,56.424],[23.096,56.306],[23.171,56.362],[23.32,56.38],[23.525,56.334],[23.609,56.364],[23.949,56.332],[24.163,56.261],[24.34,56.311],[24.48,56.27],[24.727,56.398],[24.864,56.413],[24.879,56.449],[24.932,56.419]]]}},{"type":"Feature","properties":{"icao":"FACA","name":"FIR CAPETOWN","label":[22.432,-33.833]},"geometry":{"type":"MultiLineString","coordinates":[[[21.25,-30.5],[23.75,-31.333],[28,-30.75],[32,-33],[28,-37],[15,-37],[15,-30.5],[21.25,-30.5]]]}},{"type":"Feature","properties":{"icao":"FAJA","name":"FIR JOHANNESBURG","label":[26.293,-28.019]},"geometry":{"type":"MultiLineString","coordinates":[[[29.67,-22.136],[29.933,-22.188],[30.126,-22.297],[30.231,-22.292],[30.307,-22.346],[30.908,-22.289],[31.089,-22.338],[31.166,-22.325],[31.262,-22.367],[31.304,-22.426],[31.562,-23.187],[31.551,-23.477],[31.684,-23.614],[31.77,-23.856],[31.876,-23.928],[31.886,-24.171],[32.016,-24.459],[31.988,-25.504],[32.02,-25.65],[31.982,-25.673],[31.919,-25.814],[31.969,-25.958],[32.09,-26.009],[32.103,-26.162],[32.061,-26.261],[32.072,-26.393],[32.129,-26.506],[32.133,-26.84],[32.89,-26.847],[35,-27.833],[32,-33],[28,-30.75],[23.75,-31.333],[21.25,-30.5],[15,-30.5],[15,-27.5],[21,-27.5],[21.003,-26.845],[21.144,-26.867],[21.411,-26.822],[21.667,-26.864],[21.771,-26.792],[21.77,-26.68],[22.056,-26.626],[22.249,-26.341],[22.354,-26.324],[22.416,-26.229],[22.479,-26.203],[22.533,-26.221],[22.661,-26.062],[22.658,-26.019],[22.713,-25.999],[22.731,-25.917],[22.703,-25.888],[22.768,-25.835],[22.73,-25.789],[22.817,-25.674],[22.838,-25.477],[22.878,-25.472],[22.91,-25.397],[23.015,-25.3],[23.071,-25.329],[23.194,-25.264],[23.414,-25.298],[23.453,-25.276],[23.496,-25.334],[23.743,-25.468],[23.905,-25.629],[23.998,-25.617],[24,-25.659],[24.189,-25.622],[24.349,-25.754],[24.446,-25.736],[24.677,-25.828],[24.898,-25.811],[25.029,-25.729],[25.152,-25.762],[25.351,-25.756],[25.524,-25.67],[25.585,-25.622],[25.671,-25.47],[25.769,-25.208],[25.874,-24.9],[25.867,-24.74],[26.411,-24.628],[26.555,-24.437],[26.721,-24.312],[26.845,-24.264],[26.97,-23.698],[27.006,-23.641],[27.039,-23.675],[27.067,-23.661],[27.062,-23.609],[27.145,-23.569],[27.131,-23.526],[27.198,-23.528],[27.192,-23.497],[27.289,-23.464],[27.345,-23.398],[27.376,-23.42],[27.413,-23.388],[27.427,-23.417],[27.453,-23.385],[27.526,-23.382],[27.601,-23.22],[27.645,-23.231],[27.698,-23.199],[27.743,-23.229],[27.786,-23.165],[27.774,-23.126],[27.809,-23.133],[27.943,-23.044],[27.939,-22.956],[28.033,-22.919],[28.043,-22.841],[28.156,-22.773],[28.18,-22.686],[28.351,-22.578],[28.634,-22.563],[28.829,-22.491],[28.848,-22.454],[28.911,-22.459],[29.025,-22.227],[29.173,-22.214],[29.221,-22.182],[29.531,-22.181],[29.549,-22.15],[29.67,-22.136]]]}},{"type":"Feature","properties":{"icao":"FAJO","name":"FIR JOHANNESBURG OCEANIC","label":[29.319,-60.016]},"geometry":{"type":"MultiLineString","coordinates":[[[10,-18],[10,-27.5],[15,-27.5],[15,-37],[28,-37],[32,-33],[35,-27.833],[40,-30],[57,-30],[57,-45],[75,-45],[75,-90],[-10,-90],[-10,-20],[-5,-18],[10,-18]]]}},{"type":"Feature","properties":{"icao":"FBGR","name":"FIR GABORONE","label":[23.251,-17.92]},"geometry":{"type":"MultiLineString","coordinates":[[[21,-17.957],[21.229,-17.935],[21.379,-18.015],[24.375,-17.473],[24.569,-17.534],[24.664,-17.494],[24.926,-17.539],[24.986,-17.586],[25.037,-17.585],[25.031,-17.616],[25.095,-17.651],[25.093,-17.679],[25.137,-17.685],[25.187,-17.76],[25.264,-17.802],[25.178,-17.781],[25.092,-17.83],[24.96,-17.801],[24.828,-17.839],[24.655,-17.948],[24.56,-18.057],[24.496,-18.059],[24.419,-17.955],[24.363,-17.949],[24.3,-18.03],[24.201,-18.019],[24.103,-18.111],[23.916,-18.201],[23.895,-18.262],[23.611,-18.485],[23.571,-18.467],[23.52,-18.267],[23.451,-18.202],[23.398,-18.194],[23.297,-17.996],[23.078,-18.004],[21.462,-18.304],[20.994,-18.318],[21,-17.957]]]}},{"type":"Feature","properties":{"icao":"FBGR","name":"FIR GABORONE","label":[23.796,-22.044]},"geometry":{"type":"MultiLineString","coordinates":[[[24.388,-17.474],[24.569,-17.534],[24.664,-17.494],[24.831,-17.516],[25.037,-17.585],[25.031,-17.616],[25.095,-17.651],[25.093,-17.679],[25.257,-17.789],[25.239,-17.913],[25.309,-18.066],[25.402,-18.135],[25.531,-18.404],[25.688,-18.573],[25.776,-18.619],[25.839,-18.829],[25.956,-18.914],[25.987,-18.988],[25.963,-19.106],[26.04,-19.206],[26.166,-19.528],[26.329,-19.581],[26.357,-19.617],[26.326,-19.654],[26.569,-19.785],[26.615,-19.858],[26.705,-19.882],[26.733,-19.932],[26.976,-20.011],[27.027,-20],[27.125,-20.073],[27.22,-20.092],[27.291,-20.242],[27.287,-20.495],[27.47,-20.465],[27.706,-20.498],[27.731,-20.748],[27.694,-20.863],[27.686,-21.071],[27.912,-21.318],[27.973,-21.445],[27.967,-21.507],[28.016,-21.566],[28.289,-21.587],[28.498,-21.662],[28.574,-21.632],[28.868,-21.754],[29.061,-21.798],[29.081,-21.825],[29.033,-21.957],[29.074,-22.038],[29.175,-22.08],[29.256,-22.065],[29.374,-22.192],[29.221,-22.182],[29.173,-22.214],[29.025,-22.227],[28.911,-22.459],[28.848,-22.454],[28.829,-22.491],[28.634,-22.563],[28.362,-22.574],[28.298,-22.609],[28.18,-22.686],[28.149,-22.78],[28.046,-22.837],[28.033,-22.919],[27.939,-22.956],[27.943,-23.044],[27.809,-23.133],[27.774,-23.126],[27.786,-23.165],[27.743,-23.229],[27.698,-23.199],[27.645,-23.231],[27.601,-23.22],[27.526,-23.382],[27.453,-23.385],[27.427,-23.417],[27.413,-23.388],[27.376,-23.42],[27.345,-23.398],[27.289,-23.464],[27.192,-23.497],[27.198,-23.528],[27.131,-23.526],[27.145,-23.569],[27.062,-23.609],[27.067,-23.661],[27.039,-23.675],[27.006,-23.641],[26.97,-23.698],[26.845,-24.264],[26.721,-24.312],[26.555,-24.437],[26.411,-24.628],[25.867,-24.74],[25.871,-24.911],[25.671,-25.47],[25.585,-25.622],[25.421,-25.729],[25.152,-25.762],[25.029,-25.729],[24.898,-25.811],[24.658,-25.825],[24.446,-25.736],[24.349,-25.754],[24.189,-25.622],[24,-25.659],[23.998,-25.617],[23.905,-25.629],[23.743,-25.468],[23.496,-25.334],[23.453,-25.276],[23.414,-25.298],[23.194,-25.264],[23.071,-25.329],[23.015,-25.3],[22.91,-25.397],[22.878,-25.472],[22.838,-25.477],[22.817,-25.674],[22.73,-25.789],[22.768,-25.835],[22.703,-25.888],[22.731,-25.917],[22.713,-25.999],[22.658,-26.019],[22.661,-26.062],[22.533,-26.221],[22.479,-26.203],[22.416,-26.229],[22.354,-26.324],[22.249,-26.341],[22.056,-26.626],[21.77,-26.68],[21.771,-26.792],[21.667,-26.864],[21.381,-26.821],[21.129,-26.866],[20.897,-26.795],[20.692,-26.896],[20.619,-26.768],[20.606,-26.683],[20.634,-26.59],[20.602,-26.536],[20.61,-26.454],[20.69,-26.39],[20.861,-26.134],[20.818,-26.062],[20.811,-25.883],[20.781,-25.821],[20.744,-25.825],[20.757,-25.782],[20.656,-25.623],[20.69,-25.591],[20.635,-25.53],[20.636,-25.487],[20.676,-25.463],[20.628,-25.466],[20.612,-25.399],[20.556,-25.38],[20.538,-25.288],[20.451,-25.202],[20.466,-25.167],[20.39,-25.037],[20.245,-24.919],[20.127,-24.882],[20.004,-24.773],[19.996,-22.001],[20.992,-21.997],[21,-17.957],[21.229,-17.935],[21.379,-18.015],[24.239,-17.478],[24.388,-17.474]],[[25.249,-17.796],[25.249,-17.796]]]}},{"type":"Feature","properties":{"icao":"FBGR","name":"FIR GABORONE","label":[23.814,-22.182]},"geometry":{"type":"MultiLineString","coordinates":[[[25,-17.827],[25.093,-17.83],[25.172,-17.782],[25.264,-17.802],[25.239,-17.913],[25.309,-18.066],[25.402,-18.135],[25.531,-18.404],[25.688,-18.573],[25.776,-18.619],[25.825,-18.808],[25.973,-18.946],[25.963,-19.106],[26.04,-19.206],[26.166,-19.528],[26.329,-19.581],[26.357,-19.617],[26.326,-19.654],[26.569,-19.785],[26.615,-19.858],[26.705,-19.882],[26.733,-19.932],[26.976,-20.011],[27.027,-20],[27.125,-20.073],[27.22,-20.092],[27.291,-20.242],[27.287,-20.495],[27.47,-20.465],[27.706,-20.498],[27.731,-20.748],[27.694,-20.863],[27.686,-21.071],[27.912,-21.318],[27.973,-21.445],[27.967,-21.507],[28.016,-21.566],[28.289,-21.587],[28.498,-21.662],[28.574,-21.632],[28.868,-21.754],[29.061,-21.798],[29.081,-21.825],[29.033,-21.957],[29.074,-22.038],[29.175,-22.08],[29.256,-22.065],[29.374,-22.192],[29.221,-22.182],[29.173,-22.214],[29.025,-22.227],[28.911,-22.459],[28.848,-22.454],[28.829,-22.491],[28.634,-22.563],[28.362,-22.574],[28.298,-22.609],[28.18,-22.686],[28.149,-22.78],[28.046,-22.837],[28.033,-22.919],[27.939,-22.956],[27.943,-23.044],[27.809,-23.133],[27.774,-23.126],[27.786,-23.165],[27.743,-23.229],[27.698,-23.199],[27.645,-23.231],[27.601,-23.22],[27.526,-23.382],[27.453,-23.385],[27.427,-23.417],[27.413,-23.388],[27.376,-23.42],[27.345,-23.398],[27.289,-23.464],[27.192,-23.497],[27.198,-23.528],[27.131,-23.526],[27.145,-23.569],[27.062,-23.609],[27.067,-23.661],[27.039,-23.675],[27.006,-23.641],[26.97,-23.698],[26.845,-24.264],[26.721,-24.312],[26.555,-24.437],[26.411,-24.628],[25.867,-24.74],[25.871,-24.911],[25.671,-25.47],[25.585,-25.622],[25.421,-25.729],[25.152,-25.762],[25.029,-25.729],[24.898,-25.811],[24.658,-25.825],[24.446,-25.736],[24.349,-25.754],[24.189,-25.622],[24,-25.659],[23.998,-25.617],[23.905,-25.629],[23.743,-25.468],[23.496,-25.334],[23.453,-25.276],[23.414,-25.298],[23.194,-25.264],[23.071,-25.329],[23.015,-25.3],[22.91,-25.397],[22.878,-25.472],[22.838,-25.477],[22.817,-25.674],[22.73,-25.789],[22.768,-25.835],[22.703,-25.888],[22.731,-25.917],[22.713,-25.999],[22.658,-26.019],[22.661,-26.062],[22.533,-26.221],[22.479,-26.203],[22.416,-26.229],[22.354,-26.324],[22.249,-26.341],[22.056,-26.626],[21.77,-26.68],[21.771,-26.792],[21.667,-26.864],[21.381,-26.821],[21.129,-26.866],[20.897,-26.795],[20.692,-26.896],[20.619,-26.768],[20.606,-26.683],[20.634,-26.59],[20.602,-26.536],[20.61,-26.454],[20.69,-26.39],[20.861,-26.134],[20.818,-26.062],[20.811,-25.883],[20.781,-25.821],[20.744,-25.825],[20.757,-25.782],[20.656,-25.623],[20.69,-25.591],[20.635,-25.53],[20.636,-25.487],[20.676,-25.463],[20.628,-25.466],[20.612,-25.399],[20.556,-25.38],[20.538,-25.288],[20.451,-25.202],[20.466,-25.167],[20.39,-25.037],[20.245,-24.919],[20.127,-24.882],[20.004,-24.773],[19.996,-22.001],[20.992,-21.997],[20.993,-18.318],[21.462,-18.304],[23.078,-18.004],[23.297,-17.996],[23.398,-18.194],[23.451,-18.202],[23.52,-18.267],[23.571,-18.467],[23.616,-18.485],[23.895,-18.262],[23.916,-18.201],[24.103,-18.111],[24.201,-18.019],[24.3,-18.03],[24.388,-17.946],[24.492,-18.057],[24.56,-18.057],[24.773,-17.866],[24.96,-17.801],[25,-17.827]]]}},{"type":"Feature","properties":{"icao":"FCCC","name":"FIR BRAZZAVILLE","label":[14.114,2.197]},"geometry":{"type":"MultiLineString","coordinates":[[[25.099,7.889],[25.186,7.902],[25.286,7.783],[25.296,7.65],[25.184,7.583],[25.207,7.497],[25.331,7.425],[25.366,7.348],[25.465,7.28],[25.531,7.278],[25.594,7.216],[25.814,7.147],[25.82,7.108],[26.048,6.998],[26.101,6.841],[26.175,6.813],[26.266,6.708],[26.405,6.646],[26.289,6.469],[26.314,6.458],[26.308,6.383],[26.395,6.308],[26.459,6.294],[26.476,6.225],[26.524,6.221],[26.524,6.174],[26.437,6.078],[26.514,6.11],[26.565,6.028],[26.809,5.98],[26.829,5.905],[26.91,5.899],[26.95,5.847],[27.001,5.863],[27.049,5.79],[27.101,5.796],[27.198,5.714],[27.241,5.648],[27.234,5.588],[27.282,5.579],[27.236,5.429],[27.255,5.331],[27.3,5.226],[27.458,5.084],[27.458,5.019],[27.394,5.089],[27.084,5.204],[26.938,5.141],[26.868,5.029],[26.732,5.093],[26.489,5.046],[26.386,5.146],[26.292,5.141],[26.133,5.257],[26.057,5.192],[25.973,5.232],[25.9,5.167],[25.876,5.218],[25.826,5.196],[25.791,5.264],[25.749,5.242],[25.542,5.381],[25.538,5.351],[25.362,5.315],[25.376,5.295],[25.311,5.191],[25.344,5.112],[25.29,5.025],[25.176,4.995],[25.134,5.018],[25.07,4.946],[24.965,4.988],[24.782,4.913],[24.66,4.917],[24.666,4.956],[24.616,4.981],[24.602,5.026],[24.465,5.104],[24.421,5.068],[24.394,5.116],[24.355,5.055],[24.401,5.03],[24.286,4.995],[24.256,4.929],[24.227,4.96],[24.152,4.9],[24.106,4.92],[23.982,4.855],[23.954,4.873],[23.942,4.81],[23.83,4.821],[23.584,4.734],[23.442,4.654],[23.426,4.592],[23.272,4.625],[23.173,4.731],[23.084,4.71],[23.019,4.746],[22.975,4.831],[22.891,4.819],[22.856,4.707],[22.776,4.707],[22.69,4.484],[22.592,4.467],[22.613,4.369],[22.541,4.281],[22.539,4.219],[22.455,4.145],[22.334,4.127],[21.992,4.246],[21.87,4.237],[21.743,4.295],[21.652,4.299],[21.539,4.245],[21.355,4.28],[21.283,4.334],[21.209,4.289],[21.073,4.394],[20.965,4.434],[20.839,4.449],[20.782,4.418],[20.586,4.41],[20.453,4.522],[20.457,4.625],[20.343,4.766],[20.234,4.806],[20.004,4.976],[19.897,4.997],[19.834,5.091],[19.704,5.137],[19.421,5.134],[19.191,4.946],[19.106,4.933],[19.002,4.747],[18.834,4.57],[18.753,4.392],[18.643,4.354],[18.582,4.371],[18.534,4.316],[18.63,4.135],[18.648,4.021],[18.591,3.719],[18.641,3.204],[18.612,3.132],[18.541,3.076],[18.343,2.613],[18.233,2.519],[18.223,2.414],[18.092,2.224],[18.071,1.535],[17.874,0.996],[17.908,0.803],[17.895,0.6],[17.966,0.478],[17.961,0.4],[17.804,0.149],[17.718,-0.134],[17.746,-0.376],[17.709,-0.552],[17.545,-0.786],[17.327,-1.001],[17.122,-1.068],[16.875,-1.24],[16.74,-1.428],[16.528,-1.862],[16.196,-2.176],[16.187,-2.385],[16.237,-2.642],[16.182,-2.912],[16.192,-3.262],[16.227,-3.328],[15.911,-3.92],[15.839,-3.971],[15.542,-4.051],[15.457,-4.268],[15.411,-4.298],[15.328,-4.277],[15.21,-4.339],[15.094,-4.5],[14.92,-4.657],[14.822,-4.83],[14.661,-4.909],[14.489,-4.84],[14.419,-4.887],[14.428,-4.677],[14.365,-4.558],[14.439,-4.509],[14.488,-4.427],[14.399,-4.341],[14.41,-4.273],[14.181,-4.388],[14.069,-4.392],[13.965,-4.495],[13.885,-4.487],[13.819,-4.422],[13.729,-4.446],[13.73,-4.693],[13.696,-4.696],[13.699,-4.728],[13.636,-4.728],[13.606,-4.781],[13.538,-4.751],[13.502,-4.768],[13.515,-4.798],[13.41,-4.883],[13.376,-4.787],[13.195,-4.684],[13.139,-4.582],[13.097,-4.575],[13.091,-4.633],[13.057,-4.62],[12.909,-4.47],[12.896,-4.415],[12.779,-4.389],[12.65,-4.559],[12.395,-4.612],[12.335,-4.788],[12.253,-4.802],[12.206,-4.759],[12.166,-4.896],[12.026,-5.015],[12.024,-5.083],[8.833,-5.5],[6.583,-4.167],[6.583,3],[8.551,4.694],[8.574,4.804],[8.638,4.832],[8.622,4.895],[8.825,5.189],[8.86,5.497],[8.922,5.595],[8.834,5.707],[8.889,5.781],[8.865,5.842],[8.944,5.907],[8.995,5.894],[9.003,5.945],[9.295,6.208],[9.363,6.326],[9.435,6.328],[9.469,6.404],[9.577,6.447],[9.612,6.522],[9.711,6.523],[9.796,6.802],[9.875,6.776],[10.165,7.021],[10.195,6.918],[10.238,6.878],[10.513,6.878],[10.596,7.134],[10.62,7.054],[10.846,6.959],[10.883,6.828],[10.943,6.778],[11.019,6.779],[11.071,6.719],[11.117,6.444],[11.377,6.452],[11.413,6.484],[11.437,6.591],[11.511,6.602],[11.558,6.658],[11.589,6.78],[11.555,6.821],[11.587,6.892],[11.823,7.074],[11.89,7.083],[11.894,7.123],[11.75,7.271],[12.044,7.578],[12.033,7.715],[12.221,7.971],[12.209,8.003],[24.973,7.993],[25.099,7.889]]]}},{"type":"Feature","properties":{"icao":"FIMM","name":"FIR MAURITIUS","label":[65.907,-25.568]},"geometry":{"type":"MultiLineString","coordinates":[[[75,-45],[57,-45],[57,-22.333],[55.5,-19],[55.5,-10],[60,-10],[60,-6],[75,-6],[75,-45]]]}},{"type":"Feature","properties":{"icao":"FLFI","name":"FIR LUSAKA","label":[31.404,-15.318]},"geometry":{"type":"MultiLineString","coordinates":[[[31.947,-16.43],[31.91,-16.426],[31.898,-16.355],[31.708,-16.206],[31.431,-16.164],[31.277,-16.019],[31.127,-15.997],[31.014,-16.064],[30.929,-16.002],[30.424,-16.009],[30.416,-15.641],[30.36,-15.562],[30.39,-15.492],[30.366,-15.351],[30.255,-15.226],[30.215,-14.988],[30.345,-14.975],[30.862,-14.766],[31.487,-14.627],[31.695,-14.512],[32.494,-14.272],[31.947,-16.43]]]}},{"type":"Feature","properties":{"icao":"FLFI","name":"FIR LUSAKA","label":[33.37,-9.758]},"geometry":{"type":"MultiLineString","coordinates":[[[33.327,-10.071],[33.331,-9.994],[33.388,-9.913],[33.349,-9.819],[33.239,-9.731],[33.207,-9.603],[33.118,-9.587],[33.097,-9.664],[33.061,-9.616],[32.996,-9.619],[33.017,-9.514],[32.948,-9.483],[32.94,-9.404],[32.968,-9.384],[32.998,-9.373],[33.129,-9.493],[33.314,-9.486],[33.394,-9.538],[33.438,-9.616],[33.509,-9.622],[33.585,-9.584],[33.633,-9.604],[33.549,-10.216],[33.327,-10.071]]]}},{"type":"Feature","properties":{"icao":"FLFI","name":"FIR LUSAKA","label":[27.945,-13.565]},"geometry":{"type":"MultiLineString","coordinates":[[[31.11,-8.614],[31.216,-8.577],[31.285,-8.623],[31.376,-8.582],[31.398,-8.629],[31.459,-8.629],[31.556,-8.692],[31.575,-8.824],[31.684,-8.909],[31.739,-8.918],[31.786,-8.885],[31.956,-8.931],[31.934,-9.019],[31.98,-9.071],[32.056,-9.041],[32.16,-9.063],[32.249,-9.132],[32.426,-9.13],[32.545,-9.267],[32.742,-9.28],[32.772,-9.334],[32.94,-9.406],[32.998,-9.373],[33.129,-9.493],[33.314,-9.486],[33.394,-9.538],[33.438,-9.616],[33.509,-9.622],[33.585,-9.584],[33.633,-9.604],[33.55,-10.21],[33.412,-10.802],[33.333,-10.819],[33.251,-10.887],[33.299,-10.908],[33.332,-11.05],[33.414,-11.162],[33.292,-11.411],[33.244,-11.413],[33.26,-11.496],[33.231,-11.575],[33.314,-11.586],[33.331,-11.745],[33.332,-11.897],[33.273,-12.144],[33.374,-12.332],[33.484,-12.311],[33.544,-12.328],[33.546,-12.359],[33.371,-12.538],[33.28,-12.527],[33.192,-12.621],[33.15,-12.582],[33.046,-12.604],[32.959,-12.769],[32.968,-12.851],[33.035,-12.914],[32.986,-13.096],[33.02,-13.196],[32.941,-13.272],[32.921,-13.384],[32.838,-13.465],[32.832,-13.529],[32.745,-13.575],[32.691,-13.565],[32.679,-13.606],[32.786,-13.641],[32.833,-13.71],[32.777,-13.77],[32.899,-13.82],[32.959,-13.931],[33,-13.942],[32.99,-14.007],[33.026,-14.051],[33.16,-13.922],[33.206,-14.001],[33.25,-14.002],[32.494,-14.275],[31.947,-16.43],[31.91,-16.426],[31.898,-16.355],[31.708,-16.206],[31.431,-16.164],[31.277,-16.019],[31.127,-15.997],[31.014,-16.064],[30.929,-16.002],[30.424,-16.009],[30.412,-15.633],[30.214,-15.665],[30.167,-15.632],[29.996,-15.653],[29.831,-15.616],[29.434,-15.706],[29.25,-15.775],[29.086,-15.882],[29.045,-15.95],[28.928,-15.972],[28.861,-16.049],[28.854,-16.388],[28.756,-16.556],[28.646,-16.564],[28.26,-16.724],[28.139,-16.824],[27.827,-16.965],[27.641,-17.23],[27.621,-17.343],[27.35,-17.581],[27.15,-17.806],[27.152,-17.863],[27.032,-17.961],[26.759,-18.028],[26.699,-18.075],[26.605,-18.043],[26.568,-17.997],[26.215,-17.884],[25.967,-18.005],[25.865,-17.976],[25.86,-17.923],[25.686,-17.808],[25.514,-17.863],[25.339,-17.844],[25.187,-17.76],[25.137,-17.686],[25.034,-17.62],[25.033,-17.583],[24.727,-17.501],[24.638,-17.497],[24.565,-17.533],[24.44,-17.482],[24.239,-17.478],[23.475,-17.625],[23.202,-17.48],[22.732,-17.047],[22.49,-16.78],[22.134,-16.491],[22.123,-16.347],[22,-16.153],[22,-13.004],[23,-13.004],[24.333,-11.004],[25.5,-12],[28,-12],[29.887,-8.117],[30.771,-8.192],[30.907,-8.468],[30.98,-8.549],[31.11,-8.614]]]}},{"type":"Feature","properties":{"icao":"FLFI","name":"FIR LUSAKA","label":[31.404,-15.318]},"geometry":{"type":"MultiLineString","coordinates":[[[31.947,-16.43],[31.91,-16.426],[31.898,-16.355],[31.708,-16.206],[31.431,-16.164],[31.277,-16.019],[31.127,-15.997],[31.014,-16.064],[30.929,-16.002],[30.424,-16.009],[30.416,-15.641],[30.36,-15.562],[30.39,-15.492],[30.366,-15.351],[30.255,-15.226],[30.215,-14.988],[30.345,-14.975],[30.862,-14.766],[31.487,-14.627],[31.695,-14.512],[32.494,-14.272],[31.947,-16.43]]]}},{"type":"Feature","properties":{"icao":"FLFI","name":"FIR LUSAKA","label":[27.783,-13.498]},"geometry":{"type":"MultiLineString","coordinates":[[[24.97,-17.56],[24.709,-17.498],[24.565,-17.533],[24.44,-17.482],[24.239,-17.478],[23.475,-17.625],[23.202,-17.48],[22.732,-17.047],[22.49,-16.78],[22.134,-16.491],[22.123,-16.347],[22,-16.153],[22,-13.004],[23,-13.004],[24.333,-11.004],[25.5,-12],[28,-12],[29.887,-8.117],[30.771,-8.192],[30.901,-8.46],[31.038,-8.588],[31.142,-8.613],[31.216,-8.577],[31.285,-8.623],[31.376,-8.582],[31.398,-8.629],[31.459,-8.629],[31.556,-8.692],[31.575,-8.824],[31.684,-8.909],[31.739,-8.918],[31.786,-8.885],[31.956,-8.931],[31.934,-9.019],[31.98,-9.071],[32.056,-9.041],[32.16,-9.063],[32.249,-9.132],[32.426,-9.13],[32.545,-9.267],[32.742,-9.28],[32.772,-9.334],[32.94,-9.406],[32.948,-9.483],[33.014,-9.503],[33.013,-9.631],[33.061,-9.616],[33.093,-9.665],[33.118,-9.587],[33.207,-9.603],[33.227,-9.711],[33.349,-9.819],[33.388,-9.913],[33.331,-9.994],[33.324,-10.068],[33.555,-10.22],[33.567,-10.393],[33.702,-10.562],[33.511,-10.776],[33.344,-10.814],[33.251,-10.887],[33.299,-10.908],[33.332,-11.05],[33.414,-11.162],[33.292,-11.411],[33.244,-11.413],[33.26,-11.496],[33.231,-11.575],[33.314,-11.586],[33.331,-11.745],[33.332,-11.897],[33.273,-12.144],[33.374,-12.332],[33.484,-12.311],[33.547,-12.349],[33.371,-12.538],[33.28,-12.527],[33.192,-12.621],[33.15,-12.582],[33.046,-12.604],[32.959,-12.769],[32.968,-12.851],[33.035,-12.914],[32.986,-13.096],[33.02,-13.196],[32.941,-13.272],[32.921,-13.384],[32.838,-13.465],[32.832,-13.529],[32.745,-13.575],[32.691,-13.565],[32.679,-13.606],[32.786,-13.641],[32.833,-13.71],[32.777,-13.77],[32.899,-13.82],[32.959,-13.931],[33,-13.942],[32.99,-14.007],[33.026,-14.051],[33.16,-13.922],[33.206,-14.001],[33.25,-14.002],[32.375,-14.314],[31.695,-14.51],[31.487,-14.625],[30.862,-14.764],[30.345,-14.973],[30.215,-14.987],[30.255,-15.224],[30.366,-15.35],[30.39,-15.491],[30.36,-15.56],[30.413,-15.633],[30.214,-15.665],[30.167,-15.632],[29.996,-15.653],[29.831,-15.616],[29.656,-15.671],[29.578,-15.661],[29.25,-15.775],[29.086,-15.882],[29.045,-15.95],[28.928,-15.972],[28.861,-16.049],[28.854,-16.388],[28.756,-16.556],[28.646,-16.564],[28.26,-16.724],[28.139,-16.824],[27.827,-16.965],[27.641,-17.23],[27.621,-17.343],[27.35,-17.581],[27.15,-17.806],[27.152,-17.863],[27.032,-17.961],[26.759,-18.028],[26.699,-18.075],[26.605,-18.043],[26.568,-17.997],[26.215,-17.884],[26.019,-17.989],[25.924,-17.998],[25.686,-17.808],[25.514,-17.863],[25.32,-17.836],[25.187,-17.76],[25.137,-17.686],[25.034,-17.62],[25.037,-17.585],[24.97,-17.56]]]}},{"type":"Feature","properties":{"icao":"FLFI","name":"FIR LUSAKA","label":[33.544,-10.571]},"geometry":{"type":"MultiLineString","coordinates":[[[33.674,-10.514],[33.687,-10.589],[33.511,-10.776],[33.411,-10.802],[33.549,-10.216],[33.547,-10.346],[33.674,-10.514]]]}},{"type":"Feature","properties":{"icao":"FLFI","name":"FIR LUSAKA","label":[33.37,-9.758]},"geometry":{"type":"MultiLineString","coordinates":[[[33.327,-10.071],[33.331,-9.994],[33.388,-9.913],[33.349,-9.819],[33.239,-9.731],[33.207,-9.603],[33.118,-9.587],[33.097,-9.664],[33.061,-9.616],[32.996,-9.619],[33.017,-9.514],[32.948,-9.483],[32.94,-9.404],[32.968,-9.384],[32.998,-9.373],[33.129,-9.493],[33.314,-9.486],[33.394,-9.538],[33.438,-9.616],[33.509,-9.622],[33.585,-9.584],[33.633,-9.604],[33.549,-10.216],[33.327,-10.071]]]}},{"type":"Feature","properties":{"icao":"FLFI","name":"FIR LUSAKA","label":[27.945,-13.565]},"geometry":{"type":"MultiLineString","coordinates":[[[31.11,-8.614],[31.216,-8.577],[31.285,-8.623],[31.376,-8.582],[31.398,-8.629],[31.459,-8.629],[31.556,-8.692],[31.575,-8.824],[31.684,-8.909],[31.739,-8.918],[31.786,-8.885],[31.956,-8.931],[31.934,-9.019],[31.98,-9.071],[32.056,-9.041],[32.16,-9.063],[32.249,-9.132],[32.426,-9.13],[32.545,-9.267],[32.742,-9.28],[32.772,-9.334],[32.94,-9.406],[32.998,-9.373],[33.129,-9.493],[33.314,-9.486],[33.394,-9.538],[33.438,-9.616],[33.509,-9.622],[33.585,-9.584],[33.633,-9.604],[33.55,-10.21],[33.412,-10.802],[33.333,-10.819],[33.251,-10.887],[33.299,-10.908],[33.332,-11.05],[33.414,-11.162],[33.292,-11.411],[33.244,-11.413],[33.26,-11.496],[33.231,-11.575],[33.314,-11.586],[33.331,-11.745],[33.332,-11.897],[33.273,-12.144],[33.374,-12.332],[33.484,-12.311],[33.544,-12.328],[33.546,-12.359],[33.371,-12.538],[33.28,-12.527],[33.192,-12.621],[33.15,-12.582],[33.046,-12.604],[32.959,-12.769],[32.968,-12.851],[33.035,-12.914],[32.986,-13.096],[33.02,-13.196],[32.941,-13.272],[32.921,-13.384],[32.838,-13.465],[32.832,-13.529],[32.745,-13.575],[32.691,-13.565],[32.679,-13.606],[32.786,-13.641],[32.833,-13.71],[32.777,-13.77],[32.899,-13.82],[32.959,-13.931],[33,-13.942],[32.99,-14.007],[33.026,-14.051],[33.16,-13.922],[33.206,-14.001],[33.25,-14.002],[32.494,-14.275],[31.947,-16.43],[31.91,-16.426],[31.898,-16.355],[31.708,-16.206],[31.431,-16.164],[31.277,-16.019],[31.127,-15.997],[31.014,-16.064],[30.929,-16.002],[30.424,-16.009],[30.412,-15.633],[30.214,-15.665],[30.167,-15.632],[29.996,-15.653],[29.831,-15.616],[29.434,-15.706],[29.25,-15.775],[29.086,-15.882],[29.045,-15.95],[28.928,-15.972],[28.861,-16.049],[28.854,-16.388],[28.756,-16.556],[28.646,-16.564],[28.26,-16.724],[28.139,-16.824],[27.827,-16.965],[27.641,-17.23],[27.621,-17.343],[27.35,-17.581],[27.15,-17.806],[27.152,-17.863],[27.032,-17.961],[26.759,-18.028],[26.699,-18.075],[26.605,-18.043],[26.568,-17.997],[26.215,-17.884],[25.967,-18.005],[25.865,-17.976],[25.86,-17.923],[25.686,-17.808],[25.514,-17.863],[25.339,-17.844],[25.187,-17.76],[25.137,-17.686],[25.034,-17.62],[25.033,-17.583],[24.727,-17.501],[24.638,-17.497],[24.565,-17.533],[24.44,-17.482],[24.239,-17.478],[23.475,-17.625],[23.202,-17.48],[22.732,-17.047],[22.49,-16.78],[22.134,-16.491],[22.123,-16.347],[22,-16.153],[22,-13.004],[23,-13.004],[24.333,-11.004],[25.5,-12],[28,-12],[29.887,-8.117],[30.771,-8.192],[30.907,-8.468],[30.98,-8.549],[31.11,-8.614]]]}},{"type":"Feature","properties":{"icao":"FMMM","name":"FIR ANTANANARIVO","label":[48.565,-20.631]},"geometry":{"type":"MultiLineString","coordinates":[[[57,-30],[40,-30],[40,-20],[43,-15],[41.5,-11],[44,-10.333],[45,-10],[55.5,-10],[55.5,-19],[57,-22.333],[57,-30]]]}},{"type":"Feature","properties":{"icao":"FNAN","name":"FIR LUANDA","label":[7.417,-12.532]},"geometry":{"type":"MultiLineString","coordinates":[[[6.583,-4.167],[8.833,-5.501],[12.023,-5.084],[12.025,-5.016],[12.166,-4.897],[12.206,-4.76],[12.252,-4.802],[12.335,-4.788],[12.395,-4.613],[12.649,-4.56],[12.768,-4.392],[12.863,-4.399],[13.092,-4.653],[12.853,-4.717],[12.7,-4.926],[12.622,-4.932],[12.606,-4.999],[12.461,-5.054],[12.465,-5.097],[12.541,-5.128],[12.526,-5.725],[12.283,-5.735],[12.202,-5.788],[12.176,-5.744],[12.035,-5.687],[11.943,-5.687],[11.893,-5.727],[11.918,-5.948],[12.01,-6.07],[12.16,-6.168],[12.36,-6.135],[12.468,-6.058],[12.813,-5.968],[13.035,-5.868],[13.343,-5.898],[13.451,-5.849],[13.759,-5.863],[13.98,-5.837],[14.037,-5.879],[14.188,-5.863],[14.596,-5.909],[14.699,-5.875],[14.958,-5.864],[15.928,-5.861],[21.999,-7.334],[22,-9],[24.333,-11.001],[23.001,-13.006],[21.998,-13.005],[21.999,-16.172],[22.12,-16.342],[22.138,-16.493],[22.487,-16.775],[23.201,-17.48],[23.475,-17.627],[21.379,-18.016],[21.241,-17.94],[21.163,-17.932],[20.953,-17.968],[20.805,-18.038],[20.751,-17.997],[20.547,-17.982],[20.337,-17.859],[20.035,-17.901],[19.92,-17.858],[19.811,-17.859],[19.761,-17.9],[19.661,-17.838],[19.558,-17.868],[19.343,-17.848],[19.242,-17.807],[18.915,-17.816],[18.756,-17.748],[18.637,-17.645],[18.451,-17.391],[14.203,-17.384],[14.176,-17.421],[13.972,-17.425],[13.897,-17.345],[13.524,-17.128],[13.525,-17.078],[13.474,-17.013],[13.373,-16.97],[13.251,-16.986],[13.16,-16.953],[12.886,-17.034],[12.815,-17.11],[12.557,-17.244],[12.45,-17.255],[12.421,-17.204],[12.245,-17.228],[12.167,-17.145],[11.975,-17.165],[11.825,-17.267],[11.752,-17.256],[9.999,-18.001],[-5.001,-18.001],[-10.001,-20.001],[-10.001,-12.001],[-3.001,-9.534],[6.583,-5.867],[6.583,-4.167]]]}},{"type":"Feature","properties":{"icao":"FNAN","name":"FIR LUANDA","label":[19.976,-7.4]},"geometry":{"type":"MultiLineString","coordinates":[[[15.928,-5.861],[22,-7.339],[22,-9],[15.928,-5.861]]]}},{"type":"Feature","properties":{"icao":"FNAN","name":"FIR LUANDA","label":[7.228,-12.608]},"geometry":{"type":"MultiLineString","coordinates":[[[6.583,-4.167],[8.833,-5.501],[12.023,-5.084],[12.025,-5.016],[12.166,-4.897],[12.206,-4.76],[12.252,-4.802],[12.335,-4.788],[12.395,-4.613],[12.649,-4.56],[12.768,-4.392],[12.875,-4.402],[13.092,-4.653],[12.853,-4.717],[12.7,-4.926],[12.622,-4.932],[12.606,-4.999],[12.461,-5.054],[12.465,-5.097],[12.541,-5.128],[12.526,-5.725],[12.283,-5.735],[12.202,-5.788],[12.176,-5.744],[12.035,-5.687],[11.943,-5.687],[11.893,-5.727],[11.91,-5.931],[12.101,-6.143],[12.235,-6.168],[12.36,-6.135],[12.468,-6.058],[12.813,-5.968],[13.035,-5.868],[13.343,-5.898],[13.451,-5.849],[13.759,-5.863],[13.98,-5.837],[14.037,-5.879],[14.188,-5.863],[14.596,-5.909],[14.699,-5.875],[14.958,-5.864],[15.928,-5.861],[22,-9],[24.333,-11.001],[23.001,-13.006],[21.998,-13.005],[21.999,-16.172],[22.12,-16.342],[22.138,-16.493],[22.487,-16.775],[23.201,-17.48],[23.475,-17.627],[21.379,-18.016],[21.241,-17.94],[21.163,-17.932],[20.953,-17.968],[20.805,-18.038],[20.751,-17.997],[20.547,-17.982],[20.337,-17.859],[20.035,-17.901],[19.92,-17.858],[19.811,-17.859],[19.761,-17.9],[19.661,-17.838],[19.558,-17.868],[19.343,-17.848],[19.242,-17.807],[18.915,-17.816],[18.756,-17.748],[18.637,-17.645],[18.451,-17.391],[14.203,-17.384],[14.176,-17.421],[13.972,-17.425],[13.897,-17.345],[13.524,-17.128],[13.525,-17.078],[13.474,-17.013],[13.373,-16.97],[13.251,-16.986],[13.16,-16.953],[12.886,-17.034],[12.815,-17.11],[12.557,-17.244],[12.45,-17.255],[12.421,-17.204],[12.245,-17.228],[12.167,-17.145],[11.975,-17.165],[11.825,-17.267],[11.752,-17.256],[9.999,-18.001],[-5.001,-18.001],[-10.001,-20.001],[-10.001,-12.001],[-3.001,-9.534],[6.583,-5.867],[6.583,-4.167]]]}},{"type":"Feature","properties":{"icao":"FQBE","name":"FIR BEIRA","label":[36.948,-19.763]},"geometry":{"type":"MultiLineString","coordinates":[[[40.5,-10.417],[41.5,-11],[43,-15],[40,-20],[40,-30],[35,-27.833],[32.89,-26.847],[32.133,-26.84],[32.129,-26.506],[32.072,-26.393],[32.061,-26.261],[32.103,-26.162],[32.09,-26.009],[31.969,-25.958],[31.919,-25.814],[31.982,-25.673],[32.02,-25.65],[31.988,-25.504],[32.016,-24.459],[31.886,-24.171],[31.877,-23.951],[31.77,-23.856],[31.684,-23.614],[31.551,-23.477],[31.562,-23.187],[31.302,-22.424],[32.416,-21.307],[32.489,-21.344],[32.358,-21.131],[32.521,-20.914],[32.484,-20.662],[32.502,-20.599],[32.551,-20.555],[32.666,-20.557],[32.872,-20.279],[32.905,-20.099],[32.949,-20.084],[32.953,-20.036],[33.027,-20.031],[33.059,-19.78],[32.972,-19.733],[32.966,-19.649],[32.913,-19.693],[32.842,-19.682],[32.851,-19.494],[32.783,-19.468],[32.785,-19.366],[32.854,-19.282],[32.884,-19.095],[32.839,-19.023],[32.716,-19.022],[32.699,-18.944],[32.735,-18.919],[32.707,-18.829],[32.817,-18.779],[32.925,-18.773],[32.95,-18.69],[32.888,-18.531],[33.017,-18.463],[33.001,-18.413],[33.073,-18.349],[32.969,-18.246],[33.001,-18.183],[32.946,-17.975],[32.974,-17.93],[32.968,-17.823],[33.02,-17.8],[33.044,-17.62],[32.954,-17.5],[33.041,-17.344],[32.992,-17.306],[32.968,-17.148],[32.843,-16.936],[32.939,-16.842],[32.981,-16.709],[32.767,-16.718],[32.708,-16.684],[32.701,-16.601],[32.378,-16.47],[31.91,-16.426],[31.899,-16.356],[31.722,-16.215],[31.429,-16.164],[31.277,-16.019],[31.137,-15.995],[31.001,-16.065],[30.929,-16.002],[30.423,-16.009],[30.417,-15.637],[30.358,-15.555],[30.388,-15.485],[30.364,-15.344],[30.253,-15.219],[30.213,-14.98],[30.344,-14.968],[30.861,-14.758],[31.485,-14.62],[31.693,-14.504],[32.373,-14.308],[33.25,-14.002],[33.31,-14.071],[33.304,-14.148],[33.377,-14.215],[33.479,-14.411],[33.549,-14.442],[33.678,-14.605],[33.667,-14.667],[34.167,-16],[34.285,-16.215],[34.557,-16.45],[34.724,-16.52],[34.902,-16.553],[35.259,-16.504],[35.563,-16.312],[35.761,-16.012],[35.845,-15.683],[35.867,-15.419],[35.8,-15.178],[35.924,-14.886],[35.881,-14.885],[35.877,-14.656],[35.095,-13.686],[34.866,-13.506],[34.83,-13.398],[34.762,-13.319],[34.79,-13.088],[34.723,-12.919],[34.79,-12.705],[34.697,-12.435],[34.702,-12.197],[34.885,-12.034],[34.966,-11.8],[34.967,-11.572],[35.494,-11.579],[35.516,-11.611],[35.576,-11.607],[35.652,-11.585],[35.704,-11.488],[35.773,-11.475],[35.838,-11.415],[35.943,-11.435],[35.966,-11.501],[36.163,-11.578],[36.19,-11.707],[36.49,-11.681],[36.562,-11.74],[36.678,-11.715],[36.83,-11.569],[36.904,-11.595],[37.026,-11.567],[37.126,-11.673],[37.286,-11.704],[37.347,-11.687],[37.462,-11.727],[37.527,-11.663],[37.663,-11.638],[37.792,-11.561],[37.862,-11.339],[37.941,-11.285],[38.107,-11.252],[38.161,-11.284],[38.235,-11.274],[38.378,-11.377],[38.492,-11.415],[38.655,-11.281],[38.774,-11.262],[38.898,-11.172],[39.134,-11.142],[39.268,-11.168],[39.508,-10.995],[39.767,-10.921],[39.898,-10.832],[40.007,-10.806],[40.236,-10.603],[40.381,-10.54],[40.5,-10.417]]]}},{"type":"Feature","properties":{"icao":"FQBE","name":"FIR BEIRA","label":[31.404,-15.318]},"geometry":{"type":"MultiLineString","coordinates":[[[31.947,-16.43],[31.91,-16.426],[31.902,-16.358],[31.71,-16.208],[31.424,-16.161],[31.277,-16.019],[31.149,-15.995],[31.001,-16.065],[30.929,-16.002],[30.423,-16.009],[30.416,-15.641],[30.36,-15.562],[30.39,-15.492],[30.366,-15.351],[30.255,-15.226],[30.215,-14.988],[30.345,-14.975],[30.862,-14.766],[31.487,-14.627],[31.695,-14.512],[32.494,-14.272],[31.947,-16.43]]]}},{"type":"Feature","properties":{"icao":"FQBE","name":"FIR BEIRA","label":[37.062,-19.855]},"geometry":{"type":"MultiLineString","coordinates":[[[40.5,-10.417],[41.5,-11],[43,-15],[40,-20],[40,-30],[35,-27.833],[32.89,-26.847],[32.133,-26.84],[32.129,-26.506],[32.072,-26.393],[32.061,-26.261],[32.103,-26.162],[32.09,-26.009],[31.969,-25.958],[31.919,-25.814],[31.982,-25.673],[32.02,-25.65],[31.988,-25.504],[32.016,-24.459],[31.886,-24.171],[31.877,-23.951],[31.77,-23.856],[31.684,-23.614],[31.551,-23.477],[31.562,-23.187],[31.302,-22.424],[32.416,-21.307],[32.489,-21.344],[32.358,-21.131],[32.521,-20.914],[32.484,-20.662],[32.502,-20.599],[32.551,-20.555],[32.666,-20.557],[32.872,-20.279],[32.905,-20.099],[32.949,-20.084],[32.953,-20.036],[33.027,-20.031],[33.059,-19.78],[32.972,-19.733],[32.966,-19.649],[32.913,-19.693],[32.842,-19.682],[32.851,-19.494],[32.783,-19.468],[32.785,-19.366],[32.854,-19.282],[32.884,-19.095],[32.839,-19.023],[32.716,-19.022],[32.699,-18.944],[32.735,-18.919],[32.707,-18.829],[32.817,-18.779],[32.925,-18.773],[32.95,-18.69],[32.888,-18.531],[33.017,-18.463],[33.001,-18.413],[33.073,-18.349],[32.969,-18.246],[33.001,-18.183],[32.946,-17.975],[32.974,-17.93],[32.968,-17.823],[33.02,-17.8],[33.044,-17.62],[32.954,-17.5],[33.041,-17.344],[32.992,-17.306],[32.968,-17.148],[32.843,-16.936],[32.939,-16.842],[32.981,-16.709],[32.767,-16.718],[32.708,-16.684],[32.701,-16.601],[32.378,-16.47],[31.947,-16.43],[32.495,-14.274],[33.25,-14.002],[33.31,-14.071],[33.304,-14.148],[33.377,-14.215],[33.479,-14.411],[33.549,-14.442],[33.678,-14.605],[33.667,-14.667],[34.167,-16],[34.285,-16.215],[34.557,-16.45],[34.724,-16.52],[34.902,-16.553],[35.259,-16.504],[35.563,-16.312],[35.761,-16.012],[35.845,-15.683],[35.867,-15.419],[35.8,-15.178],[35.924,-14.886],[35.881,-14.885],[35.877,-14.656],[35.095,-13.686],[34.866,-13.506],[34.83,-13.398],[34.762,-13.319],[34.79,-13.088],[34.723,-12.919],[34.79,-12.705],[34.697,-12.435],[34.702,-12.197],[34.885,-12.034],[34.966,-11.8],[34.967,-11.572],[35.494,-11.579],[35.516,-11.611],[35.576,-11.607],[35.652,-11.585],[35.704,-11.488],[35.773,-11.475],[35.838,-11.415],[35.943,-11.435],[35.966,-11.501],[36.163,-11.578],[36.19,-11.707],[36.49,-11.681],[36.562,-11.74],[36.678,-11.715],[36.83,-11.569],[36.904,-11.595],[37.026,-11.567],[37.126,-11.673],[37.286,-11.704],[37.347,-11.687],[37.462,-11.727],[37.527,-11.663],[37.663,-11.638],[37.792,-11.561],[37.862,-11.339],[37.941,-11.285],[38.107,-11.252],[38.161,-11.284],[38.235,-11.274],[38.378,-11.377],[38.492,-11.415],[38.655,-11.281],[38.774,-11.262],[38.898,-11.172],[39.134,-11.142],[39.268,-11.168],[39.508,-10.995],[39.767,-10.921],[39.898,-10.832],[40.007,-10.806],[40.236,-10.603],[40.381,-10.54],[40.5,-10.417]]]}},{"type":"Feature","properties":{"icao":"FSSS","name":"FIR SEYCHELLES","label":[53.174,-2.362]},"geometry":{"type":"MultiLineString","coordinates":[[[45,-10],[44,-10.333],[44,-2],[60,10.7],[60,-10],[45,-10]]]}},{"type":"Feature","properties":{"icao":"FTTT","name":"FIR N DJAMENA","label":[17.644,15.134]},"geometry":{"type":"MultiLineString","coordinates":[[[24,19.5],[24,15.699],[23.609,15.758],[23.357,15.682],[23.118,15.71],[22.937,15.562],[22.923,15.487],[22.998,15.356],[22.981,15.213],[22.936,15.116],[22.849,15.078],[22.753,14.977],[22.739,14.903],[22.671,14.859],[22.703,14.691],[22.47,14.629],[22.384,14.554],[22.381,14.523],[22.446,14.48],[22.47,14.345],[22.434,14.31],[22.444,14.272],[22.555,14.232],[22.555,14.126],[22.23,13.963],[22.084,13.779],[22.139,13.728],[22.154,13.634],[22.225,13.572],[22.231,13.479],[22.294,13.359],[22.16,13.19],[22.021,13.138],[21.943,13.054],[21.828,12.797],[21.953,12.644],[22.141,12.655],[22.223,12.747],[22.467,12.622],[22.384,12.465],[22.433,12.403],[22.501,12.177],[22.477,12.034],[22.564,12.075],[22.641,12.071],[22.562,11.622],[22.642,11.516],[22.776,11.462],[22.791,11.402],[22.931,11.416],[22.971,11.283],[22.942,11.093],[22.867,10.922],[23.009,10.699],[23.304,10.459],[23.669,9.867],[23.695,9.672],[23.623,9.535],[23.631,9.449],[23.664,9.441],[23.652,9.28],[23.556,9.182],[23.493,9.174],[23.449,9.025],[23.504,8.96],[23.565,9.005],[23.583,8.989],[23.582,8.906],[23.498,8.778],[23.518,8.714],[23.633,8.737],[23.739,8.705],[23.824,8.728],[24.244,8.696],[24.23,8.625],[24.269,8.583],[24.166,8.478],[24.14,8.376],[24.177,8.316],[24.361,8.247],[24.46,8.271],[24.546,8.205],[24.634,8.221],[24.804,8.193],[24.943,8.084],[24.973,7.993],[12.209,8.003],[12.203,8.112],[12.256,8.198],[12.247,8.394],[12.285,8.432],[12.341,8.422],[12.422,8.5],[12.386,8.613],[12.492,8.629],[12.569,8.601],[12.687,8.661],[12.728,8.759],[12.797,8.77],[12.851,9.014],[12.838,9.075],[12.919,9.277],[12.916,9.339],[12.846,9.357],[13.024,9.496],[13.187,9.527],[13.239,9.579],[13.286,9.802],[13.231,9.866],[13.266,9.985],[13.251,10.067],[13.398,10.111],[13.462,10.172],[13.561,10.644],[13.768,10.932],[13.777,11.03],[13.844,11.074],[13.887,11.171],[14.004,11.283],[14.164,11.234],[14.618,11.506],[14.641,11.647],[14.558,11.715],[14.611,11.772],[14.652,11.96],[14.619,12.036],[14.674,12.151],[14.657,12.187],[14.616,12.176],[14.549,12.236],[14.491,12.336],[14.214,12.348],[14.171,12.388],[14.199,12.501],[14.075,13.082],[13.617,13.718],[13.348,13.72],[13.205,13.528],[13.153,13.524],[13.146,13.549],[13.131,13.521],[13.081,13.525],[13.066,13.549],[12.876,13.473],[12.843,13.487],[12.865,13.455],[12.796,13.396],[12.801,13.366],[12.772,13.379],[12.676,13.28],[12.638,13.306],[12.595,13.278],[12.478,13.057],[12.068,13.122],[11.82,13.273],[11.503,13.363],[11.5,22],[18.925,22],[24,19.5]]]}},{"type":"Feature","properties":{"icao":"FVHF","name":"FIR HARARE","label":[29.871,-19.002]},"geometry":{"type":"MultiLineString","coordinates":[[[29.99,-15.652],[30.153,-15.631],[30.214,-15.665],[30.258,-15.639],[30.353,-15.66],[30.416,-15.632],[30.423,-16.009],[30.929,-16.002],[31.001,-16.065],[31.137,-15.995],[31.277,-16.019],[31.429,-16.164],[31.722,-16.215],[31.899,-16.356],[31.91,-16.426],[32.378,-16.47],[32.701,-16.601],[32.708,-16.684],[32.767,-16.718],[32.981,-16.709],[32.939,-16.842],[32.843,-16.936],[32.968,-17.148],[32.992,-17.306],[33.041,-17.344],[32.954,-17.5],[33.044,-17.62],[33.02,-17.8],[32.968,-17.823],[32.974,-17.93],[32.946,-17.975],[33.001,-18.183],[32.969,-18.246],[33.073,-18.349],[33.001,-18.413],[33.017,-18.463],[32.888,-18.531],[32.95,-18.69],[32.925,-18.773],[32.817,-18.779],[32.707,-18.829],[32.735,-18.919],[32.699,-18.944],[32.716,-19.022],[32.839,-19.023],[32.884,-19.095],[32.854,-19.282],[32.785,-19.366],[32.783,-19.468],[32.851,-19.494],[32.842,-19.682],[32.913,-19.693],[32.966,-19.649],[32.972,-19.733],[33.059,-19.78],[33.027,-20.031],[32.953,-20.036],[32.949,-20.084],[32.905,-20.099],[32.872,-20.279],[32.666,-20.557],[32.551,-20.555],[32.502,-20.599],[32.484,-20.662],[32.521,-20.914],[32.358,-21.131],[32.489,-21.344],[32.416,-21.307],[31.407,-22.34],[31.298,-22.415],[31.262,-22.367],[31.156,-22.322],[31.089,-22.338],[30.908,-22.289],[30.307,-22.346],[30.242,-22.296],[30.139,-22.302],[29.933,-22.188],[29.767,-22.136],[29.655,-22.124],[29.549,-22.15],[29.531,-22.181],[29.451,-22.163],[29.374,-22.192],[29.256,-22.065],[29.175,-22.08],[29.074,-22.038],[29.033,-21.957],[29.081,-21.825],[29.061,-21.798],[28.868,-21.754],[28.574,-21.632],[28.498,-21.662],[28.289,-21.587],[28.016,-21.566],[27.967,-21.507],[27.973,-21.445],[27.912,-21.318],[27.686,-21.071],[27.694,-20.863],[27.731,-20.748],[27.713,-20.506],[27.47,-20.465],[27.287,-20.495],[27.291,-20.242],[27.22,-20.092],[27.125,-20.073],[27.027,-20],[26.976,-20.011],[26.733,-19.932],[26.705,-19.882],[26.615,-19.858],[26.569,-19.785],[26.326,-19.654],[26.357,-19.617],[26.329,-19.581],[26.166,-19.528],[26.04,-19.206],[25.963,-19.106],[25.987,-18.988],[25.956,-18.914],[25.825,-18.808],[25.776,-18.619],[25.688,-18.573],[25.522,-18.391],[25.402,-18.135],[25.315,-18.074],[25.239,-17.913],[25.264,-17.802],[25.332,-17.843],[25.514,-17.863],[25.682,-17.807],[25.854,-17.909],[25.86,-17.973],[25.91,-17.997],[26.093,-17.967],[26.098,-17.933],[26.215,-17.884],[26.564,-17.994],[26.606,-18.046],[26.696,-18.076],[26.759,-18.028],[27.038,-17.959],[27.15,-17.857],[27.149,-17.8],[27.348,-17.575],[27.619,-17.337],[27.639,-17.225],[27.825,-16.959],[28.139,-16.824],[28.26,-16.724],[28.646,-16.564],[28.759,-16.552],[28.854,-16.388],[28.861,-16.049],[28.927,-15.972],[29.045,-15.95],[29.086,-15.882],[29.25,-15.775],[29.508,-15.706],[29.563,-15.662],[29.656,-15.671],[29.831,-15.616],[29.99,-15.652]]]}},{"type":"Feature","properties":{"icao":"FWLL","name":"FIR LILONGWE","label":[33.544,-10.571]},"geometry":{"type":"MultiLineString","coordinates":[[[33.689,-10.586],[33.511,-10.776],[33.411,-10.802],[33.549,-10.216],[33.547,-10.346],[33.647,-10.501],[33.685,-10.513],[33.689,-10.586]]]}},{"type":"Feature","properties":{"icao":"FWLL","name":"FIR LILONGWE","label":[34.306,-13.309]},"geometry":{"type":"MultiLineString","coordinates":[[[33.115,-9.475],[33.192,-9.509],[33.314,-9.486],[33.394,-9.538],[33.438,-9.616],[33.509,-9.622],[33.585,-9.584],[33.684,-9.611],[33.756,-9.583],[33.92,-9.708],[33.953,-9.673],[33.957,-9.527],[34.039,-9.483],[34.325,-9.733],[34.338,-9.788],[34.534,-10.041],[34.524,-10.108],[34.585,-10.282],[34.585,-10.562],[34.624,-10.589],[34.676,-10.743],[34.643,-10.922],[34.599,-10.984],[34.614,-11.105],[34.71,-11.201],[34.764,-11.345],[34.867,-11.36],[34.964,-11.509],[34.966,-11.8],[34.885,-12.034],[34.702,-12.197],[34.697,-12.435],[34.79,-12.705],[34.723,-12.919],[34.79,-13.088],[34.762,-13.319],[34.83,-13.398],[34.866,-13.506],[35.095,-13.686],[35.877,-14.656],[35.881,-14.885],[35.924,-14.886],[35.8,-15.178],[35.867,-15.419],[35.845,-15.683],[35.761,-16.012],[35.563,-16.312],[35.259,-16.504],[34.902,-16.553],[34.724,-16.52],[34.557,-16.45],[34.285,-16.215],[34.167,-16],[33.667,-14.667],[33.678,-14.605],[33.549,-14.442],[33.479,-14.411],[33.377,-14.215],[33.304,-14.148],[33.31,-14.071],[33.25,-14.002],[33.206,-14.001],[33.16,-13.922],[33.028,-14.053],[32.99,-14.007],[33,-13.942],[32.959,-13.931],[32.899,-13.82],[32.775,-13.764],[32.833,-13.71],[32.786,-13.641],[32.68,-13.616],[32.691,-13.565],[32.745,-13.575],[32.832,-13.529],[32.838,-13.465],[32.921,-13.384],[32.941,-13.272],[33.02,-13.196],[32.986,-13.096],[33.034,-12.899],[32.968,-12.851],[32.959,-12.769],[33.046,-12.604],[33.15,-12.582],[33.192,-12.621],[33.28,-12.527],[33.371,-12.538],[33.547,-12.349],[33.484,-12.311],[33.374,-12.332],[33.273,-12.144],[33.332,-11.897],[33.326,-11.618],[33.304,-11.579],[33.229,-11.562],[33.26,-11.496],[33.247,-11.403],[33.292,-11.411],[33.412,-11.156],[33.332,-11.05],[33.299,-10.908],[33.251,-10.887],[33.333,-10.819],[33.411,-10.802],[33.549,-10.216],[33.324,-10.068],[33.331,-9.994],[33.388,-9.913],[33.349,-9.819],[33.227,-9.711],[33.207,-9.603],[33.118,-9.587],[33.093,-9.665],[33.061,-9.616],[32.996,-9.619],[33.017,-9.514],[32.948,-9.483],[32.946,-9.396],[32.998,-9.373],[33.115,-9.475]]]}},{"type":"Feature","properties":{"icao":"FWLL","name":"FIR LILONGWE","label":[34.311,-13.325]},"geometry":{"type":"MultiLineString","coordinates":[[[33.115,-9.475],[33.192,-9.509],[33.314,-9.486],[33.394,-9.538],[33.438,-9.616],[33.509,-9.622],[33.585,-9.584],[33.684,-9.611],[33.756,-9.583],[33.92,-9.708],[33.953,-9.673],[33.957,-9.527],[34.039,-9.483],[34.325,-9.733],[34.338,-9.788],[34.534,-10.041],[34.524,-10.108],[34.585,-10.282],[34.585,-10.562],[34.624,-10.589],[34.676,-10.743],[34.643,-10.922],[34.599,-10.984],[34.614,-11.105],[34.71,-11.201],[34.764,-11.345],[34.867,-11.36],[34.964,-11.509],[34.966,-11.8],[34.885,-12.034],[34.702,-12.197],[34.697,-12.435],[34.79,-12.705],[34.723,-12.919],[34.79,-13.088],[34.762,-13.319],[34.83,-13.398],[34.866,-13.506],[35.095,-13.686],[35.877,-14.656],[35.881,-14.885],[35.924,-14.886],[35.8,-15.178],[35.867,-15.419],[35.845,-15.683],[35.761,-16.012],[35.563,-16.312],[35.259,-16.504],[34.902,-16.553],[34.724,-16.52],[34.557,-16.45],[34.285,-16.215],[34.167,-16],[33.667,-14.667],[33.678,-14.605],[33.549,-14.442],[33.479,-14.411],[33.377,-14.215],[33.304,-14.148],[33.31,-14.071],[33.25,-14.002],[33.206,-14.001],[33.16,-13.922],[33.028,-14.053],[32.99,-14.007],[33,-13.942],[32.959,-13.931],[32.899,-13.82],[32.775,-13.764],[32.833,-13.71],[32.786,-13.641],[32.68,-13.616],[32.691,-13.565],[32.745,-13.575],[32.832,-13.529],[32.838,-13.465],[32.921,-13.384],[32.941,-13.272],[33.02,-13.196],[32.986,-13.096],[33.034,-12.899],[32.968,-12.851],[32.959,-12.769],[33.046,-12.604],[33.15,-12.582],[33.192,-12.621],[33.28,-12.527],[33.371,-12.538],[33.547,-12.349],[33.484,-12.311],[33.374,-12.332],[33.273,-12.144],[33.332,-11.897],[33.331,-11.745],[33.314,-11.586],[33.231,-11.575],[33.26,-11.496],[33.244,-11.413],[33.292,-11.411],[33.412,-11.156],[33.332,-11.05],[33.299,-10.908],[33.251,-10.887],[33.344,-10.814],[33.511,-10.776],[33.702,-10.562],[33.567,-10.393],[33.555,-10.22],[33.324,-10.068],[33.331,-9.994],[33.388,-9.913],[33.349,-9.819],[33.227,-9.711],[33.207,-9.603],[33.118,-9.587],[33.093,-9.665],[33.061,-9.616],[32.996,-9.619],[33.017,-9.514],[32.948,-9.483],[32.946,-9.396],[32.998,-9.373],[33.115,-9.475]]]}},{"type":"Feature","properties":{"icao":"FYWH","name":"FIR WINDHOEK","label":[15.413,-22.371]},"geometry":{"type":"MultiLineString","coordinates":[[[13.179,-16.962],[13.252,-16.985],[13.373,-16.969],[13.474,-17.012],[13.526,-17.078],[13.525,-17.127],[13.897,-17.345],[13.973,-17.424],[14.177,-17.42],[14.204,-17.383],[18.452,-17.39],[18.637,-17.645],[18.756,-17.748],[18.916,-17.816],[19.242,-17.806],[19.343,-17.848],[19.559,-17.868],[19.662,-17.838],[19.762,-17.899],[19.812,-17.858],[19.921,-17.857],[20.036,-17.9],[20.338,-17.858],[20.547,-17.982],[20.752,-17.996],[20.806,-18.038],[20.954,-17.968],[21.164,-17.931],[21.242,-17.939],[21.379,-18.015],[24.239,-17.478],[24.437,-17.482],[24.569,-17.534],[24.664,-17.494],[24.926,-17.539],[24.986,-17.586],[25.037,-17.585],[25.031,-17.616],[25.095,-17.651],[25.093,-17.679],[25.257,-17.789],[25.147,-17.786],[25.073,-17.832],[24.96,-17.801],[24.828,-17.839],[24.655,-17.948],[24.56,-18.057],[24.496,-18.059],[24.419,-17.955],[24.363,-17.949],[24.3,-18.03],[24.201,-18.019],[24.103,-18.111],[23.916,-18.201],[23.895,-18.262],[23.616,-18.485],[23.571,-18.467],[23.52,-18.267],[23.451,-18.202],[23.398,-18.194],[23.297,-17.996],[23.078,-18.004],[21.462,-18.304],[20.993,-18.318],[20.992,-21.997],[19.996,-22.001],[20.02,-24.779],[20.127,-24.882],[20.245,-24.919],[20.39,-25.037],[20.466,-25.167],[20.451,-25.202],[20.538,-25.288],[20.556,-25.38],[20.612,-25.399],[20.628,-25.466],[20.676,-25.463],[20.636,-25.487],[20.635,-25.53],[20.69,-25.591],[20.656,-25.623],[20.757,-25.782],[20.744,-25.825],[20.781,-25.821],[20.811,-25.883],[20.818,-26.062],[20.861,-26.14],[20.69,-26.39],[20.611,-26.449],[20.602,-26.536],[20.634,-26.59],[20.606,-26.688],[20.64,-26.824],[20.692,-26.896],[20.89,-26.795],[21.003,-26.845],[21,-27.5],[10,-27.5],[10,-18],[11.753,-17.255],[11.826,-17.266],[11.976,-17.164],[12.168,-17.144],[12.246,-17.227],[12.421,-17.204],[12.451,-17.254],[12.557,-17.243],[12.816,-17.109],[12.923,-17.016],[13.179,-16.962]]]}},{"type":"Feature","properties":{"icao":"FZZA","name":"FIR KINSHASA","label":[23.639,-2.754]},"geometry":{"type":"MultiLineString","coordinates":[[[25.556,5.368],[25.749,5.242],[25.791,5.264],[25.826,5.196],[25.876,5.218],[25.9,5.167],[25.973,5.232],[26.057,5.192],[26.133,5.257],[26.292,5.141],[26.386,5.146],[26.461,5.059],[26.521,5.042],[26.583,5.078],[26.732,5.093],[26.868,5.029],[26.945,5.146],[27.067,5.201],[27.142,5.195],[27.419,5.075],[27.437,5.022],[27.578,4.895],[27.667,4.892],[27.704,4.794],[27.757,4.796],[27.782,4.76],[27.788,4.601],[27.868,4.556],[28.033,4.561],[28.028,4.483],[28.069,4.422],[28.116,4.448],[28.206,4.346],[28.336,4.351],[28.375,4.281],[28.442,4.288],[28.506,4.373],[28.572,4.375],[28.594,4.413],[28.651,4.424],[28.712,4.538],[28.777,4.562],[28.821,4.485],[29.013,4.498],[29.201,4.346],[29.244,4.346],[29.254,4.388],[29.322,4.387],[29.354,4.461],[29.433,4.526],[29.48,4.677],[29.615,4.656],[29.815,4.56],[29.795,4.379],[29.937,4.323],[29.945,4.244],[30.027,4.205],[30.065,4.128],[30.144,4.106],[30.196,4.008],[30.75,4],[31,1.75],[30.688,1.494],[30.449,1.207],[30.349,1.196],[30.332,1.151],[30.278,1.169],[30.236,1.134],[30.219,0.996],[30.146,0.898],[29.961,0.826],[29.938,0.634],[29.962,0.487],[29.858,0.367],[29.814,0.159],[29.773,0.172],[29.717,0.072],[29.735,-0.001],[29.649,-0.44],[29.672,-0.572],[29.638,-0.593],[29.618,-0.733],[29.628,-0.889],[29.578,-0.9],[29.566,-1.006],[29.597,-1.386],[29.456,-1.504],[29.361,-1.51],[29.146,-1.811],[29.124,-1.911],[29.169,-2.074],[29.159,-2.157],[29.1,-2.267],[28.993,-2.286],[28.958,-2.362],[28.881,-2.373],[28.862,-2.436],[28.883,-2.488],[28.853,-2.514],[28.891,-2.559],[28.889,-2.654],[29.025,-2.738],[28.988,-2.811],[29.041,-2.819],[29.084,-2.925],[29.239,-3.064],[29.211,-3.237],[29.237,-3.272],[29.208,-3.312],[29.247,-3.594],[29.236,-3.916],[29.339,-4.041],[29.387,-4.159],[29.43,-4.501],[29.341,-4.798],[29.349,-4.94],[29.459,-5.184],[29.632,-5.722],[29.498,-5.98],[29.542,-6.269],[29.733,-6.628],[30.104,-6.881],[29.883,-8.117],[28,-12],[25.5,-12],[22,-9],[15.928,-5.861],[14.959,-5.863],[14.7,-5.874],[14.596,-5.908],[14.189,-5.862],[14.037,-5.878],[13.98,-5.836],[13.76,-5.862],[13.452,-5.848],[13.343,-5.898],[13.036,-5.868],[12.814,-5.967],[12.469,-6.057],[12.361,-6.134],[12.236,-6.167],[12.135,-6.159],[12.01,-6.069],[11.894,-5.89],[11.902,-5.71],[12.035,-5.686],[12.177,-5.743],[12.202,-5.787],[12.284,-5.734],[12.527,-5.724],[12.542,-5.127],[12.465,-5.096],[12.458,-5.06],[12.607,-4.998],[12.623,-4.932],[12.701,-4.925],[12.717,-4.869],[12.781,-4.83],[12.854,-4.716],[13.082,-4.67],[13.101,-4.573],[13.145,-4.589],[13.195,-4.684],[13.376,-4.787],[13.414,-4.882],[13.515,-4.798],[13.502,-4.768],[13.538,-4.751],[13.606,-4.781],[13.636,-4.728],[13.699,-4.728],[13.696,-4.696],[13.73,-4.693],[13.729,-4.446],[13.819,-4.422],[13.885,-4.487],[13.965,-4.495],[14.069,-4.392],[14.181,-4.388],[14.41,-4.273],[14.399,-4.341],[14.488,-4.427],[14.439,-4.509],[14.365,-4.558],[14.428,-4.677],[14.419,-4.887],[14.489,-4.84],[14.661,-4.909],[14.83,-4.824],[14.92,-4.657],[15.094,-4.5],[15.21,-4.339],[15.328,-4.277],[15.411,-4.298],[15.457,-4.268],[15.542,-4.051],[15.839,-3.971],[15.911,-3.92],[16.227,-3.328],[16.192,-3.262],[16.182,-2.912],[16.237,-2.642],[16.187,-2.385],[16.196,-2.176],[16.528,-1.862],[16.74,-1.428],[16.875,-1.24],[17.122,-1.068],[17.327,-1.001],[17.545,-0.786],[17.715,-0.537],[17.746,-0.376],[17.718,-0.134],[17.804,0.149],[17.961,0.4],[17.966,0.478],[17.895,0.6],[17.908,0.803],[17.874,0.996],[18.071,1.535],[18.092,2.224],[18.223,2.414],[18.233,2.519],[18.343,2.613],[18.541,3.076],[18.612,3.132],[18.641,3.204],[18.591,3.719],[18.648,4.021],[18.63,4.135],[18.534,4.316],[18.582,4.371],[18.643,4.354],[18.753,4.392],[18.834,4.57],[19.002,4.747],[19.089,4.918],[19.191,4.946],[19.421,5.134],[19.704,5.137],[19.834,5.091],[19.897,4.997],[20.004,4.976],[20.234,4.806],[20.343,4.766],[20.457,4.625],[20.453,4.522],[20.586,4.41],[20.782,4.418],[20.839,4.449],[20.965,4.434],[21.073,4.394],[21.209,4.289],[21.283,4.334],[21.355,4.28],[21.539,4.245],[21.652,4.299],[21.743,4.295],[21.87,4.237],[21.992,4.246],[22.103,4.214],[22.26,4.134],[22.379,4.128],[22.455,4.145],[22.539,4.219],[22.541,4.281],[22.613,4.369],[22.592,4.467],[22.69,4.484],[22.776,4.707],[22.856,4.707],[22.891,4.819],[22.975,4.831],[23.019,4.746],[23.084,4.71],[23.173,4.731],[23.272,4.625],[23.426,4.592],[23.442,4.654],[23.584,4.734],[23.83,4.821],[23.942,4.81],[23.954,4.873],[23.982,4.855],[24.106,4.92],[24.152,4.9],[24.227,4.96],[24.256,4.929],[24.286,4.995],[24.401,5.03],[24.355,5.055],[24.394,5.116],[24.421,5.068],[24.465,5.104],[24.602,5.026],[24.616,4.981],[24.666,4.956],[24.66,4.917],[24.782,4.913],[24.965,4.988],[25.07,4.946],[25.134,5.018],[25.176,4.995],[25.29,5.025],[25.344,5.112],[25.311,5.191],[25.376,5.295],[25.362,5.315],[25.556,5.368]]]}},{"type":"Feature","properties":{"icao":"FZZA","name":"FIR KINSHASA","label":[23.741,-2.625]},"geometry":{"type":"MultiLineString","coordinates":[[[25.556,5.368],[25.749,5.242],[25.791,5.264],[25.826,5.196],[25.876,5.218],[25.9,5.167],[25.973,5.232],[26.057,5.192],[26.133,5.257],[26.292,5.141],[26.386,5.146],[26.461,5.059],[26.521,5.042],[26.583,5.078],[26.732,5.093],[26.868,5.029],[26.945,5.146],[27.067,5.201],[27.142,5.195],[27.419,5.075],[27.437,5.022],[27.578,4.895],[27.667,4.892],[27.704,4.794],[27.757,4.796],[27.782,4.76],[27.788,4.601],[27.868,4.556],[28.033,4.561],[28.028,4.483],[28.069,4.422],[28.116,4.448],[28.206,4.346],[28.336,4.351],[28.375,4.281],[28.442,4.288],[28.506,4.373],[28.572,4.375],[28.594,4.413],[28.651,4.424],[28.712,4.538],[28.777,4.562],[28.821,4.485],[29.013,4.498],[29.201,4.346],[29.244,4.346],[29.254,4.388],[29.322,4.387],[29.354,4.461],[29.433,4.526],[29.48,4.677],[29.615,4.656],[29.815,4.56],[29.795,4.379],[29.937,4.323],[29.945,4.244],[30.027,4.205],[30.065,4.128],[30.144,4.106],[30.196,4.008],[30.75,4],[31,1.75],[30.688,1.494],[30.449,1.207],[30.349,1.196],[30.332,1.151],[30.278,1.169],[30.236,1.134],[30.219,0.996],[30.146,0.898],[29.961,0.826],[29.938,0.634],[29.962,0.487],[29.858,0.367],[29.814,0.159],[29.773,0.172],[29.717,0.072],[29.735,-0.001],[29.649,-0.44],[29.672,-0.572],[29.638,-0.593],[29.618,-0.733],[29.628,-0.889],[29.578,-0.9],[29.566,-1.006],[29.597,-1.386],[29.456,-1.504],[29.361,-1.51],[29.146,-1.811],[29.124,-1.911],[29.169,-2.074],[29.159,-2.157],[29.1,-2.267],[28.993,-2.286],[28.958,-2.362],[28.881,-2.373],[28.862,-2.436],[28.883,-2.488],[28.853,-2.514],[28.891,-2.559],[28.889,-2.654],[29.025,-2.738],[28.988,-2.811],[29.041,-2.819],[29.084,-2.925],[29.239,-3.064],[29.211,-3.237],[29.237,-3.272],[29.208,-3.312],[29.247,-3.594],[29.236,-3.916],[29.339,-4.041],[29.387,-4.159],[29.43,-4.501],[29.341,-4.798],[29.349,-4.94],[29.459,-5.184],[29.632,-5.722],[29.498,-5.98],[29.542,-6.269],[29.733,-6.628],[30.104,-6.881],[29.883,-8.117],[28,-12],[25.5,-12],[22,-9],[22,-7.333],[15.928,-5.861],[14.959,-5.863],[14.7,-5.874],[14.596,-5.908],[14.189,-5.862],[14.037,-5.878],[13.98,-5.836],[13.76,-5.862],[13.452,-5.848],[13.343,-5.898],[13.036,-5.868],[12.814,-5.967],[12.469,-6.057],[12.361,-6.134],[12.236,-6.167],[12.135,-6.159],[12.01,-6.069],[11.894,-5.89],[11.902,-5.71],[12.035,-5.686],[12.177,-5.743],[12.202,-5.787],[12.284,-5.734],[12.527,-5.724],[12.542,-5.127],[12.465,-5.096],[12.458,-5.06],[12.607,-4.998],[12.623,-4.932],[12.701,-4.925],[12.717,-4.869],[12.781,-4.83],[12.854,-4.716],[13.082,-4.67],[13.101,-4.573],[13.145,-4.589],[13.195,-4.684],[13.376,-4.787],[13.414,-4.882],[13.515,-4.798],[13.502,-4.768],[13.538,-4.751],[13.606,-4.781],[13.636,-4.728],[13.699,-4.728],[13.696,-4.696],[13.73,-4.693],[13.729,-4.446],[13.819,-4.422],[13.885,-4.487],[13.965,-4.495],[14.069,-4.392],[14.181,-4.388],[14.41,-4.273],[14.399,-4.341],[14.488,-4.427],[14.439,-4.509],[14.365,-4.558],[14.428,-4.677],[14.419,-4.887],[14.489,-4.84],[14.661,-4.909],[14.83,-4.824],[14.92,-4.657],[15.094,-4.5],[15.21,-4.339],[15.328,-4.277],[15.411,-4.298],[15.457,-4.268],[15.542,-4.051],[15.839,-3.971],[15.911,-3.92],[16.227,-3.328],[16.192,-3.262],[16.182,-2.912],[16.237,-2.642],[16.187,-2.385],[16.196,-2.176],[16.528,-1.862],[16.74,-1.428],[16.875,-1.24],[17.122,-1.068],[17.327,-1.001],[17.545,-0.786],[17.715,-0.537],[17.746,-0.376],[17.718,-0.134],[17.804,0.149],[17.961,0.4],[17.966,0.478],[17.895,0.6],[17.908,0.803],[17.874,0.996],[18.071,1.535],[18.092,2.224],[18.223,2.414],[18.233,2.519],[18.343,2.613],[18.541,3.076],[18.612,3.132],[18.641,3.204],[18.591,3.719],[18.648,4.021],[18.63,4.135],[18.534,4.316],[18.582,4.371],[18.643,4.354],[18.753,4.392],[18.834,4.57],[19.002,4.747],[19.089,4.918],[19.191,4.946],[19.421,5.134],[19.704,5.137],[19.834,5.091],[19.897,4.997],[20.004,4.976],[20.234,4.806],[20.343,4.766],[20.457,4.625],[20.453,4.522],[20.586,4.41],[20.782,4.418],[20.839,4.449],[20.965,4.434],[21.073,4.394],[21.209,4.289],[21.283,4.334],[21.355,4.28],[21.539,4.245],[21.652,4.299],[21.743,4.295],[21.87,4.237],[21.992,4.246],[22.103,4.214],[22.26,4.134],[22.379,4.128],[22.455,4.145],[22.539,4.219],[22.541,4.281],[22.613,4.369],[22.592,4.467],[22.69,4.484],[22.776,4.707],[22.856,4.707],[22.891,4.819],[22.975,4.831],[23.019,4.746],[23.084,4.71],[23.173,4.731],[23.272,4.625],[23.426,4.592],[23.442,4.654],[23.584,4.734],[23.83,4.821],[23.942,4.81],[23.954,4.873],[23.982,4.855],[24.106,4.92],[24.152,4.9],[24.227,4.96],[24.256,4.929],[24.286,4.995],[24.401,5.03],[24.355,5.055],[24.394,5.116],[24.421,5.068],[24.465,5.104],[24.602,5.026],[24.616,4.981],[24.666,4.956],[24.66,4.917],[24.782,4.913],[24.965,4.988],[25.07,4.946],[25.134,5.018],[25.176,4.995],[25.29,5.025],[25.344,5.112],[25.311,5.191],[25.376,5.295],[25.362,5.315],[25.556,5.368]]]}},{"type":"Feature","properties":{"icao":"GCCC","name":"FIR CANARIAS","label":[-18.039,25.896]},"geometry":{"type":"MultiLineString","coordinates":[[[-20,30],[-17.417,31.65],[-16.981,31.501],[-16.525,31.421],[-16.132,31.424],[-15.75,31.5],[-12.5,30],[-13.167,27.667],[-8.667,27.667],[-8.667,26],[-12.001,26],[-12,23.45],[-12.156,23.416],[-12.366,23.319],[-12.571,23.291],[-12.998,23.025],[-13.105,22.893],[-13.15,22.758],[-13.08,22.52],[-13,21.333],[-16.951,21.331],[-17.076,20.906],[-17.067,20.783],[-19,19],[-20,20],[-25,24],[-25,30],[-20,30]]]}},{"type":"Feature","properties":{"icao":"GCCC","name":"FIR CANARIAS","label":[-11.047,25.602]},"geometry":{"type":"MultiLineString","coordinates":[[[-12,25.911],[-12,23.45],[-12.156,23.416],[-12.366,23.319],[-12.571,23.291],[-12.998,23.025],[-13.105,22.893],[-13.15,22.758],[-13.08,22.52],[-13,21.333],[-14,21.333],[-12,25.911]],[[-12,25.911],[-12.001,26],[-11.961,26],[-12,25.911]],[[-11.233,27.667],[-8.667,27.667],[-8.667,26],[-11.961,26],[-11.233,27.667]]]}},{"type":"Feature","properties":{"icao":"GCCC","name":"FIR CANARIAS","label":[-18.49,25.915]},"geometry":{"type":"MultiLineString","coordinates":[[[-20,30],[-17.417,31.65],[-16.981,31.501],[-16.525,31.421],[-16.132,31.424],[-15.75,31.5],[-12.5,30],[-13.167,27.667],[-11.233,27.667],[-14,21.334],[-16.951,21.331],[-17.076,20.906],[-17.067,20.783],[-19,19],[-20,20],[-25,24],[-25,30],[-20,30]]]}},{"type":"Feature","properties":{"icao":"GLRB","name":"FIR ROBERTS","label":[-11.138,7.567]},"geometry":{"type":"MultiLineString","coordinates":[[[-9.294,12.354],[-9.294,12.354]],[[-9.297,12.366],[-9.401,12.451],[-9.333,12.5],[-9.297,12.366]],[[-9.294,12.354],[-9.171,12.033],[-8.875,11.638],[-8.47,11.356],[-8.24,11.266],[-8,11.217],[-8,10.167],[-8.417,7.5],[-7.45,6.25],[-7.333,0],[-16.917,9],[-15.009,10.96],[-14.698,11.5],[-14.515,11.512],[-14.315,11.616],[-14.276,11.679],[-13.995,11.641],[-13.938,11.682],[-13.878,11.669],[-13.856,11.747],[-13.792,11.685],[-13.709,11.715],[-13.708,12.013],[-13.793,12.044],[-13.89,12.144],[-13.971,12.155],[-13.963,12.202],[-13.854,12.25],[-13.859,12.279],[-13.804,12.292],[-13.811,12.255],[-13.72,12.256],[-13.667,12.323],[-13.674,12.4],[-13.643,12.458],[-13.711,12.613],[-13.71,12.682],[-13.061,12.64],[-13.042,12.59],[-13.069,12.53],[-13.038,12.473],[-12.963,12.47],[-12.943,12.532],[-12.901,12.547],[-12.83,12.507],[-12.841,12.48],[-12.763,12.461],[-12.766,12.437],[-12.633,12.437],[-12.579,12.36],[-12.446,12.387],[-12.345,12.302],[-12.17,12.354],[-12.098,12.41],[-11.969,12.391],[-11.908,12.429],[-11.842,12.386],[-11.757,12.38],[-11.638,12.426],[-11.427,12.426],[-11.37,12.392],[-11.441,12.363],[-11.431,12.282],[-11.493,12.17],[-11.377,12.108],[-11.315,12.023],[-11.248,11.995],[-11.178,12.016],[-11.144,12.083],[-11.063,12.137],[-11.041,12.21],[-10.929,12.224],[-10.793,12.11],[-10.796,12.031],[-10.732,11.92],[-10.653,11.893],[-10.613,11.97],[-10.516,12.048],[-10.511,12.116],[-10.357,12.166],[-10.329,12.224],[-10.296,12.19],[-10.251,12.222],[-10.102,12.18],[-9.868,12.054],[-9.702,12.029],[-9.641,12.157],[-9.467,12.249],[-9.344,12.25],[-9.294,12.354]]]}},{"type":"Feature","properties":{"icao":"GMMM","name":"FIR CASABLANCA","label":[-8.485,32.4]},"geometry":{"type":"MultiLineString","coordinates":[[[-15.377,31.649],[-14.991,31.891],[-14.677,32.191],[-12,35.967],[-7.383,35.967],[-7.383,35.833],[-2.1,35.833],[-2.207,35.044],[-1.747,34.747],[-1.857,34.61],[-1.687,34.486],[-1.793,34.378],[-1.751,34.349],[-1.653,34.085],[-1.71,33.883],[-1.681,33.77],[-1.731,33.705],[-1.642,33.651],[-1.6,33.557],[-1.667,33.383],[-1.668,33.261],[-1.48,33.063],[-1.487,32.979],[-1.542,32.939],[-1.383,32.724],[-1.3,32.701],[-1.01,32.508],[-1.12,32.416],[-1.196,32.405],[-1.25,32.327],[-1.254,32.215],[-1.296,32.163],[-1.201,32.17],[-1.176,32.121],[-1.213,32.09],[-2.331,32.157],[-2.89,32.072],[-2.938,32.029],[-2.948,31.966],[-2.667,31.833],[-8.667,28.667],[-8.667,27.667],[-13.167,27.667],[-12.5,30],[-15.75,31.5],[-15.377,31.649]]]}},{"type":"Feature","properties":{"icao":"GOOO","name":"FIR DAKAR","label":[-10.038,15.282]},"geometry":{"type":"MultiLineString","coordinates":[[[-3.002,-1.844],[-3.002,-1.844]],[[-3.002,-1.844],[-7.335,0.007],[-7.452,6.25],[-8.417,7.5],[-8,10.167],[-8.002,11.224],[-8.242,11.274],[-8.472,11.363],[-8.877,11.645],[-9.173,12.04],[-9.335,12.507],[-9.401,12.451],[-9.297,12.366],[-9.313,12.273],[-9.467,12.249],[-9.628,12.165],[-9.702,12.029],[-9.868,12.054],[-10.096,12.178],[-10.251,12.222],[-10.296,12.19],[-10.324,12.225],[-10.357,12.166],[-10.511,12.116],[-10.516,12.048],[-10.657,11.894],[-10.732,11.92],[-10.796,12.031],[-10.791,12.106],[-10.929,12.224],[-11.041,12.21],[-11.064,12.137],[-11.144,12.083],[-11.178,12.016],[-11.248,11.995],[-11.32,12.025],[-11.377,12.108],[-11.494,12.17],[-11.431,12.282],[-11.441,12.363],[-11.371,12.392],[-11.427,12.426],[-11.638,12.426],[-11.736,12.38],[-11.842,12.386],[-11.908,12.429],[-11.969,12.391],[-12.099,12.41],[-12.17,12.354],[-12.346,12.301],[-12.446,12.387],[-12.579,12.36],[-12.633,12.437],[-12.766,12.437],[-12.901,12.547],[-12.943,12.532],[-12.964,12.47],[-13.038,12.473],[-13.069,12.53],[-13.042,12.59],[-13.061,12.64],[-13.71,12.682],[-13.711,12.613],[-13.643,12.458],[-13.667,12.323],[-13.721,12.256],[-13.811,12.255],[-13.804,12.292],[-13.859,12.279],[-13.854,12.25],[-13.963,12.202],[-13.97,12.156],[-13.89,12.144],[-13.793,12.044],[-13.709,12.013],[-13.709,11.715],[-13.792,11.685],[-13.856,11.747],[-13.878,11.669],[-13.938,11.682],[-13.995,11.641],[-14.276,11.679],[-14.316,11.616],[-14.515,11.512],[-14.699,11.5],[-15.006,10.964],[-16.917,9],[-21.367,12.967],[-20,15],[-20.002,20.007],[-19.002,19.007],[-17.069,20.79],[-17.077,20.913],[-16.952,21.338],[-13.998,21.338],[-12.002,25.907],[-12.002,26.007],[-11.958,26.007],[-11.233,27.667],[-8.667,27.667],[-8.667,27.309],[-5.822,25.625],[-3.583,24.226],[-3.6,16.35],[-4.066,14.493],[-4.285,12.874],[-4.802,12.007],[-5.252,11.507],[-5.618,10.04],[-2.764,9.869],[-2.738,9.826],[-2.794,9.729],[-2.745,9.653],[-2.769,9.568],[-2.676,9.471],[-2.668,9.377],[-2.716,9.312],[-2.661,9.257],[-2.767,9.135],[-2.773,9.055],[-2.652,9.009],[-2.617,8.914],[-2.596,8.825],[-2.62,8.789],[-2.581,8.78],[-2.488,8.198],[-2.591,8.172],[-2.611,8.138],[-2.589,8.041],[-2.684,8.012],[-2.741,7.939],[-2.774,7.947],[-2.785,7.854],[-2.824,7.824],[-2.924,7.595],[-2.973,7.262],[-2.949,7.229],[-3.024,7.073],[-3.09,7.062],[-3.224,6.819],[-3.228,6.769],[-3.186,6.716],[-3.249,6.611],[-3.169,6.256],[-3.095,6.145],[-3.07,5.992],[-3.006,5.858],[-3.014,5.707],[-2.949,5.713],[-2.96,5.627],[-2.86,5.651],[-2.778,5.62],[-2.716,5.386],[-2.717,5.347],[-2.773,5.35],[-2.784,5.28],[-2.729,5.147],[-2.754,5.101],[-3.11,5.154],[-3.002,4.659],[-3.002,-1.844]],[[-13,21.338],[-13.003,21.381],[-13,21.338]],[[-13.008,21.459],[-13.014,21.543],[-13.008,21.459]],[[-13.017,21.598],[-13.021,21.658],[-13.017,21.598]],[[-13.023,21.676],[-13.027,21.74],[-13.023,21.676]],[[-13.028,21.756],[-13.077,22.486],[-13.028,21.756]],[[-13.079,22.51],[-13.079,22.51]],[[-13.15,22.758],[-13.15,22.758]]]}},{"type":"Feature","properties":{"icao":"GOOO","name":"FIR DAKAR","label":[-10.008,14.982]},"geometry":{"type":"MultiLineString","coordinates":[[[-3.002,-1.844],[-3.002,-1.844]],[[-3.002,-1.844],[-7.335,0.007],[-7.452,6.25],[-8.417,7.5],[-8,10.167],[-8.002,11.224],[-8.242,11.274],[-8.472,11.363],[-8.877,11.645],[-9.173,12.04],[-9.335,12.507],[-9.401,12.451],[-9.297,12.366],[-9.313,12.273],[-9.467,12.249],[-9.628,12.165],[-9.702,12.029],[-9.868,12.054],[-10.096,12.178],[-10.251,12.222],[-10.296,12.19],[-10.324,12.225],[-10.357,12.166],[-10.511,12.116],[-10.516,12.048],[-10.657,11.894],[-10.732,11.92],[-10.796,12.031],[-10.791,12.106],[-10.929,12.224],[-11.041,12.21],[-11.064,12.137],[-11.144,12.083],[-11.178,12.016],[-11.248,11.995],[-11.32,12.025],[-11.377,12.108],[-11.494,12.17],[-11.431,12.282],[-11.441,12.363],[-11.371,12.392],[-11.427,12.426],[-11.638,12.426],[-11.736,12.38],[-11.842,12.386],[-11.908,12.429],[-11.969,12.391],[-12.099,12.41],[-12.17,12.354],[-12.346,12.301],[-12.446,12.387],[-12.579,12.36],[-12.633,12.437],[-12.766,12.437],[-12.901,12.547],[-12.943,12.532],[-12.964,12.47],[-13.038,12.473],[-13.069,12.53],[-13.042,12.59],[-13.061,12.64],[-13.71,12.682],[-13.711,12.613],[-13.643,12.458],[-13.667,12.323],[-13.721,12.256],[-13.811,12.255],[-13.804,12.292],[-13.859,12.279],[-13.854,12.25],[-13.963,12.202],[-13.97,12.156],[-13.89,12.144],[-13.793,12.044],[-13.709,12.013],[-13.709,11.715],[-13.792,11.685],[-13.856,11.747],[-13.878,11.669],[-13.938,11.682],[-13.995,11.641],[-14.276,11.679],[-14.316,11.616],[-14.515,11.512],[-14.699,11.5],[-15.006,10.964],[-16.917,9],[-21.367,12.967],[-20,15],[-20.002,20.007],[-19.002,19.007],[-17.069,20.79],[-17.077,20.913],[-16.952,21.338],[-13,21.338],[-13.079,22.51],[-13.152,22.765],[-13.107,22.9],[-13,23.032],[-12.573,23.299],[-12.368,23.326],[-12.158,23.424],[-12.002,23.457],[-12.002,26.007],[-8.669,26.007],[-8.667,27.291],[-5.822,25.625],[-3.583,24.226],[-3.6,16.35],[-4.066,14.493],[-4.285,12.874],[-4.802,12.007],[-5.252,11.507],[-5.618,10.04],[-2.764,9.869],[-2.738,9.826],[-2.794,9.729],[-2.745,9.653],[-2.769,9.568],[-2.676,9.471],[-2.668,9.377],[-2.716,9.312],[-2.661,9.257],[-2.767,9.135],[-2.773,9.055],[-2.652,9.009],[-2.617,8.914],[-2.596,8.825],[-2.62,8.789],[-2.581,8.78],[-2.488,8.198],[-2.591,8.172],[-2.611,8.138],[-2.589,8.041],[-2.684,8.012],[-2.741,7.939],[-2.774,7.947],[-2.785,7.854],[-2.824,7.824],[-2.924,7.595],[-2.973,7.262],[-2.949,7.229],[-3.024,7.073],[-3.09,7.062],[-3.224,6.819],[-3.228,6.769],[-3.186,6.716],[-3.249,6.611],[-3.169,6.256],[-3.095,6.145],[-3.07,5.992],[-3.006,5.858],[-3.014,5.707],[-2.949,5.713],[-2.96,5.627],[-2.86,5.651],[-2.778,5.62],[-2.716,5.386],[-2.717,5.347],[-2.773,5.35],[-2.784,5.28],[-2.729,5.147],[-2.754,5.101],[-3.11,5.154],[-3.002,4.659],[-3.002,-1.844]]]}},{"type":"Feature","properties":{"icao":"GOOO","name":"FIR DAKAR","label":[-11.047,25.602]},"geometry":{"type":"MultiLineString","coordinates":[[[-12,25.911],[-12,23.45],[-12.156,23.416],[-12.366,23.319],[-12.571,23.291],[-12.998,23.025],[-13.105,22.893],[-13.15,22.758],[-13.08,22.52],[-13,21.333],[-14,21.333],[-12,25.911]],[[-12,25.911],[-12.001,26],[-11.961,26],[-12,25.911]],[[-11.233,27.667],[-8.667,27.667],[-8.667,26],[-11.961,26],[-11.233,27.667]]]}},{"type":"Feature","properties":{"icao":"GOOO","name":"FIR DAKAR OCEANIC","label":[-19.81,3.433]},"geometry":{"type":"MultiLineString","coordinates":[[[-3,-1.85],[-3,-9.533],[-10,-12],[-10,-6.367],[-16,-6.367],[-28.775,3.11],[-35,7.667],[-37.5,13.5],[-37.5,17],[-24.35,13.667],[-21.367,12.967],[-16.917,9],[-7.333,0],[-3,-1.85]]]}},{"type":"Feature","properties":{"icao":"GVSC","name":"FIR SAL OCEANIC","label":[-26.592,18.104]},"geometry":{"type":"MultiLineString","coordinates":[[[-20,15],[-21.367,12.967],[-24.35,13.667],[-37.5,17],[-25,24],[-20,20],[-20,15]]]}},{"type":"Feature","properties":{"icao":"HAAA","name":"FIR ADDIS ABABA","label":[39.582,8.693]},"geometry":{"type":"MultiLineString","coordinates":[[[37.963,14.811],[38.046,14.72],[38.262,14.679],[38.334,14.519],[38.449,14.418],[38.893,14.501],[39.011,14.585],[39.024,14.655],[39.152,14.6],[39.233,14.433],[39.297,14.494],[39.477,14.508],[39.543,14.575],[39.614,14.51],[39.789,14.514],[39.921,14.428],[39.991,14.465],[40.228,14.444],[40.469,14.261],[40.814,14.145],[41.069,13.873],[41.225,13.605],[41.757,13.236],[41.957,12.881],[42.198,12.743],[42.4,12.47],[42.456,12.529],[42.501,12.517],[42.699,12.364],[42.819,12.44],[42.808,12.526],[42.881,12.628],[42.912,12.617],[43.2,12.75],[44.05,12.167],[44.2,11.685],[44.2,11.46],[44.156,11.25],[44.021,11.009],[43.856,10.904],[43.811,10.919],[43.572,11.4],[43.333,11.667],[43.273,11.49],[42.94,11.005],[42.912,10.919],[42.847,10.887],[42.823,10.818],[42.761,10.776],[42.729,10.674],[42.663,10.633],[42.786,10.456],[42.861,10.204],[43.009,10.087],[43.077,9.931],[43.216,9.881],[43.275,9.646],[43.387,9.557],[43.428,9.43],[43.583,9.336],[43.628,9.354],[44.011,9.007],[47.012,8.001],[47.988,8.004],[46.561,6.619],[44.951,4.903],[43.982,4.963],[43.686,4.892],[43.164,4.671],[42.98,4.521],[42.926,4.372],[42.86,4.307],[42.379,4.203],[42.118,4.194],[41.956,4.085],[41.905,3.98],[36,4],[33,8],[36,13],[36.441,14.223],[36.565,14.293],[36.736,14.327],[36.886,14.32],[37.009,14.262],[37.084,14.297],[37.127,14.43],[37.279,14.454],[37.337,14.427],[37.396,14.301],[37.52,14.177],[37.524,14.119],[37.572,14.102],[37.911,14.884],[37.963,14.811]]]}},{"type":"Feature","properties":{"icao":"HBBA","name":"FIR BUJUMBURA","label":[29.889,-3.354]},"geometry":{"type":"MultiLineString","coordinates":[[[30.425,-2.315],[30.573,-2.399],[30.433,-2.648],[30.457,-2.686],[30.522,-2.657],[30.44,-2.747],[30.418,-2.862],[30.485,-2.947],[30.563,-2.893],[30.666,-2.976],[30.845,-2.976],[30.796,-3.049],[30.852,-3.145],[30.835,-3.257],[30.652,-3.333],[30.622,-3.37],[30.664,-3.387],[30.662,-3.419],[30.449,-3.547],[30.391,-3.711],[30.401,-3.786],[30.321,-3.787],[30.228,-3.928],[30.172,-4.087],[30.073,-4.167],[30.026,-4.269],[29.858,-4.371],[29.813,-4.36],[29.752,-4.461],[29.424,-4.448],[29.378,-4.134],[29.236,-3.916],[29.247,-3.594],[29.208,-3.312],[29.237,-3.272],[29.211,-3.237],[29.238,-3.058],[29.084,-2.925],[29.041,-2.819],[28.984,-2.8],[29.052,-2.706],[29.054,-2.614],[29.141,-2.589],[29.329,-2.654],[29.367,-2.825],[29.444,-2.796],[29.534,-2.826],[29.636,-2.78],[29.736,-2.804],[29.765,-2.758],[29.851,-2.76],[29.907,-2.693],[29.923,-2.519],[29.955,-2.475],[29.952,-2.309],[30.154,-2.431],[30.23,-2.336],[30.286,-2.356],[30.381,-2.299],[30.425,-2.315]]]}},{"type":"Feature","properties":{"icao":"HCSM","name":"FIR MOGADISHU","label":[49.05,6.523]},"geometry":{"type":"MultiLineString","coordinates":[[[50.767,12.183],[51.583,12],[60,12],[60,10.7],[44,-2],[42,-2],[41.762,-1.73],[41.558,-1.675],[41.555,-1.592],[40.998,-0.866],[40.987,2.83],[41.337,3.168],[41.937,4.017],[41.938,4.062],[42.074,4.176],[42.196,4.209],[42.379,4.203],[42.851,4.302],[42.926,4.372],[42.98,4.521],[43.164,4.671],[43.686,4.892],[43.982,4.963],[44.951,4.903],[46.561,6.619],[47.988,8.004],[47.012,8.001],[44.011,9.007],[43.628,9.354],[43.583,9.336],[43.428,9.43],[43.387,9.557],[43.275,9.646],[43.216,9.881],[43.077,9.931],[43.009,10.087],[42.848,10.224],[42.786,10.456],[42.664,10.637],[42.729,10.674],[42.761,10.776],[42.823,10.818],[42.847,10.887],[42.912,10.919],[43.273,11.49],[43.333,11.667],[43.572,11.4],[43.767,10.964],[43.856,10.904],[44.021,11.009],[44.156,11.25],[44.2,11.46],[44.183,11.75],[50.767,12.183]]]}},{"type":"Feature","properties":{"icao":"HECC","name":"FIR CAIRO","label":[30.113,27.369]},"geometry":{"type":"MultiLineString","coordinates":[[[34.898,29.513],[34.904,29.487],[34.989,29.49],[34.961,29.361],[34.583,28.1],[38,22],[25,22],[24.998,29.249],[24.878,29.506],[24.887,29.664],[24.812,29.784],[24.835,29.877],[24.707,30.169],[24.781,30.334],[24.926,30.506],[25.019,30.788],[24.869,31.156],[24.868,31.375],[25.041,31.499],[25.063,31.573],[25.159,31.643],[24.167,34],[27.167,34],[30,33.5],[33.983,31.833],[34.559,31.547],[34.389,31.395],[34.371,31.295],[34.268,31.217],[34.489,30.691],[34.522,30.526],[34.559,30.486],[34.545,30.407],[34.614,30.365],[34.756,30.009],[34.898,29.513]]]}},{"type":"Feature","properties":{"icao":"HHAA","name":"FIR ASMARA","label":[39.467,15.896]},"geometry":{"type":"MultiLineString","coordinates":[[[42.017,14.9],[42.417,14],[43.2,12.75],[42.912,12.617],[42.881,12.628],[42.808,12.526],[42.819,12.44],[42.699,12.364],[42.501,12.517],[42.456,12.529],[42.4,12.47],[42.198,12.743],[41.978,12.86],[41.781,13.212],[41.225,13.605],[41.069,13.873],[40.814,14.145],[40.553,14.22],[40.429,14.286],[40.305,14.405],[40.157,14.465],[39.991,14.465],[39.921,14.428],[39.789,14.514],[39.614,14.51],[39.543,14.575],[39.477,14.508],[39.297,14.494],[39.233,14.433],[39.152,14.6],[39.024,14.655],[39.011,14.585],[38.893,14.501],[38.449,14.418],[38.334,14.519],[38.262,14.679],[38.036,14.724],[37.911,14.884],[37.572,14.102],[37.524,14.119],[37.52,14.177],[37.396,14.301],[37.337,14.427],[37.279,14.454],[37.127,14.43],[37.084,14.297],[37.009,14.262],[36.886,14.32],[36.736,14.327],[36.565,14.293],[36.441,14.223],[38.5,20],[41,16],[41.5,15.633],[42.017,14.9]]]}},{"type":"Feature","properties":{"icao":"HKNA","name":"FIR NAIROBI","label":[42.667,-5.967]},"geometry":{"type":"MultiLineString","coordinates":[[[40,-4.7],[44,-4.7],[44,-8.5],[40,-4.7]]]}},{"type":"Feature","properties":{"icao":"HKNA","name":"FIR NAIROBI","label":[39.192,-0.951]},"geometry":{"type":"MultiLineString","coordinates":[[[41.896,3.964],[41.337,3.168],[40.987,2.83],[40.998,-0.866],[41.555,-1.592],[41.558,-1.675],[41.762,-1.73],[42,-2],[44,-2],[44,-8.5],[40,-4.7],[39.203,-4.67],[37.783,-3.651],[37.741,-3.531],[37.614,-3.504],[37.608,-3.406],[37.72,-3.312],[37.675,-3.051],[37.603,-2.996],[34.021,-1.025],[34.069,-0.913],[34.003,-0.69],[34.043,-0.545],[34.207,-0.414],[34.299,-0.46],[34.431,-0.447],[34.431,-0.342],[34.675,-0.315],[34.747,-0.23],[34.688,-0.158],[34.615,-0.164],[34.464,-0.25],[34.326,-0.407],[34.28,-0.414],[34.207,-0.309],[33.984,-0.145],[33.907,0.103],[34.102,0.343],[34.095,0.431],[34.162,0.609],[34.272,0.651],[34.313,0.768],[34.404,0.815],[34.452,0.883],[34.526,1.114],[34.578,1.093],[34.598,1.153],[34.685,1.206],[34.822,1.236],[34.792,1.394],[34.852,1.424],[34.887,1.535],[34.954,1.579],[34.999,1.669],[34.999,1.877],[35.026,1.92],[34.981,1.976],[34.995,2.091],[34.879,2.39],[34.941,2.451],[34.936,2.507],[34.889,2.605],[34.851,2.588],[34.79,2.685],[34.759,2.845],[34.705,2.884],[34.658,2.864],[34.591,2.939],[34.559,3.111],[34.454,3.182],[34.4,3.477],[34.456,3.524],[34.463,3.671],[34.361,3.738],[34.303,3.703],[34.264,3.786],[34.176,3.776],[34.199,3.804],[34.161,3.823],[34.225,3.847],[34.224,3.878],[34.102,3.876],[34.13,3.954],[34.093,4],[41.896,3.964]]]}},{"type":"Feature","properties":{"icao":"HKNA","name":"FIR NAIROBI","label":[38.728,-0.281]},"geometry":{"type":"MultiLineString","coordinates":[[[41.896,3.964],[41.337,3.168],[40.987,2.83],[40.998,-0.866],[41.555,-1.592],[41.558,-1.675],[41.762,-1.73],[42,-2],[44,-2],[44,-4.7],[40,-4.7],[39.203,-4.67],[37.783,-3.651],[37.741,-3.531],[37.614,-3.504],[37.608,-3.406],[37.72,-3.312],[37.675,-3.051],[37.603,-2.996],[34.021,-1.025],[34.069,-0.913],[34.003,-0.69],[34.043,-0.545],[34.207,-0.414],[34.299,-0.46],[34.431,-0.447],[34.431,-0.342],[34.675,-0.315],[34.747,-0.23],[34.688,-0.158],[34.615,-0.164],[34.464,-0.25],[34.326,-0.407],[34.28,-0.414],[34.207,-0.309],[33.984,-0.145],[33.907,0.103],[34.102,0.343],[34.095,0.431],[34.162,0.609],[34.272,0.651],[34.313,0.768],[34.404,0.815],[34.452,0.883],[34.526,1.114],[34.578,1.093],[34.598,1.153],[34.685,1.206],[34.822,1.236],[34.792,1.394],[34.852,1.424],[34.887,1.535],[34.954,1.579],[34.999,1.669],[34.999,1.877],[35.026,1.92],[34.981,1.976],[34.995,2.091],[34.879,2.39],[34.941,2.451],[34.936,2.507],[34.889,2.605],[34.851,2.588],[34.79,2.685],[34.759,2.845],[34.705,2.884],[34.658,2.864],[34.591,2.939],[34.559,3.111],[34.454,3.182],[34.4,3.477],[34.456,3.524],[34.463,3.671],[34.361,3.738],[34.303,3.703],[34.264,3.786],[34.176,3.776],[34.199,3.804],[34.161,3.823],[34.225,3.847],[34.224,3.878],[34.102,3.876],[34.13,3.954],[34.093,4],[41.896,3.964]]]}},{"type":"Feature","properties":{"icao":"HLLL","name":"FIR TRIPOLI","label":[17.921,27.821]},"geometry":{"type":"MultiLineString","coordinates":[[[9.837,28.286],[9.903,28.785],[9.783,29.427],[9.537,29.905],[9.419,30.042],[9.394,30.165],[9.555,30.245],[9.873,30.332],[10.204,30.715],[10.281,30.898],[10.254,31.063],[10.114,31.406],[10.13,31.494],[10.278,31.678],[10.333,31.713],[10.495,31.725],[10.604,31.84],[10.615,31.954],[10.709,31.95],[10.798,32.004],[10.873,32.123],[11.488,32.382],[11.5,34.333],[23.583,34.333],[24.167,34],[25.159,31.643],[25.06,31.565],[25.033,31.483],[24.859,31.359],[24.86,31.14],[25.01,30.771],[24.917,30.49],[24.771,30.318],[24.697,30.152],[24.825,29.86],[24.803,29.768],[24.877,29.648],[24.868,29.49],[24.988,29.233],[25,20],[24,20],[24,19.5],[18.925,22],[11.496,22.003],[11.504,23.232],[11.997,23.515],[11.61,24.26],[11.426,24.198],[11.009,24.471],[10.715,24.564],[10.427,24.478],[10.256,24.603],[10.218,24.754],[10.054,24.84],[10.025,25.334],[9.397,26.202],[9.532,26.379],[9.866,26.522],[9.913,26.648],[9.918,26.864],[9.871,26.933],[9.783,27.285],[9.801,27.408],[9.873,27.553],[9.836,27.569],[9.929,27.681],[9.969,27.868],[9.837,28.286]]]}},{"type":"Feature","properties":{"icao":"HLLL","name":"FIR TRIPOLI","label":[10.352,26.11]},"geometry":{"type":"MultiLineString","coordinates":[[[10,28.078],[11.428,24.198],[11.012,24.47],[10.717,24.56],[10.424,24.471],[10.252,24.606],[10.221,24.747],[10.057,24.834],[10.039,25.314],[9.4,26.146],[9.402,26.198],[9.494,26.301],[9.501,26.35],[9.874,26.507],[9.919,26.666],[9.898,26.688],[9.932,26.852],[9.85,26.901],[9.736,27.31],[9.778,27.432],[9.841,27.501],[9.813,27.564],[9.878,27.6],[9.959,27.846],[9.792,28.249],[9.874,28.799],[9.856,29.071],[9.767,29.426],[9.65,29.667],[10,29.667],[10,28.078]]]}},{"type":"Feature","properties":{"icao":"HLLL","name":"FIR TRIPOLI","label":[9.747,30.012]},"geometry":{"type":"MultiLineString","coordinates":[[[9.833,30.342],[9.891,30.349],[10,30.466],[10,29.667],[9.66,29.667],[9.545,29.901],[9.422,30.039],[9.389,30.162],[9.833,30.342]]]}},{"type":"Feature","properties":{"icao":"HRYR","name":"FIR KIGALI","label":[29.92,-1.997]},"geometry":{"type":"MultiLineString","coordinates":[[[30.443,-1.054],[30.481,-1.061],[30.453,-1.096],[30.469,-1.158],[30.512,-1.164],[30.562,-1.327],[30.739,-1.437],[30.749,-1.521],[30.84,-1.671],[30.811,-1.701],[30.835,-1.801],[30.808,-1.929],[30.894,-2.083],[30.829,-2.358],[30.782,-2.381],[30.7,-2.347],[30.652,-2.397],[30.567,-2.401],[30.387,-2.298],[30.314,-2.35],[30.225,-2.339],[30.154,-2.431],[29.952,-2.309],[29.955,-2.475],[29.923,-2.519],[29.907,-2.693],[29.851,-2.76],[29.765,-2.758],[29.736,-2.804],[29.636,-2.78],[29.534,-2.826],[29.444,-2.796],[29.367,-2.825],[29.329,-2.654],[29.141,-2.589],[29.059,-2.605],[29.024,-2.745],[28.99,-2.698],[28.892,-2.657],[28.891,-2.559],[28.853,-2.52],[28.884,-2.479],[28.868,-2.394],[28.958,-2.362],[28.993,-2.286],[29.115,-2.248],[29.171,-2.1],[29.13,-1.849],[29.361,-1.51],[29.456,-1.504],[29.578,-1.391],[29.683,-1.381],[29.734,-1.342],[29.803,-1.366],[29.829,-1.319],[29.883,-1.368],[29.907,-1.464],[29.975,-1.464],[30.171,-1.34],[30.185,-1.275],[30.229,-1.267],[30.346,-1.129],[30.36,-1.06],[30.443,-1.054]]]}},{"type":"Feature","properties":{"icao":"HSSS","name":"FIR KHARTOUM","label":[30.146,14.008]},"geometry":{"type":"MultiLineString","coordinates":[[[38.5,20],[36,13],[33,8],[36,4],[30.196,4.008],[30.144,4.106],[30.065,4.128],[30.027,4.205],[29.945,4.244],[29.937,4.323],[29.795,4.379],[29.815,4.56],[29.615,4.656],[29.48,4.677],[29.433,4.526],[29.354,4.461],[29.322,4.387],[29.254,4.388],[29.244,4.346],[29.201,4.346],[29.013,4.498],[28.821,4.485],[28.777,4.562],[28.712,4.538],[28.651,4.424],[28.594,4.413],[28.572,4.375],[28.506,4.373],[28.475,4.317],[28.403,4.278],[28.366,4.286],[28.336,4.351],[28.201,4.348],[28.116,4.448],[28.069,4.422],[28.028,4.483],[28.033,4.561],[27.868,4.556],[27.788,4.601],[27.769,4.788],[27.707,4.79],[27.659,4.898],[27.578,4.895],[27.534,4.926],[27.455,5.016],[27.458,5.084],[27.3,5.226],[27.236,5.419],[27.282,5.579],[27.234,5.588],[27.241,5.648],[27.198,5.714],[27.101,5.796],[27.049,5.79],[27.001,5.863],[26.95,5.847],[26.91,5.899],[26.829,5.905],[26.809,5.98],[26.565,6.028],[26.514,6.11],[26.437,6.078],[26.524,6.174],[26.524,6.221],[26.476,6.225],[26.459,6.294],[26.395,6.308],[26.308,6.383],[26.314,6.458],[26.289,6.469],[26.405,6.646],[26.266,6.708],[26.175,6.813],[26.101,6.841],[26.048,6.998],[25.82,7.108],[25.814,7.147],[25.594,7.216],[25.531,7.278],[25.465,7.28],[25.366,7.348],[25.331,7.425],[25.207,7.497],[25.184,7.583],[25.296,7.65],[25.253,7.851],[25.186,7.902],[25.08,7.898],[24.973,7.993],[24.934,8.093],[24.804,8.193],[24.634,8.221],[24.546,8.205],[24.46,8.271],[24.361,8.247],[24.177,8.316],[24.14,8.376],[24.166,8.478],[24.269,8.583],[24.23,8.625],[24.244,8.696],[23.824,8.728],[23.739,8.705],[23.633,8.737],[23.518,8.714],[23.498,8.778],[23.582,8.906],[23.583,8.989],[23.565,9.005],[23.504,8.96],[23.449,9.025],[23.493,9.174],[23.556,9.182],[23.652,9.28],[23.664,9.441],[23.631,9.449],[23.623,9.535],[23.695,9.672],[23.669,9.867],[23.304,10.459],[23.009,10.699],[22.867,10.922],[22.942,11.093],[22.971,11.283],[22.931,11.416],[22.791,11.402],[22.776,11.462],[22.642,11.516],[22.562,11.622],[22.641,12.071],[22.564,12.075],[22.477,12.034],[22.501,12.177],[22.433,12.403],[22.384,12.465],[22.467,12.622],[22.223,12.747],[22.141,12.655],[21.953,12.644],[21.828,12.797],[21.943,13.054],[22.021,13.138],[22.16,13.19],[22.294,13.359],[22.231,13.479],[22.225,13.572],[22.154,13.634],[22.139,13.728],[22.084,13.779],[22.23,13.963],[22.555,14.126],[22.555,14.232],[22.444,14.272],[22.434,14.31],[22.47,14.345],[22.446,14.48],[22.381,14.523],[22.384,14.554],[22.47,14.629],[22.703,14.691],[22.671,14.859],[22.739,14.903],[22.753,14.977],[22.849,15.078],[22.936,15.116],[22.981,15.213],[22.998,15.356],[22.923,15.487],[22.937,15.562],[23.118,15.71],[23.357,15.682],[23.609,15.758],[24,15.699],[24,20],[25,20],[25,22],[38,22],[38.5,20]]]}},{"type":"Feature","properties":{"icao":"HTDC","name":"FIR DAR ES SALAAM","label":[29.92,-1.997]},"geometry":{"type":"MultiLineString","coordinates":[[[30.443,-1.054],[30.481,-1.061],[30.453,-1.096],[30.469,-1.158],[30.512,-1.164],[30.562,-1.327],[30.739,-1.437],[30.749,-1.521],[30.84,-1.671],[30.811,-1.701],[30.835,-1.801],[30.808,-1.929],[30.894,-2.083],[30.829,-2.358],[30.782,-2.381],[30.7,-2.347],[30.652,-2.397],[30.567,-2.401],[30.387,-2.298],[30.314,-2.35],[30.225,-2.339],[30.154,-2.431],[29.952,-2.309],[29.955,-2.475],[29.923,-2.519],[29.907,-2.693],[29.851,-2.76],[29.765,-2.758],[29.736,-2.804],[29.636,-2.78],[29.534,-2.826],[29.444,-2.796],[29.367,-2.825],[29.329,-2.654],[29.141,-2.589],[29.059,-2.605],[29.024,-2.745],[28.99,-2.698],[28.892,-2.657],[28.891,-2.559],[28.853,-2.52],[28.884,-2.479],[28.868,-2.394],[28.958,-2.362],[28.993,-2.286],[29.115,-2.248],[29.171,-2.1],[29.13,-1.849],[29.361,-1.51],[29.456,-1.504],[29.578,-1.391],[29.683,-1.381],[29.734,-1.342],[29.803,-1.366],[29.829,-1.319],[29.883,-1.368],[29.907,-1.464],[29.975,-1.464],[30.171,-1.34],[30.185,-1.275],[30.229,-1.267],[30.346,-1.129],[30.36,-1.06],[30.443,-1.054]]]}},{"type":"Feature","properties":{"icao":"HTDC","name":"FIR DAR ES SALAAM","label":[29.889,-3.354]},"geometry":{"type":"MultiLineString","coordinates":[[[30.425,-2.315],[30.573,-2.399],[30.433,-2.648],[30.457,-2.686],[30.522,-2.657],[30.44,-2.747],[30.418,-2.862],[30.485,-2.947],[30.563,-2.893],[30.666,-2.976],[30.845,-2.976],[30.796,-3.049],[30.852,-3.145],[30.835,-3.257],[30.652,-3.333],[30.622,-3.37],[30.664,-3.387],[30.662,-3.419],[30.449,-3.547],[30.391,-3.711],[30.401,-3.786],[30.321,-3.787],[30.228,-3.928],[30.172,-4.087],[30.073,-4.167],[30.026,-4.269],[29.858,-4.371],[29.813,-4.36],[29.752,-4.461],[29.424,-4.448],[29.378,-4.134],[29.236,-3.916],[29.247,-3.594],[29.208,-3.312],[29.237,-3.272],[29.211,-3.237],[29.238,-3.058],[29.084,-2.925],[29.041,-2.819],[28.984,-2.8],[29.052,-2.706],[29.054,-2.614],[29.141,-2.589],[29.329,-2.654],[29.367,-2.825],[29.444,-2.796],[29.534,-2.826],[29.636,-2.78],[29.736,-2.804],[29.765,-2.758],[29.851,-2.76],[29.907,-2.693],[29.923,-2.519],[29.955,-2.475],[29.952,-2.309],[30.154,-2.431],[30.23,-2.336],[30.286,-2.356],[30.381,-2.299],[30.425,-2.315]]]}},{"type":"Feature","properties":{"icao":"HTDC","name":"FIR DAR ES SALAAM","label":[35.846,-6.501]},"geometry":{"type":"MultiLineString","coordinates":[[[30.889,-0.997],[34.021,-1.001],[34.03,-1.037],[34.076,-1.039],[37.603,-2.996],[37.675,-3.051],[37.72,-3.312],[37.608,-3.406],[37.614,-3.504],[37.741,-3.531],[37.783,-3.651],[39.203,-4.67],[40,-4.7],[44,-8.5],[44,-10.333],[41.5,-11],[40.5,-10.417],[40.381,-10.54],[40.236,-10.603],[40.007,-10.806],[39.898,-10.832],[39.767,-10.921],[39.508,-10.995],[39.268,-11.168],[39.134,-11.142],[38.898,-11.172],[38.774,-11.262],[38.655,-11.281],[38.492,-11.415],[38.378,-11.377],[38.235,-11.274],[38.161,-11.284],[38.107,-11.252],[37.941,-11.285],[37.862,-11.339],[37.792,-11.561],[37.663,-11.638],[37.527,-11.663],[37.462,-11.727],[37.347,-11.687],[37.286,-11.704],[37.126,-11.673],[37.026,-11.567],[36.904,-11.595],[36.83,-11.569],[36.678,-11.715],[36.562,-11.74],[36.49,-11.681],[36.19,-11.707],[36.163,-11.578],[35.966,-11.501],[35.943,-11.435],[35.838,-11.415],[35.773,-11.475],[35.704,-11.488],[35.652,-11.585],[35.576,-11.607],[35.516,-11.611],[35.494,-11.579],[34.967,-11.572],[34.96,-11.487],[34.891,-11.383],[34.806,-11.332],[34.764,-11.345],[34.71,-11.201],[34.614,-11.105],[34.599,-10.984],[34.643,-10.922],[34.676,-10.743],[34.653,-10.646],[34.585,-10.562],[34.585,-10.282],[34.524,-10.108],[34.523,-10.011],[34.338,-9.788],[34.325,-9.733],[34.044,-9.485],[33.957,-9.527],[33.953,-9.673],[33.92,-9.708],[33.756,-9.583],[33.684,-9.611],[33.585,-9.584],[33.509,-9.622],[33.438,-9.616],[33.394,-9.538],[33.314,-9.486],[33.129,-9.493],[32.998,-9.373],[32.94,-9.406],[32.772,-9.336],[32.742,-9.282],[32.545,-9.267],[32.426,-9.13],[32.249,-9.132],[32.16,-9.063],[32.056,-9.041],[31.98,-9.071],[31.934,-9.019],[31.956,-8.931],[31.786,-8.885],[31.739,-8.918],[31.684,-8.909],[31.573,-8.819],[31.563,-8.699],[31.459,-8.629],[31.398,-8.629],[31.376,-8.582],[31.285,-8.623],[31.221,-8.577],[31.133,-8.616],[31.041,-8.59],[30.901,-8.46],[30.771,-8.192],[29.883,-8.117],[30.104,-6.881],[29.733,-6.628],[29.542,-6.269],[29.498,-5.98],[29.632,-5.722],[29.459,-5.184],[29.349,-4.94],[29.341,-4.798],[29.43,-4.501],[29.387,-4.159],[29.339,-4.041],[29.236,-3.916],[29.247,-3.594],[29.208,-3.312],[29.237,-3.272],[29.211,-3.237],[29.239,-3.064],[29.084,-2.925],[29.041,-2.819],[28.988,-2.811],[29.016,-2.72],[28.889,-2.654],[28.891,-2.559],[28.853,-2.52],[28.884,-2.479],[28.864,-2.41],[28.889,-2.367],[28.958,-2.362],[28.993,-2.286],[29.115,-2.248],[29.171,-2.1],[29.13,-1.849],[29.361,-1.51],[29.456,-1.504],[29.578,-1.391],[29.683,-1.381],[29.734,-1.342],[29.803,-1.366],[29.829,-1.319],[29.883,-1.368],[29.907,-1.464],[29.975,-1.464],[30.171,-1.34],[30.185,-1.275],[30.229,-1.267],[30.346,-1.129],[30.36,-1.06],[30.641,-1.072],[30.704,-1.011],[30.889,-0.997]]]}},{"type":"Feature","properties":{"icao":"HTDC","name":"FIR DAR ES SALAAM","label":[36.581,-6.616]},"geometry":{"type":"MultiLineString","coordinates":[[[30.512,-2.51],[30.585,-2.388],[30.652,-2.397],[30.7,-2.347],[30.782,-2.381],[30.829,-2.358],[30.894,-2.083],[30.808,-1.929],[30.835,-1.801],[30.811,-1.701],[30.84,-1.671],[30.749,-1.521],[30.739,-1.437],[30.562,-1.327],[30.512,-1.164],[30.471,-1.161],[30.453,-1.096],[30.482,-1.063],[30.641,-1.072],[30.751,-0.998],[34.021,-1.001],[34.03,-1.037],[34.076,-1.039],[37.603,-2.996],[37.675,-3.051],[37.72,-3.312],[37.608,-3.406],[37.614,-3.504],[37.741,-3.531],[37.783,-3.651],[39.203,-4.67],[40,-4.7],[44,-4.7],[44,-10.333],[41.5,-11],[40.5,-10.417],[40.381,-10.54],[40.236,-10.603],[40.007,-10.806],[39.898,-10.832],[39.767,-10.921],[39.508,-10.995],[39.268,-11.168],[39.134,-11.142],[38.898,-11.172],[38.774,-11.262],[38.655,-11.281],[38.492,-11.415],[38.378,-11.377],[38.235,-11.274],[38.161,-11.284],[38.107,-11.252],[37.941,-11.285],[37.862,-11.339],[37.792,-11.561],[37.663,-11.638],[37.527,-11.663],[37.462,-11.727],[37.347,-11.687],[37.286,-11.704],[37.126,-11.673],[37.026,-11.567],[36.904,-11.595],[36.83,-11.569],[36.678,-11.715],[36.562,-11.74],[36.49,-11.681],[36.19,-11.707],[36.163,-11.578],[35.966,-11.501],[35.943,-11.435],[35.838,-11.415],[35.773,-11.475],[35.704,-11.488],[35.652,-11.585],[35.576,-11.607],[35.516,-11.611],[35.494,-11.579],[34.967,-11.572],[34.96,-11.487],[34.891,-11.383],[34.806,-11.332],[34.764,-11.345],[34.71,-11.201],[34.614,-11.105],[34.599,-10.984],[34.643,-10.922],[34.676,-10.743],[34.653,-10.646],[34.585,-10.562],[34.585,-10.282],[34.524,-10.108],[34.523,-10.011],[34.338,-9.788],[34.325,-9.733],[34.044,-9.485],[33.957,-9.527],[33.953,-9.673],[33.92,-9.708],[33.756,-9.583],[33.684,-9.611],[33.585,-9.584],[33.509,-9.622],[33.438,-9.616],[33.394,-9.538],[33.314,-9.486],[33.129,-9.493],[32.998,-9.373],[32.94,-9.406],[32.772,-9.336],[32.742,-9.282],[32.545,-9.267],[32.426,-9.13],[32.249,-9.132],[32.16,-9.063],[32.056,-9.041],[31.98,-9.071],[31.934,-9.019],[31.956,-8.931],[31.786,-8.885],[31.739,-8.918],[31.684,-8.909],[31.573,-8.819],[31.563,-8.699],[31.459,-8.629],[31.398,-8.629],[31.376,-8.582],[31.285,-8.623],[31.221,-8.577],[31.133,-8.616],[31.041,-8.59],[30.901,-8.46],[30.771,-8.192],[29.883,-8.117],[30.104,-6.881],[29.746,-6.642],[29.55,-6.295],[29.498,-5.98],[29.632,-5.722],[29.459,-5.184],[29.363,-4.995],[29.341,-4.798],[29.428,-4.552],[29.423,-4.448],[29.752,-4.461],[29.813,-4.36],[29.858,-4.371],[30.026,-4.269],[30.073,-4.167],[30.172,-4.087],[30.228,-3.928],[30.321,-3.787],[30.401,-3.786],[30.391,-3.711],[30.449,-3.547],[30.662,-3.419],[30.664,-3.387],[30.622,-3.37],[30.652,-3.333],[30.835,-3.257],[30.852,-3.145],[30.796,-3.049],[30.845,-2.976],[30.666,-2.976],[30.563,-2.893],[30.485,-2.947],[30.418,-2.862],[30.44,-2.747],[30.521,-2.663],[30.457,-2.686],[30.43,-2.658],[30.512,-2.51]]]}},{"type":"Feature","properties":{"icao":"HTDC","name":"FIR DAR ES SALAAM","label":[42.667,-5.967]},"geometry":{"type":"MultiLineString","coordinates":[[[40,-4.7],[44,-4.7],[44,-8.5],[40,-4.7]]]}},{"type":"Feature","properties":{"icao":"HUEC","name":"FIR ENTEBBE","label":[32.383,1.359]},"geometry":{"type":"MultiLineString","coordinates":[[[34.111,3.871],[34.214,3.888],[34.228,3.851],[34.161,3.823],[34.199,3.804],[34.176,3.776],[34.264,3.786],[34.303,3.703],[34.361,3.738],[34.463,3.671],[34.456,3.524],[34.4,3.477],[34.454,3.182],[34.559,3.111],[34.591,2.939],[34.658,2.864],[34.705,2.884],[34.759,2.845],[34.79,2.685],[34.851,2.588],[34.889,2.605],[34.936,2.507],[34.941,2.451],[34.879,2.39],[34.995,2.091],[34.981,1.976],[35.026,1.92],[34.999,1.877],[34.999,1.669],[34.954,1.579],[34.887,1.535],[34.852,1.424],[34.792,1.394],[34.822,1.236],[34.685,1.206],[34.598,1.153],[34.578,1.093],[34.526,1.114],[34.452,0.883],[34.404,0.815],[34.313,0.768],[34.272,0.651],[34.162,0.609],[34.095,0.431],[34.102,0.343],[33.907,0.103],[33.984,-0.145],[34.207,-0.309],[34.28,-0.414],[34.326,-0.407],[34.464,-0.25],[34.615,-0.164],[34.688,-0.158],[34.747,-0.25],[34.675,-0.315],[34.431,-0.342],[34.431,-0.447],[34.299,-0.46],[34.207,-0.414],[34.043,-0.545],[34.003,-0.69],[34.069,-0.913],[34.023,-1.009],[30.751,-0.998],[30.641,-1.072],[30.36,-1.06],[30.346,-1.129],[30.229,-1.267],[30.185,-1.275],[30.171,-1.34],[29.975,-1.464],[29.907,-1.464],[29.841,-1.32],[29.803,-1.366],[29.734,-1.342],[29.683,-1.381],[29.597,-1.386],[29.566,-1.006],[29.578,-0.9],[29.628,-0.889],[29.618,-0.733],[29.638,-0.593],[29.672,-0.572],[29.649,-0.44],[29.735,-0.001],[29.717,0.072],[29.773,0.172],[29.814,0.159],[29.858,0.367],[29.962,0.487],[29.938,0.634],[29.961,0.826],[30.146,0.898],[30.219,0.996],[30.236,1.134],[30.278,1.169],[30.332,1.151],[30.349,1.196],[30.449,1.207],[30.688,1.494],[31,1.75],[30.75,4],[34.093,4],[34.13,3.954],[34.111,3.871]]]}},{"type":"Feature","properties":{"icao":"KZAB","name":"FIR ALBUQUERQUE","label":[252.932,33.774]},"geometry":{"type":"MultiLineString","coordinates":[[[260,35.829],[260,35.333],[259.683,34.867],[259.25,34.467],[258,34.6],[257.675,34.55],[257.2,34.317],[256.633,33.775],[256.308,33.403],[256.2,33.383],[256.2,33],[256.067,32.467],[256.2,32.033],[256.667,31.65],[257.85,31.283],[257.439,29.768],[257.33,29.743],[257.149,29.352],[257.116,29.347],[257.101,29.258],[257.137,29.224],[257.023,29.19],[256.846,28.981],[256.7,28.998],[256.657,29.041],[256.625,29.024],[256.524,29.071],[256.457,29.149],[256.274,29.193],[256.221,29.231],[256.221,29.269],[255.955,29.331],[255.795,29.479],[255.547,29.596],[255.456,29.675],[255.427,29.797],[255.32,29.946],[255.297,30.049],[255.325,30.168],[255.144,30.406],[255.097,30.576],[255.013,30.622],[254.998,30.68],[254.607,30.866],[254.433,31.009],[254.402,31.08],[254.23,31.176],[254.051,31.362],[253.786,31.475],[253.6,31.751],[253.415,31.783],[251.797,31.783],[251.795,31.331],[248.935,31.329],[246.494,32.092],[246.315,32.738],[246,32.683],[246,34.667],[246.383,34.917],[247.333,35.383],[248,35.433],[248.158,35.767],[249.767,35.7],[251.783,36.033],[252.533,36.2],[253.917,36.717],[255,36.717],[257.45,37.5],[258.25,36.5],[260,35.829]]]}},{"type":"Feature","properties":{"icao":"KZAK","name":"FIR OAKLAND OCEANIC EAST","label":[160.17,18.708]},"geometry":{"type":"MultiLineString","coordinates":[[[180,3.5],[160,3.5],[160,0],[141,0],[141,3.5],[133,3.5],[132.533,4],[130,7],[130,21],[155,21],[155,27],[165,27],[165,43],[162.917,45.7],[180,49.391]]]}},{"type":"Feature","properties":{"icao":"KZAK","name":"FIR OAKLAND OCEANIC WEST","label":[207.731,25.144]},"geometry":{"type":"MultiLineString","coordinates":[[[233.067,36.467],[234.167,35.5],[235.767,36.017],[236.75,34.567],[239.167,30.75],[240,30],[240,3.5],[215,3.5],[205,-5],[180,-5]],[[180,49.405],[183.433,50.133],[192.183,51.4],[200,53.5],[207,56],[208.25,56.767],[225,52.717],[226.25,51],[232,48.333],[233.505,44.896],[233.1,40.983],[233,40.85],[233,37.5],[233.067,36.467]]]}},{"type":"Feature","properties":{"icao":"KZAU","name":"FIR CHICAGO","label":[271.191,41.934]},"geometry":{"type":"MultiLineString","coordinates":[[[272.458,43.967],[272.831,43.692],[274.036,43.587],[274.258,43.45],[275,43.5],[275,42],[275.233,41.858],[275.317,40.667],[274.457,40.343],[273.9,40],[270.25,40],[268.35,40.783],[266.508,40.525],[266.4,41.167],[266.492,41.433],[266.533,41.667],[267,42.783],[268.275,42.725],[269.708,44.154],[270.413,44.154],[270.924,44.225],[272.458,43.967]]]}},{"type":"Feature","properties":{"icao":"KZBW","name":"FIR BOSTON","label":[288.778,43.351]},"geometry":{"type":"MultiLineString","coordinates":[[[291.105,47.19],[291.357,47.242],[291.502,47.306],[291.602,47.295],[291.627,47.347],[291.693,47.364],[291.814,47.333],[292.207,47.07],[292.227,45.957],[292.253,45.929],[292.21,45.882],[292.243,45.833],[292.194,45.785],[292.201,45.701],[292.283,45.691],[292.343,45.631],[292.587,45.587],[292.589,45.53],[292.515,45.494],[292.584,45.399],[292.545,45.263],[292.658,45.15],[292.732,45.201],[292.837,45.175],[293.021,44.921],[293.022,44.858],[293.099,44.802],[292.883,44.5],[293,44.5],[293,41.617],[291,41],[289.121,40.577],[287.5,40.072],[287.218,40.199],[286.992,39.994],[286.85,39.733],[286.717,39.733],[286.271,39.933],[286.301,40.239],[286.708,40.801],[286.622,40.858],[286.14,40.858],[286.133,41.246],[285.556,41.438],[285.233,41.733],[283.197,42.608],[283.303,42.728],[283.333,42.883],[283.236,43.067],[283.198,43.634],[283.565,44.105],[283.708,44.197],[283.817,44.222],[283.855,44.292],[283.942,44.345],[284.136,44.403],[284.288,44.566],[284.698,44.847],[285.009,44.987],[285.171,45.019],[285.751,44.992],[288.506,45.021],[288.507,45.075],[288.604,45.205],[288.56,45.239],[288.685,45.299],[288.86,45.253],[288.892,45.299],[289.035,45.356],[289.121,45.239],[289.178,45.323],[289.185,45.426],[289.36,45.405],[289.366,45.428],[289.275,45.495],[289.307,45.572],[289.445,45.673],[289.588,45.722],[289.611,45.753],[289.592,45.81],[289.745,45.913],[289.76,45.957],[289.688,45.986],[289.72,46.062],[289.694,46.079],[289.766,46.145],[289.712,46.203],[289.808,46.353],[289.949,46.439],[289.991,46.698],[290.677,47.383],[290.768,47.471],[290.951,47.436],[290.955,47.264],[291.105,47.19]]]}},{"type":"Feature","properties":{"icao":"KZDC","name":"FIR WASHINGTON","label":[282.76,37.095]},"geometry":{"type":"MultiLineString","coordinates":[[[285.217,40.11],[285.315,39.983],[286.301,40.239],[286.271,39.933],[286.833,39.683],[286.342,39.035],[286.017,38.542],[285.4,37.082],[285.4,36.788],[285.063,35.497],[284.81,35.308],[283.221,32.968],[281.25,34.444],[280.667,34.425],[280.083,34.85],[279.853,34.856],[280.196,35.383],[280.256,36.089],[280.05,36.154],[279.367,37.332],[279.254,37.304],[279.158,37.467],[279.433,38.767],[279.6,39.167],[280.106,39.174],[280.457,39.371],[282.16,39.856],[282.383,39.772],[282.643,39.782],[282.642,39.51],[283.144,39.385],[283.653,39.392],[284.671,40.069],[285.217,40.11]]]}},{"type":"Feature","properties":{"icao":"KZDV","name":"FIR DENVER","label":[255.098,40.282]},"geometry":{"type":"MultiLineString","coordinates":[[[251.783,36.033],[249.767,35.7],[248.158,35.767],[248.496,36.421],[248.121,37.413],[250.017,38.2],[250.017,39.217],[249.7,39.583],[250.833,40],[250.9,40.85],[251.725,41.367],[252.95,42.417],[252.717,43.883],[253.733,44.317],[254,45.238],[255.75,45.117],[258.517,44.7],[258.592,43.708],[259.9,43.289],[260.983,42],[260.942,39.983],[261.2,39.467],[257.45,37.5],[255,36.717],[253.917,36.717],[252.533,36.2],[251.783,36.033]]]}},{"type":"Feature","properties":{"icao":"KZFW","name":"FIR FT WORTH","label":[261.922,33.25]},"geometry":{"type":"MultiLineString","coordinates":[[[265,35.654],[265,35.067],[265.217,34.692],[265.467,34.533],[266.458,34.033],[266.842,33.95],[268.1,33.004],[268.311,32.283],[267.742,32.283],[266.679,31.558],[265.8,31.572],[264.017,31.467],[263.317,31.204],[262.488,31.212],[262.288,31.375],[262.206,31.39],[260.533,31.383],[259.45,30.983],[257.85,31.283],[256.667,31.65],[256.2,32.033],[256.067,32.467],[256.2,33],[256.2,33.383],[256.308,33.403],[256.633,33.775],[257.2,34.317],[257.675,34.55],[258,34.6],[259.25,34.467],[259.683,34.867],[260,35.333],[260,35.829],[261.5,35.817],[262.117,35.925],[262.417,35.492],[262.917,35.458],[263.596,35.65],[263.95,35.871],[264.388,36.017],[265,35.654]]]}},{"type":"Feature","properties":{"icao":"KZHU","name":"FIR HOUSTON","label":[265.039,29.49]},"geometry":{"type":"MultiLineString","coordinates":[[[270.15,31.631],[271.1,31.547],[272.183,31.521],[272.6,31.281],[272.342,30.958],[272.283,30.692],[272.083,30.633],[272.083,30.517],[271.975,30.221],[272,28.133],[271.117,28.25],[266,28.25],[264.883,27.55],[264.083,26],[262.999,26.001],[262.822,25.955],[262.737,25.964],[262.717,25.929],[262.648,25.913],[262.651,25.849],[262.606,25.867],[262.588,25.842],[262.554,25.886],[262.489,25.893],[262.352,26.029],[262.23,26.036],[262.212,26.064],[261.934,26.038],[261.917,26.07],[261.803,26.059],[261.618,26.157],[261.628,26.192],[261.555,26.226],[261.53,26.204],[261.422,26.256],[261.347,26.241],[261.292,26.265],[261.304,26.292],[261.258,26.3],[261.271,26.319],[261.201,26.369],[260.919,26.398],[260.893,26.422],[260.911,26.495],[260.829,26.543],[260.829,26.621],[260.732,26.858],[260.673,26.872],[260.66,26.926],[260.618,26.951],[260.619,27.004],[260.541,27.047],[260.566,27.216],[260.55,27.266],[260.482,27.308],[260.527,27.401],[260.495,27.57],[260.409,27.639],[260.293,27.662],[260.164,27.775],[260.111,27.863],[260.118,27.906],[260.069,27.94],[260.065,27.982],[260.006,27.999],[259.929,28.151],[259.814,28.198],[259.717,28.281],[259.724,28.323],[259.643,28.481],[259.675,28.505],[259.625,28.526],[259.602,28.596],[259.524,28.669],[259.471,28.828],[259.376,28.92],[259.337,29.105],[259.237,29.171],[259.208,29.254],[258.993,29.378],[258.96,29.461],[258.776,29.546],[258.782,29.611],[258.698,29.576],[258.699,29.649],[258.644,29.661],[258.594,29.767],[258.528,29.79],[258.469,29.764],[258.465,29.814],[258.431,29.775],[258.361,29.768],[258.176,29.809],[257.923,29.799],[257.689,29.887],[257.609,29.769],[257.439,29.768],[257.85,31.283],[259.45,30.983],[260.533,31.383],[262.206,31.39],[262.288,31.375],[262.488,31.212],[263.317,31.204],[264.017,31.467],[265.8,31.572],[266.679,31.558],[267.742,32.283],[268.311,32.283],[268.692,31.913],[269.654,31.65],[270.15,31.631]]]}},{"type":"Feature","properties":{"icao":"KZHU","name":"FIR HOUSTON OCEANIC","label":[269.743,26.222]},"geometry":{"type":"MultiLineString","coordinates":[[[275.013,25.078],[275.017,24],[274,24],[272,24.5],[267,24.5],[264.083,26],[264.883,27.55],[266,28.25],[271.117,28.25],[272,28.133],[272.317,27.5],[274,27],[274.6,26.603],[274.917,26.2],[275.013,25.078]]]}},{"type":"Feature","properties":{"icao":"KZID","name":"FIR INDIANAPOLIS","label":[275.659,38.611]},"geometry":{"type":"MultiLineString","coordinates":[[[276.35,40.738],[276.5,40.558],[276.667,40.508],[278.217,40.6],[278.367,40.217],[278.45,39.75],[279.5,39.167],[279.6,39.167],[279.433,38.767],[279.158,37.467],[279.254,37.304],[274.6,36.183],[274.417,36.9],[273.85,37.3],[272.603,37.275],[271.683,37.725],[271.767,38.15],[271.906,38.485],[271.852,39.868],[271.75,40],[273.9,40],[274.475,40.354],[275.317,40.667],[275.3,40.908],[276.254,40.783],[276.35,40.738]]]}},{"type":"Feature","properties":{"icao":"KZJX","name":"FIR JACKSONVILLE","label":[277.663,30.742]},"geometry":{"type":"MultiLineString","coordinates":[[[280.083,34.85],[280.667,34.425],[281.25,34.444],[283.221,32.968],[283,32.25],[283,30],[280.815,30.203],[280.689,30.138],[280.383,29.208],[279.817,29],[279.267,28.9],[279.014,28.728],[279,28.567],[277.617,27.95],[277.058,27.95],[276.48,28.411],[275.98,28.561],[275.381,28.074],[275.047,28.045],[274.75,27.5],[274,27],[272.317,27.5],[272,28.133],[271.975,30.221],[272.083,30.517],[272.083,30.633],[272.283,30.692],[272.342,30.958],[272.6,31.281],[273.05,31.492],[274.417,31.763],[274.692,31.533],[275.9,31.683],[276.888,31.683],[277.667,32.167],[278.067,32.563],[278.367,33.608],[278.667,34.394],[279.853,34.856],[280.083,34.85]]]}},{"type":"Feature","properties":{"icao":"KZKC","name":"FIR KANSAS CITY","label":[264.973,38.163]},"geometry":{"type":"MultiLineString","coordinates":[[[268.35,40.783],[270.25,40],[271.75,40],[271.852,39.868],[271.906,38.485],[271.767,38.15],[271.683,37.725],[271.167,37.533],[269.433,37.15],[266.75,36.725],[265.317,36.433],[264.6,36.204],[264.388,36.017],[263.95,35.871],[263.596,35.65],[262.917,35.458],[262.417,35.492],[262.117,35.925],[261.5,35.817],[260,35.829],[258.25,36.5],[257.45,37.5],[261.2,39.467],[266.508,40.525],[268.35,40.783]]]}},{"type":"Feature","properties":{"icao":"KZLA","name":"FIR LOS ANGELES","label":[242.696,34.695]},"geometry":{"type":"MultiLineString","coordinates":[[[246.217,37.717],[247,37.5],[247.942,37.5],[248.121,37.413],[248.496,36.421],[248,35.433],[247.333,35.383],[246.383,34.917],[246,34.667],[246,32.683],[246.315,32.738],[246.494,32.092],[245.186,32.496],[245.281,32.718],[242.877,32.535],[239.167,30.75],[236.75,34.567],[239.15,35.533],[239.883,35.75],[240.5,35.633],[240.833,36.133],[241.417,36.133],[241.417,37.2],[242.667,37.2],[242.992,37.367],[242.924,37.442],[242.905,37.55],[242.905,37.883],[243.817,37.883],[245.8,38.017],[246.35,37.883],[246.217,37.717]]]}},{"type":"Feature","properties":{"icao":"KZLC","name":"FIR SALT LAKE","label":[248.293,43.848]},"geometry":{"type":"MultiLineString","coordinates":[[[250.032,49],[256.832,48.999],[256.833,44.958],[255.75,45.117],[254,45.238],[253.733,44.317],[252.717,43.883],[252.95,42.417],[251.725,41.367],[250.9,40.85],[250.833,40],[249.7,39.583],[250.017,39.217],[250.017,38.2],[248.121,37.413],[247.942,37.5],[247,37.5],[246.217,37.717],[246.35,37.883],[245.8,38.017],[243.817,37.883],[242.905,37.883],[242.733,38.083],[242.633,39.933],[240.5,41],[241,42.667],[240.717,43.633],[241.55,44.85],[242.25,45.333],[245,45.333],[245,48.417],[245.333,49],[250.032,49]]]}},{"type":"Feature","properties":{"icao":"KZMA","name":"FIR MIAMI","label":[279.379,26.907]},"geometry":{"type":"MultiLineString","coordinates":[[[283,28.133],[283.467,27.833],[283,27.55],[283,27],[281.117,27],[281.097,26.908],[280.94,26.912],[280.825,26.85],[280.739,26.705],[280.737,26.632],[280.793,26.52],[280.91,26.433],[281,26.417],[281,24.667],[282,24],[276.833,24],[276.715,24.749],[275.5,27.5],[274.75,27.5],[275.047,28.045],[275.381,28.074],[275.98,28.561],[276.48,28.411],[277.058,27.95],[277.617,27.95],[279,28.567],[279.014,28.728],[279.267,28.9],[279.817,29],[280.383,29.208],[280.689,30.138],[280.815,30.203],[283,30],[283,28.133]]]}},{"type":"Feature","properties":{"icao":"KZMA","name":"FIR MIAMI OCEANIC","label":[285.73,23.859]},"geometry":{"type":"MultiLineString","coordinates":[[[274,27],[274,27]],[[274,27],[274.75,27.5],[275.5,27.5],[276.715,24.749],[276.832,24],[275.017,24],[275.013,25.078],[274.917,26.2],[274.6,26.603],[274,27]],[[283,27],[283,27.55],[283.467,27.833],[285.167,27.833],[286.8,25],[291.508,25],[292.349,21.239],[290.85,19.65],[289.517,20.417],[287,20.417],[286.667,20],[284.833,22],[282,24],[281,24.667],[281,26.421],[281.117,27],[283,27]]]}},{"type":"Feature","properties":{"icao":"KZMA","name":"FIR MIAMI OCEANIC","label":[285.73,23.859]},"geometry":{"type":"MultiLineString","coordinates":[[[274,27],[274,27]],[[274,27],[274.75,27.5],[275.5,27.5],[276.715,24.749],[276.832,24],[275.017,24],[275.013,25.078],[274.917,26.2],[274.6,26.603],[274,27]],[[283,27],[283,27.55],[283.467,27.833],[285.167,27.833],[286.8,25],[291.508,25],[292.349,21.239],[290.85,19.65],[289.517,20.417],[287,20.417],[286.667,20],[284.833,22],[282,24],[281,24.667],[281,26.421],[281.117,27],[283,27]]]}},{"type":"Feature","properties":{"icao":"KZME","name":"FIR MEMPHIS","label":[269.819,34.957]},"geometry":{"type":"MultiLineString","coordinates":[[[271.683,37.725],[272.603,37.275],[273.85,37.3],[274.417,36.9],[274.717,35.65],[273,35.333],[273,34.367],[272.75,34.1],[272.45,34.017],[272.367,33.317],[272.014,33.043],[272.15,32.697],[271.653,32.331],[271.675,31.517],[269.654,31.65],[268.692,31.913],[268.311,32.283],[268.1,33.004],[266.842,33.95],[266.458,34.033],[265.467,34.533],[265.217,34.692],[265,35.067],[265,35.654],[264.388,36.017],[264.6,36.204],[265.317,36.433],[266.75,36.725],[269.433,37.15],[271.167,37.533],[271.683,37.725]]]}},{"type":"Feature","properties":{"icao":"KZMP","name":"FIR MINNEAPOLIS","label":[265.669,45.261]},"geometry":{"type":"MultiLineString","coordinates":[[[264.952,49.359],[265.064,49.36],[265.184,49.306],[265.201,49.159],[265.299,48.915],[265.293,48.791],[265.394,48.724],[265.524,48.694],[265.709,48.706],[265.765,48.653],[266.148,48.627],[266.221,48.516],[266.511,48.54],[266.546,48.56],[266.543,48.595],[266.755,48.641],[267.047,48.623],[267.37,48.537],[267.38,48.498],[267.302,48.485],[267.297,48.456],[267.503,48.446],[267.544,48.405],[267.555,48.32],[267.643,48.229],[267.714,48.251],[267.699,48.305],[267.743,48.347],[267.948,48.354],[268.029,48.244],[268.26,48.193],[268.313,48.145],[268.304,48.101],[268.423,48.096],[268.429,48.056],[268.582,48.041],[268.731,48.074],[268.874,48.155],[269.131,48.237],[269.17,48.226],[269.161,48.184],[269.259,48.091],[269.844,48.122],[269.935,48.108],[270.007,48.023],[270.096,47.989],[270.239,48.03],[270.643,47.98],[271.312,48.258],[271.632,48.312],[275.083,46.929],[275.143,46.902],[275.225,46.653],[275.435,46.466],[275.514,46.459],[275.572,46.503],[275.717,46.509],[275.807,46.547],[275.874,46.532],[275.842,46.397],[275.886,46.352],[275.894,46.248],[276.041,46.072],[276.154,46.125],[276.337,46.126],[276.517,46.044],[276.552,46.012],[276.402,45.827],[277.5,45.333],[277.814,43.917],[276.333,43.917],[275,43.5],[274.258,43.45],[274.036,43.587],[272.831,43.692],[272.458,43.967],[270.924,44.225],[270.413,44.154],[269.708,44.154],[268.275,42.725],[267,42.783],[266.533,41.667],[266.492,41.433],[266.4,41.167],[266.508,40.525],[261.2,39.467],[260.942,39.983],[260.983,42],[259.9,43.289],[258.592,43.708],[258.517,44.7],[256.833,44.958],[256.832,48.999],[264.846,48.999],[264.847,49.377],[264.952,49.359]]]}},{"type":"Feature","properties":{"icao":"KZNY","name":"FIR NEW YORK OCEANIC EAST","label":[309.251,32.029]},"geometry":{"type":"MultiLineString","coordinates":[[[320,45],[320,22.3],[315,18],[298.5,18],[300,20],[300,39],[293,39],[293,41.867],[300,43.6],[307,45],[320,45]]]}},{"type":"Feature","properties":{"icao":"KZOA","name":"FIR OAKLAND","label":[237.705,38.215]},"geometry":{"type":"MultiLineString","coordinates":[[[237.583,41.333],[238.75,41],[240.5,41],[242.633,39.933],[242.733,38.083],[242.905,37.883],[242.905,37.55],[242.924,37.442],[242.992,37.367],[242.667,37.2],[241.417,37.2],[241.417,36.133],[240.833,36.133],[240.5,35.633],[239.883,35.75],[239.15,35.533],[236.75,34.567],[235.767,36.017],[234.167,35.5],[233.067,36.467],[233,37.5],[233,40.85],[233.1,40.983],[234.666,40.216],[236.167,40.217],[236.467,40.388],[236.467,41.333],[237.583,41.333]]]}},{"type":"Feature","properties":{"icao":"KZOB","name":"FIR CLEVELAND","label":[279.147,41.682]},"geometry":{"type":"MultiLineString","coordinates":[[[277.414,42.559],[277.341,42.548],[277.191,42.413],[276.916,42.301],[276.865,42.231],[276.833,42.045],[276.928,41.859],[277.318,41.678],[277.59,41.676],[278.753,42.215],[279.903,42.396],[281.013,42.82],[281.065,42.862],[281.082,42.935],[280.978,42.987],[280.969,43.057],[280.919,43.086],[280.954,43.149],[280.946,43.262],[280.815,43.466],[281.298,43.638],[283.198,43.634],[283.236,43.067],[283.333,42.883],[283.303,42.728],[282.764,42.175],[282.458,41.678],[281.872,40.858],[282.121,40.55],[282.16,39.856],[280.457,39.371],[280.106,39.174],[279.5,39.167],[278.45,39.75],[278.367,40.217],[278.217,40.6],[276.667,40.508],[276.5,40.558],[276.35,40.738],[276.254,40.783],[275.3,40.908],[275.233,41.858],[275,42],[275,43.5],[276.333,43.917],[277.814,43.917],[277.864,43.574],[277.581,43.019],[277.487,42.636],[277.414,42.559]]]}},{"type":"Feature","properties":{"icao":"KZSE","name":"FIR SEATTLE","label":[238.162,45.304]},"geometry":{"type":"MultiLineString","coordinates":[[[242.963,49.003],[245.333,49],[245,48.417],[245,45.333],[242.25,45.333],[241.55,44.85],[240.717,43.633],[241,42.667],[240.5,41],[238.75,41],[237.583,41.333],[236.467,41.333],[236.467,40.388],[236.167,40.217],[234.667,40.217],[233.1,40.983],[233.5,44.9],[232,48.333],[235.25,48.5],[236.472,48.222],[236.748,48.277],[236.885,48.422],[236.745,48.69],[237.001,48.764],[236.991,48.831],[236.678,49],[242.963,49.003]]]}},{"type":"Feature","properties":{"icao":"KZTL","name":"FIR ATLANTA","label":[275.967,34.179]},"geometry":{"type":"MultiLineString","coordinates":[[[278.067,32.563],[277.667,32.167],[276.881,31.683],[275.9,31.683],[274.692,31.533],[274.417,31.763],[273.05,31.492],[272.6,31.281],[272.183,31.521],[271.675,31.517],[271.653,32.331],[272.15,32.697],[272.014,33.043],[272.367,33.317],[272.45,34.017],[272.75,34.1],[273,34.367],[273,35.333],[274.717,35.65],[274.6,36.183],[279.367,37.332],[280.05,36.154],[280.256,36.089],[280.196,35.383],[279.853,34.856],[278.667,34.394],[278.364,33.598],[278.067,32.563]]]}},{"type":"Feature","properties":{"icao":"KZWY","name":"FIR NEW YORK","label":[288.173,37.885]},"geometry":{"type":"MultiLineString","coordinates":[[[286.833,39.683],[286.717,39.733],[286.85,39.733],[286.992,39.994],[287.218,40.199],[287.5,40.072],[289.121,40.577],[291,41],[293,41.617],[293,39],[290.05,38.333],[288.317,37.517],[287.333,37.228],[287.333,35.1],[283.183,32.2],[283,32.25],[283.221,32.968],[284.81,35.308],[285.063,35.497],[285.4,36.788],[285.4,37.082],[286.017,38.542],[286.342,39.035],[286.833,39.683]]]}},{"type":"Feature","properties":{"icao":"KZWY","name":"FIR NEW YORK","label":[283.963,40.885]},"geometry":{"type":"MultiLineString","coordinates":[[[285.315,39.983],[285.217,40.11],[284.671,40.069],[283.653,39.392],[283.144,39.385],[282.642,39.51],[282.643,39.782],[282.383,39.772],[282.16,39.856],[282.121,40.55],[281.872,40.858],[282.458,41.678],[282.764,42.175],[283.197,42.608],[285.192,41.758],[285.556,41.438],[286.133,41.246],[286.14,40.858],[286.622,40.858],[286.708,40.801],[286.301,40.239],[285.315,39.983]]]}},{"type":"Feature","properties":{"icao":"KZWY","name":"FIR NEW YORK OCEANIC WEST","label":[292.797,31.17]},"geometry":{"type":"MultiLineString","coordinates":[[[291.5,25],[286.8,25],[285.167,27.833],[283.467,27.833],[283,28.133],[283,32.25],[283.183,32.2],[287.333,35.1],[287.333,37.233],[288.317,37.517],[290.05,38.333],[293,39],[300,39],[300,23.5],[292.75,23.5],[291.967,22.95],[291.5,25]]]}},{"type":"Feature","properties":{"icao":"LAAA","name":"FIR TIRANA","label":[19.914,41.09]},"geometry":{"type":"MultiLineString","coordinates":[[[19.77,42.587],[19.747,42.543],[19.765,42.505],[19.83,42.47],[20.078,42.558],[20.169,42.507],[20.245,42.329],[20.348,42.326],[20.526,42.212],[20.624,41.963],[20.559,41.862],[20.567,41.792],[20.517,41.744],[20.558,41.588],[20.462,41.556],[20.509,41.442],[20.562,41.408],[20.497,41.347],[20.518,41.234],[20.596,41.137],[20.592,41.099],[20.67,41.088],[20.734,40.912],[20.812,40.901],[20.848,40.936],[20.972,40.906],[20.984,40.793],[20.962,40.772],[21.053,40.673],[21.041,40.562],[20.952,40.471],[20.849,40.479],[20.789,40.428],[20.79,40.361],[20.713,40.278],[20.721,40.223],[20.679,40.185],[20.672,40.098],[20.45,40.072],[20.394,39.999],[20.316,39.993],[20.412,39.816],[20.381,39.787],[20.291,39.807],[20.319,39.729],[20.218,39.646],[20.01,39.691],[19,40.417],[19,40.75],[18.867,41.13],[19.368,41.849],[19.347,41.956],[19.383,41.968],[19.368,42.03],[19.4,42.105],[19.282,42.186],[19.657,42.628],[19.723,42.662],[19.77,42.587]]]}},{"type":"Feature","properties":{"icao":"LBSR","name":"FIR SOFIA","label":[26.166,42.799]},"geometry":{"type":"MultiLineString","coordinates":[[[23.046,44.069],[23.003,44.018],[22.885,43.988],[22.843,43.905],[22.863,43.848],[23.129,43.807],[23.418,43.856],[23.613,43.796],[23.744,43.805],[24.18,43.685],[24.352,43.696],[24.497,43.76],[24.706,43.715],[24.985,43.727],[25.262,43.678],[25.381,43.622],[25.772,43.706],[26.144,43.986],[27.03,44.148],[27.273,44.132],[27.291,44.088],[27.4,44.022],[27.656,44.042],[27.736,43.96],[27.928,44.003],[28.002,43.854],[28.258,43.764],[28.583,43.748],[29,43.667],[29.033,43.733],[30.533,43.683],[30.75,42.8],[29,42.117],[28.013,41.982],[27.83,42.001],[27.835,41.948],[27.706,41.977],[27.576,41.936],[27.572,41.907],[27.41,41.996],[27.362,42.065],[27.233,42.11],[27.202,42.061],[27.043,42.086],[26.966,42.005],[26.843,41.972],[26.625,41.983],[26.542,41.828],[26.375,41.819],[26.332,41.749],[26.361,41.711],[26.277,41.71],[26.231,41.75],[26.074,41.712],[26.069,41.66],[26.135,41.632],[26.148,41.562],[26.182,41.543],[26.161,41.479],[26.198,41.439],[26.14,41.355],[25.979,41.319],[25.881,41.31],[25.83,41.347],[25.709,41.297],[25.568,41.322],[25.528,41.284],[25.28,41.243],[25.119,41.346],[24.904,41.412],[24.819,41.405],[24.809,41.352],[24.712,41.423],[24.613,41.43],[24.526,41.572],[24.46,41.53],[24.318,41.519],[24.269,41.57],[24.185,41.517],[24.098,41.551],[24.054,41.456],[24.019,41.471],[23.974,41.441],[23.913,41.48],[23.769,41.403],[23.675,41.41],[23.636,41.378],[23.441,41.409],[23.344,41.369],[23.295,41.406],[23.181,41.323],[22.971,41.336],[22.936,41.342],[22.976,41.446],[22.953,41.634],[23.033,41.728],[22.896,41.885],[22.864,42.027],[22.675,42.067],[22.521,42.149],[22.364,42.32],[22.456,42.34],[22.558,42.479],[22.544,42.516],[22.439,42.575],[22.461,42.692],[22.501,42.739],[22.442,42.822],[22.525,42.879],[22.746,42.894],[22.791,42.985],[22.966,43.102],[23.007,43.2],[22.904,43.231],[22.767,43.386],[22.543,43.472],[22.496,43.646],[22.427,43.689],[22.359,43.817],[22.417,44.007],[22.622,44.071],[22.617,44.173],[22.676,44.225],[23.046,44.069]]]}},{"type":"Feature","properties":{"icao":"LBSR","name":"UIR SOFIA","label":[26.166,42.799]},"geometry":{"type":"MultiLineString","coordinates":[[[23.046,44.069],[23.003,44.018],[22.885,43.988],[22.843,43.905],[22.863,43.848],[23.129,43.807],[23.418,43.856],[23.613,43.796],[23.744,43.805],[24.18,43.685],[24.352,43.696],[24.497,43.76],[24.706,43.715],[24.985,43.727],[25.262,43.678],[25.381,43.622],[25.772,43.706],[26.144,43.986],[27.03,44.148],[27.273,44.132],[27.291,44.088],[27.4,44.022],[27.656,44.042],[27.736,43.96],[27.928,44.003],[28.002,43.854],[28.258,43.764],[28.583,43.748],[29,43.667],[29.033,43.733],[30.533,43.683],[30.75,42.8],[29,42.117],[28.013,41.982],[27.83,42.001],[27.835,41.948],[27.706,41.977],[27.576,41.936],[27.572,41.907],[27.41,41.996],[27.362,42.065],[27.233,42.11],[27.202,42.061],[27.043,42.086],[26.966,42.005],[26.843,41.972],[26.625,41.983],[26.542,41.828],[26.375,41.819],[26.332,41.749],[26.361,41.711],[26.277,41.71],[26.231,41.75],[26.074,41.712],[26.069,41.66],[26.135,41.632],[26.148,41.562],[26.182,41.543],[26.161,41.479],[26.198,41.439],[26.14,41.355],[25.979,41.319],[25.881,41.31],[25.83,41.347],[25.709,41.297],[25.568,41.322],[25.528,41.284],[25.28,41.243],[25.119,41.346],[24.904,41.412],[24.819,41.405],[24.809,41.352],[24.712,41.423],[24.613,41.43],[24.526,41.572],[24.46,41.53],[24.318,41.519],[24.269,41.57],[24.185,41.517],[24.098,41.551],[24.054,41.456],[24.019,41.471],[23.974,41.441],[23.913,41.48],[23.769,41.403],[23.675,41.41],[23.636,41.378],[23.441,41.409],[23.344,41.369],[23.295,41.406],[23.181,41.323],[22.971,41.336],[22.936,41.342],[22.976,41.446],[22.953,41.634],[23.033,41.728],[22.896,41.885],[22.864,42.027],[22.675,42.067],[22.521,42.149],[22.364,42.32],[22.456,42.34],[22.558,42.479],[22.544,42.516],[22.439,42.575],[22.461,42.692],[22.501,42.739],[22.442,42.822],[22.525,42.879],[22.746,42.894],[22.791,42.985],[22.966,43.102],[23.007,43.2],[22.904,43.231],[22.767,43.386],[22.543,43.472],[22.496,43.646],[22.427,43.689],[22.359,43.817],[22.417,44.007],[22.622,44.071],[22.617,44.173],[22.676,44.225],[23.046,44.069]]]}},{"type":"Feature","properties":{"icao":"LCCC","name":"FIR NICOSIA","label":[32.689,34.379]},"geometry":{"type":"MultiLineString","coordinates":[[[30,36.083],[35.667,35.917],[35.524,35.542],[35.686,35.345],[35.714,35.128],[35.686,34.94],[35.708,34.617],[35.631,34.56],[35.371,34.584],[35.056,34.494],[34.853,34.355],[34.696,34.164],[34.598,33.938],[34.612,33.676],[34.761,33.384],[34.95,33.217],[34.9,33.1],[34.604,33.09],[34.537,32.728],[34.296,32.612],[34.106,32.423],[33.978,32.145],[33.964,31.84],[30,33.5],[30,36.083]]]}},{"type":"Feature","properties":{"icao":"LDZO","name":"FIR ZAGREB","label":[16.11,44.242]},"geometry":{"type":"MultiLineString","coordinates":[[[16.403,46.539],[16.581,46.467],[16.661,46.466],[16.76,46.38],[16.838,46.38],[16.939,46.246],[17.157,46.178],[17.178,46.114],[17.231,46.101],[17.199,46.082],[17.301,46.033],[17.257,46.017],[17.305,46.013],[17.311,45.975],[17.369,45.996],[17.388,45.968],[17.351,45.953],[17.577,45.941],[17.66,45.838],[17.829,45.811],[17.863,45.768],[17.901,45.792],[18.088,45.766],[18.153,45.787],[18.424,45.749],[18.491,45.799],[18.571,45.807],[18.663,45.917],[18.803,45.887],[18.817,45.913],[18.859,45.843],[18.959,45.779],[18.957,45.736],[18.91,45.713],[18.968,45.663],[18.909,45.621],[18.902,45.57],[18.955,45.537],[19.021,45.563],[19.1,45.516],[19.088,45.49],[19,45.491],[18.994,45.452],[19.038,45.414],[18.98,45.379],[19.086,45.348],[19.139,45.288],[19.424,45.226],[19.411,45.175],[19.164,45.212],[19.161,45.146],[19.082,45.126],[19.105,44.984],[19.143,44.982],[19.145,44.951],[19.076,44.909],[19.032,44.931],[19.005,44.9],[19.04,44.861],[18.957,44.853],[18.841,44.864],[18.768,44.916],[18.764,44.945],[18.801,44.95],[18.794,44.997],[18.731,45],[18.67,45.062],[18.676,45.094],[18.656,45.058],[18.613,45.062],[18.639,45.095],[18.573,45.095],[18.575,45.069],[18.536,45.096],[18.528,45.047],[18.43,45.106],[18.323,45.103],[18.252,45.139],[18.217,45.13],[18.206,45.085],[18.12,45.083],[18.07,45.104],[18.07,45.14],[18.002,45.152],[17.933,45.08],[17.852,45.049],[17.671,45.137],[17.484,45.111],[17.495,45.137],[17.451,45.128],[17.45,45.159],[17.372,45.141],[17.267,45.187],[17.241,45.149],[17.177,45.149],[17.036,45.227],[17.009,45.216],[17.011,45.239],[16.932,45.234],[16.93,45.277],[16.824,45.187],[16.526,45.224],[16.454,45.14],[16.398,45.122],[16.343,45.001],[16.21,45.034],[16.015,45.218],[15.834,45.212],[15.781,45.162],[15.769,44.923],[15.8,44.863],[15.737,44.812],[15.855,44.714],[15.957,44.7],[16.043,44.554],[16.126,44.499],[16.159,44.394],[16.225,44.336],[16.184,44.306],[16.18,44.218],[16.146,44.197],[16.265,44.189],[16.355,44.082],[16.537,44.014],[16.701,43.851],[16.723,43.786],[16.841,43.719],[16.976,43.586],[17.262,43.46],[17.298,43.281],[17.659,43.039],[17.684,42.967],[17.579,42.944],[17.615,42.916],[17.555,42.933],[17.65,42.889],[17.698,42.927],[17.821,42.92],[17.883,42.819],[17.999,42.761],[18.1,42.751],[18.269,42.618],[18.363,42.627],[18.456,42.566],[18.46,42.487],[18.503,42.449],[18.6,42.2],[18.317,41.417],[16.354,42.347],[16.269,42.317],[16.193,42.337],[16.158,42.38],[16.164,42.435],[14.5,43.497],[13.333,44.53],[13,45.163],[13,45.297],[13.392,45.555],[13.679,45.445],[13.864,45.478],[13.987,45.46],[13.989,45.522],[14.131,45.474],[14.238,45.506],[14.387,45.485],[14.486,45.53],[14.51,45.598],[14.601,45.675],[14.687,45.537],[14.798,45.501],[14.818,45.466],[14.908,45.477],[14.934,45.525],[15.085,45.486],[15.163,45.427],[15.335,45.457],[15.283,45.605],[15.392,45.647],[15.347,45.675],[15.359,45.714],[15.283,45.695],[15.309,45.752],[15.445,45.816],[15.482,45.802],[15.499,45.836],[15.698,45.844],[15.679,45.862],[15.724,45.939],[15.718,46.047],[15.629,46.087],[15.6,46.142],[15.649,46.214],[15.781,46.212],[15.822,46.258],[16.017,46.298],[16.083,46.334],[16.076,46.384],[16.14,46.407],[16.3,46.38],[16.252,46.499],[16.293,46.531],[16.403,46.539]]]}},{"type":"Feature","properties":{"icao":"LDZO","name":"UIR ZAGREB","label":[16.11,44.242]},"geometry":{"type":"MultiLineString","coordinates":[[[16.403,46.539],[16.581,46.467],[16.661,46.466],[16.76,46.38],[16.838,46.38],[16.939,46.246],[17.157,46.178],[17.178,46.114],[17.231,46.101],[17.199,46.082],[17.301,46.033],[17.257,46.017],[17.305,46.013],[17.311,45.975],[17.369,45.996],[17.388,45.968],[17.351,45.953],[17.577,45.941],[17.66,45.838],[17.829,45.811],[17.863,45.768],[17.901,45.792],[18.088,45.766],[18.153,45.787],[18.424,45.749],[18.491,45.799],[18.571,45.807],[18.663,45.917],[18.803,45.887],[18.817,45.913],[18.859,45.843],[18.959,45.779],[18.957,45.736],[18.91,45.713],[18.968,45.663],[18.909,45.621],[18.902,45.57],[18.955,45.537],[19.021,45.563],[19.1,45.516],[19.088,45.49],[19,45.491],[18.994,45.452],[19.038,45.414],[18.98,45.379],[19.086,45.348],[19.139,45.288],[19.424,45.226],[19.411,45.175],[19.164,45.212],[19.161,45.146],[19.082,45.126],[19.105,44.984],[19.143,44.982],[19.145,44.951],[19.076,44.909],[19.032,44.931],[19.005,44.9],[19.04,44.861],[18.957,44.853],[18.841,44.864],[18.768,44.916],[18.764,44.945],[18.801,44.95],[18.794,44.997],[18.731,45],[18.67,45.062],[18.676,45.094],[18.656,45.058],[18.613,45.062],[18.639,45.095],[18.573,45.095],[18.575,45.069],[18.536,45.096],[18.528,45.047],[18.43,45.106],[18.323,45.103],[18.252,45.139],[18.217,45.13],[18.206,45.085],[18.12,45.083],[18.07,45.104],[18.07,45.14],[18.002,45.152],[17.933,45.08],[17.852,45.049],[17.671,45.137],[17.484,45.111],[17.495,45.137],[17.451,45.128],[17.45,45.159],[17.372,45.141],[17.267,45.187],[17.241,45.149],[17.177,45.149],[17.036,45.227],[17.009,45.216],[17.011,45.239],[16.932,45.234],[16.93,45.277],[16.824,45.187],[16.526,45.224],[16.454,45.14],[16.398,45.122],[16.343,45.001],[16.21,45.034],[16.015,45.218],[15.834,45.212],[15.781,45.162],[15.769,44.923],[15.8,44.863],[15.737,44.812],[15.855,44.714],[15.957,44.7],[16.043,44.554],[16.126,44.499],[16.159,44.394],[16.225,44.336],[16.184,44.306],[16.18,44.218],[16.146,44.197],[16.265,44.189],[16.355,44.082],[16.537,44.014],[16.701,43.851],[16.723,43.786],[16.841,43.719],[16.976,43.586],[17.262,43.46],[17.298,43.281],[17.659,43.039],[17.684,42.967],[17.579,42.944],[17.615,42.916],[17.555,42.933],[17.65,42.889],[17.698,42.927],[17.821,42.92],[17.883,42.819],[17.999,42.761],[18.1,42.751],[18.269,42.618],[18.363,42.627],[18.456,42.566],[18.46,42.487],[18.503,42.449],[18.6,42.2],[18.317,41.417],[16.354,42.347],[16.269,42.317],[16.193,42.337],[16.158,42.38],[16.164,42.435],[14.5,43.497],[13.333,44.53],[13,45.163],[13,45.297],[13.392,45.555],[13.679,45.445],[13.864,45.478],[13.987,45.46],[13.989,45.522],[14.131,45.474],[14.238,45.506],[14.387,45.485],[14.486,45.53],[14.51,45.598],[14.601,45.675],[14.687,45.537],[14.798,45.501],[14.818,45.466],[14.908,45.477],[14.934,45.525],[15.085,45.486],[15.163,45.427],[15.335,45.457],[15.283,45.605],[15.392,45.647],[15.347,45.675],[15.359,45.714],[15.283,45.695],[15.309,45.752],[15.445,45.816],[15.482,45.802],[15.499,45.836],[15.698,45.844],[15.679,45.862],[15.724,45.939],[15.718,46.047],[15.629,46.087],[15.6,46.142],[15.649,46.214],[15.781,46.212],[15.822,46.258],[16.017,46.298],[16.083,46.334],[16.076,46.384],[16.14,46.407],[16.3,46.38],[16.252,46.499],[16.293,46.531],[16.403,46.539]]]}},{"type":"Feature","properties":{"icao":"LECB","name":"FIR BARCELONA","label":[1.434,39.752]},"geometry":{"type":"MultiLineString","coordinates":[[[0.734,42.856],[0.937,42.79],[1.092,42.784],[1.174,42.71],[1.359,42.715],[1.446,42.602],[1.423,42.536],[1.472,42.514],[1.424,42.493],[1.455,42.442],[1.542,42.437],[1.724,42.509],[1.94,42.451],[2.017,42.353],[2.094,42.364],[2.138,42.417],[2.269,42.437],[2.542,42.332],[2.565,42.359],[2.681,42.34],[2.657,42.379],[2.678,42.402],[2.784,42.411],[2.878,42.463],[3.045,42.475],[3.092,42.43],[3.178,42.437],[4.667,42],[4.67,39],[3.75,38.333],[-1.5,36.25],[-2.1,35.833],[-1.1,39.733],[-0.067,42.7],[0.008,42.687],[0.179,42.735],[0.262,42.718],[0.304,42.674],[0.371,42.724],[0.433,42.687],[0.676,42.688],[0.649,42.756],[0.668,42.839],[0.734,42.856]]]}},{"type":"Feature","properties":{"icao":"LECB","name":"UIR BARCELONA","label":[1.434,39.752]},"geometry":{"type":"MultiLineString","coordinates":[[[0.734,42.856],[0.937,42.79],[1.092,42.784],[1.174,42.71],[1.359,42.715],[1.446,42.602],[1.423,42.536],[1.472,42.514],[1.424,42.493],[1.455,42.442],[1.542,42.437],[1.724,42.509],[1.94,42.451],[2.017,42.353],[2.094,42.364],[2.138,42.417],[2.269,42.437],[2.542,42.332],[2.565,42.359],[2.681,42.34],[2.657,42.379],[2.678,42.402],[2.784,42.411],[2.878,42.463],[3.045,42.475],[3.092,42.43],[3.178,42.437],[4.667,42],[4.67,39],[3.75,38.333],[-1.5,36.25],[-2.1,35.833],[-1.1,39.733],[-0.067,42.7],[0.008,42.687],[0.179,42.735],[0.262,42.718],[0.304,42.674],[0.371,42.724],[0.433,42.687],[0.676,42.688],[0.649,42.756],[0.668,42.839],[0.734,42.856]]]}},{"type":"Feature","properties":{"icao":"LECM","name":"FIR MADRID","label":[-5.59,40.99]},"geometry":{"type":"MultiLineString","coordinates":[[[-1.782,43.346],[-1.73,43.299],[-1.627,43.301],[-1.62,43.256],[-1.544,43.291],[-1.391,43.263],[-1.382,43.197],[-1.472,43.091],[-1.434,43.046],[-1.347,43.035],[-1.342,43.097],[-1.275,43.121],[-1.302,43.077],[-1.257,43.048],[-0.946,42.956],[-0.747,42.966],[-0.732,42.899],[-0.623,42.852],[-0.562,42.781],[-0.501,42.822],[-0.392,42.796],[-0.306,42.849],[-0.187,42.786],[-0.145,42.802],[-0.108,42.725],[-0.063,42.716],[-1.1,39.733],[-2.1,35.833],[-7.383,35.833],[-7.421,37.278],[-7.468,37.491],[-7.524,37.552],[-7.448,37.658],[-7.423,37.755],[-7.278,37.871],[-7.254,37.987],[-7.127,38.003],[-7.104,38.047],[-7.007,38.028],[-6.952,38.14],[-6.941,38.218],[-7.088,38.174],[-7.274,38.417],[-7.33,38.447],[-7.248,38.624],[-7.257,38.728],[-7.042,38.869],[-7.05,38.911],[-6.955,39.026],[-7.005,39.107],[-7.142,39.111],[-7.14,39.173],[-7.243,39.213],[-7.235,39.277],[-7.323,39.388],[-7.294,39.468],[-7.38,39.496],[-7.391,39.533],[-7.506,39.606],[-7.533,39.669],[-7.337,39.644],[-7.267,39.672],[-7.017,39.675],[-6.983,39.817],[-6.914,39.865],[-6.864,40.016],[-6.935,40.108],[-7.005,40.126],[-7.027,40.188],[-7.006,40.231],[-6.874,40.263],[-6.779,40.363],[-6.848,40.443],[-6.791,40.518],[-6.839,40.575],[-6.798,40.658],[-6.829,40.755],[-6.804,40.874],[-6.932,41.018],[-6.808,41.041],[-6.754,41.102],[-6.764,41.131],[-6.644,41.245],[-6.497,41.264],[-6.382,41.355],[-6.388,41.382],[-6.318,41.387],[-6.329,41.415],[-6.194,41.593],[-6.356,41.678],[-6.442,41.686],[-6.497,41.657],[-6.539,41.679],[-6.562,41.745],[-6.508,41.874],[-6.568,41.887],[-6.55,41.945],[-6.594,41.969],[-6.618,41.941],[-6.735,41.94],[-6.788,41.992],[-6.828,41.95],[-6.906,41.945],[-6.971,41.974],[-7.063,41.951],[-7.14,41.994],[-7.187,41.975],[-7.174,41.923],[-7.201,41.884],[-7.37,41.851],[-7.42,41.813],[-7.493,41.873],[-7.608,41.831],[-7.592,41.88],[-7.692,41.905],[-7.88,41.853],[-7.892,41.927],[-8.015,41.834],[-8.141,41.809],[-8.219,41.914],[-8.085,42.02],[-8.08,42.054],[-8.122,42.079],[-8.186,42.065],[-8.201,42.153],[-8.327,42.085],[-8.621,42.054],[-8.866,41.873],[-10,42],[-13,43],[-13,45],[-8,45],[-4,44.333],[-1.783,43.583],[-1.782,43.346]]]}},{"type":"Feature","properties":{"icao":"LECM","name":"UIR MADRID","label":[-5.59,40.99]},"geometry":{"type":"MultiLineString","coordinates":[[[-1.782,43.346],[-1.73,43.299],[-1.627,43.301],[-1.62,43.256],[-1.544,43.291],[-1.391,43.263],[-1.382,43.197],[-1.472,43.091],[-1.434,43.046],[-1.347,43.035],[-1.342,43.097],[-1.275,43.121],[-1.302,43.077],[-1.257,43.048],[-0.946,42.956],[-0.747,42.966],[-0.732,42.899],[-0.623,42.852],[-0.562,42.781],[-0.501,42.822],[-0.392,42.796],[-0.306,42.849],[-0.187,42.786],[-0.145,42.802],[-0.108,42.725],[-0.063,42.716],[-1.1,39.733],[-2.1,35.833],[-7.383,35.833],[-7.421,37.278],[-7.468,37.491],[-7.524,37.552],[-7.448,37.658],[-7.423,37.755],[-7.278,37.871],[-7.254,37.987],[-7.127,38.003],[-7.104,38.047],[-7.007,38.028],[-6.952,38.14],[-6.941,38.218],[-7.088,38.174],[-7.274,38.417],[-7.33,38.447],[-7.248,38.624],[-7.257,38.728],[-7.042,38.869],[-7.05,38.911],[-6.955,39.026],[-7.005,39.107],[-7.142,39.111],[-7.14,39.173],[-7.243,39.213],[-7.235,39.277],[-7.323,39.388],[-7.294,39.468],[-7.38,39.496],[-7.391,39.533],[-7.506,39.606],[-7.533,39.669],[-7.337,39.644],[-7.267,39.672],[-7.017,39.675],[-6.983,39.817],[-6.914,39.865],[-6.864,40.016],[-6.935,40.108],[-7.005,40.126],[-7.027,40.188],[-7.006,40.231],[-6.874,40.263],[-6.779,40.363],[-6.848,40.443],[-6.791,40.518],[-6.839,40.575],[-6.798,40.658],[-6.829,40.755],[-6.804,40.874],[-6.932,41.018],[-6.808,41.041],[-6.754,41.102],[-6.764,41.131],[-6.644,41.245],[-6.497,41.264],[-6.382,41.355],[-6.388,41.382],[-6.318,41.387],[-6.329,41.415],[-6.194,41.593],[-6.356,41.678],[-6.442,41.686],[-6.497,41.657],[-6.539,41.679],[-6.562,41.745],[-6.508,41.874],[-6.568,41.887],[-6.55,41.945],[-6.594,41.969],[-6.618,41.941],[-6.735,41.94],[-6.788,41.992],[-6.828,41.95],[-6.906,41.945],[-6.971,41.974],[-7.063,41.951],[-7.14,41.994],[-7.187,41.975],[-7.174,41.923],[-7.201,41.884],[-7.37,41.851],[-7.42,41.813],[-7.493,41.873],[-7.608,41.831],[-7.592,41.88],[-7.692,41.905],[-7.88,41.853],[-7.892,41.927],[-8.015,41.834],[-8.141,41.809],[-8.219,41.914],[-8.085,42.02],[-8.08,42.054],[-8.122,42.079],[-8.186,42.065],[-8.201,42.153],[-8.327,42.085],[-8.621,42.054],[-8.866,41.873],[-10,42],[-13,43],[-13,45],[-8,45],[-4,44.333],[-1.783,43.583],[-1.782,43.346]]]}},{"type":"Feature","properties":{"icao":"LFBB","name":"FIR BORDEAUX","label":[0.7,44.856]},"geometry":{"type":"MultiLineString","coordinates":[[[1.439,42.605],[1.359,42.715],[1.174,42.71],[1.092,42.784],[0.937,42.79],[0.72,42.859],[0.668,42.839],[0.652,42.785],[0.676,42.688],[0.433,42.687],[0.371,42.724],[0.304,42.674],[0.262,42.718],[0.179,42.735],[-0.051,42.692],[-0.149,42.771],[-0.145,42.802],[-0.187,42.786],[-0.306,42.849],[-0.392,42.796],[-0.501,42.822],[-0.562,42.781],[-0.623,42.852],[-0.732,42.899],[-0.747,42.966],[-0.946,42.956],[-1.257,43.048],[-1.302,43.077],[-1.281,43.122],[-1.342,43.097],[-1.347,43.035],[-1.434,43.046],[-1.472,43.091],[-1.382,43.197],[-1.391,43.263],[-1.544,43.291],[-1.62,43.256],[-1.627,43.301],[-1.73,43.299],[-1.782,43.346],[-1.633,46.5],[-0.25,46.5],[-0.25,47.167],[2,47.167],[2.833,46.75],[3.002,45.724],[3.041,44.625],[2.705,43.698],[2.707,43.213],[2.567,43.25],[2.267,43],[2.733,42.591],[2.699,42.406],[2.657,42.384],[2.686,42.344],[2.565,42.359],[2.526,42.333],[2.439,42.39],[2.269,42.437],[2.138,42.417],[2.094,42.364],[2.017,42.353],[1.94,42.451],[1.724,42.509],[1.542,42.437],[1.455,42.442],[1.424,42.493],[1.472,42.514],[1.423,42.536],[1.439,42.605]]]}},{"type":"Feature","properties":{"icao":"LFEE","name":"FIR REIMS","label":[6.14,47.989]},"geometry":{"type":"MultiLineString","coordinates":[[[6.254,49.504],[6.541,49.426],[6.595,49.363],[6.573,49.335],[6.693,49.215],[6.729,49.216],[6.731,49.166],[6.839,49.155],[6.848,49.215],[6.931,49.221],[7.027,49.189],[7.044,49.112],[7.105,49.15],[7.288,49.111],[7.424,49.177],[7.487,49.164],[7.543,49.087],[7.652,49.045],[7.939,49.049],[8.079,48.989],[8.224,48.97],[8.139,48.896],[8.092,48.804],[7.966,48.753],[7.801,48.589],[7.809,48.517],[7.737,48.399],[7.751,48.337],[7.696,48.305],[7.683,48.242],[7.579,48.12],[7.569,48.045],[7.624,47.977],[7.553,47.878],[7.527,47.788],[7.546,47.738],[7.511,47.703],[7.588,47.584],[7.501,47.551],[7.524,47.529],[7.492,47.523],[7.497,47.495],[7.432,47.496],[7.453,47.47],[7.383,47.432],[7.247,47.421],[7.178,47.446],[7.198,47.495],[6.991,47.497],[7.006,47.451],[6.944,47.434],[6.881,47.357],[7.023,47.372],[7.053,47.335],[6.948,47.292],[6.955,47.247],[6.705,47.086],[6.703,47.039],[6.436,46.931],[6.466,46.879],[6.434,46.809],[6.453,46.774],[6.13,46.593],[6.163,46.559],[6.113,46.505],[4.833,46.5],[4.333,47.417],[5.167,48.167],[5.733,48.25],[4.8,48.95],[5.999,49.454],[6.254,49.504]]]}},{"type":"Feature","properties":{"icao":"LFFF","name":"FIR PARIS","label":[2.481,48.739]},"geometry":{"type":"MultiLineString","coordinates":[[[2.644,50.816],[2.715,50.816],[2.788,50.734],[2.904,50.697],[2.955,50.757],[3.15,50.79],[3.25,50.705],[3.28,50.538],[3.367,50.496],[3.481,50.532],[3.517,50.523],[3.511,50.491],[3.62,50.49],[3.671,50.441],[3.663,50.366],[3.706,50.306],[3.769,50.353],[3.907,50.33],[4.033,50.356],[4.15,50.258],[4.169,50.286],[4.212,50.268],[4.138,50.138],[4.201,50.132],[4.23,50.075],[4.144,50.021],[4.149,49.978],[4.203,49.962],[4.511,49.947],[4.674,49.996],[4.697,50.091],[4.815,50.166],[4.883,50.155],[4.881,50.094],[4.853,50.096],[4.8,49.969],[4.881,49.915],[4.851,49.864],[4.86,49.793],[4.997,49.802],[5.105,49.764],[5.175,49.697],[5.276,49.699],[5.33,49.66],[5.315,49.619],[5.357,49.634],[5.438,49.6],[5.477,49.504],[5.767,49.557],[5.999,49.454],[4.8,48.95],[5.733,48.25],[5.167,48.167],[4.333,47.417],[4.833,46.5],[3.267,46.5],[2.917,46.333],[2.833,46.75],[2,47.167],[-0.25,47.167],[-0.25,50],[1.467,50.667],[1.467,51],[2,51.117],[2.542,51.091],[2.631,50.955],[2.594,50.919],[2.603,50.853],[2.644,50.816]]]}},{"type":"Feature","properties":{"icao":"LFFF","name":"UIR FRANCE","label":[1.311,45.818]},"geometry":{"type":"MultiLineString","coordinates":[[[2.644,50.816],[2.715,50.816],[2.788,50.734],[2.904,50.697],[2.955,50.757],[3.15,50.79],[3.25,50.705],[3.28,50.538],[3.367,50.496],[3.481,50.532],[3.517,50.523],[3.511,50.491],[3.62,50.49],[3.671,50.441],[3.663,50.366],[3.706,50.306],[3.769,50.353],[3.907,50.33],[4.033,50.356],[4.15,50.258],[4.169,50.286],[4.212,50.268],[4.138,50.138],[4.201,50.132],[4.23,50.075],[4.144,50.021],[4.149,49.978],[4.203,49.962],[4.511,49.947],[4.674,49.996],[4.697,50.091],[4.815,50.166],[4.883,50.155],[4.881,50.094],[4.853,50.096],[4.8,49.969],[4.881,49.915],[4.851,49.864],[4.86,49.793],[4.997,49.802],[5.105,49.764],[5.175,49.697],[5.276,49.699],[5.33,49.66],[5.315,49.619],[5.357,49.634],[5.438,49.6],[5.477,49.504],[5.767,49.557],[5.859,49.5],[5.963,49.488],[5.978,49.449],[6.094,49.454],[6.165,49.505],[6.362,49.459],[6.416,49.476],[6.541,49.426],[6.595,49.363],[6.573,49.335],[6.693,49.215],[6.729,49.216],[6.731,49.166],[6.839,49.155],[6.848,49.215],[6.931,49.221],[7.027,49.189],[7.044,49.112],[7.105,49.15],[7.288,49.111],[7.424,49.177],[7.487,49.164],[7.543,49.087],[7.652,49.045],[7.939,49.049],[8.079,48.989],[8.224,48.97],[8.139,48.896],[8.092,48.804],[7.966,48.753],[7.944,48.705],[7.831,48.642],[7.801,48.589],[7.809,48.517],[7.737,48.399],[7.751,48.337],[7.696,48.305],[7.683,48.242],[7.579,48.12],[7.569,48.045],[7.624,47.977],[7.553,47.878],[7.527,47.788],[7.546,47.738],[7.511,47.703],[7.588,47.584],[7.501,47.551],[7.524,47.529],[7.492,47.523],[7.497,47.495],[7.432,47.496],[7.453,47.47],[7.383,47.432],[7.247,47.421],[7.178,47.446],[7.198,47.495],[6.991,47.497],[7.006,47.451],[6.944,47.434],[6.881,47.357],[7.023,47.372],[7.059,47.342],[6.948,47.292],[6.941,47.233],[6.705,47.086],[6.703,47.039],[6.436,46.931],[6.466,46.879],[6.434,46.809],[6.457,46.781],[6.13,46.593],[6.163,46.559],[6.079,46.476],[6.071,46.426],[6.158,46.374],[6.106,46.297],[6.119,46.264],[5.966,46.205],[6.005,46.174],[5.968,46.14],[6.152,46.154],[6.305,46.249],[6.226,46.322],[6.246,46.358],[6.492,46.453],[6.634,46.464],[6.803,46.428],[6.767,46.352],[6.844,46.271],[6.797,46.222],[6.784,46.148],[6.884,46.126],[6.867,46.054],[6.929,46.065],[7.039,45.932],[6.981,45.872],[6.809,45.831],[6.81,45.728],[6.989,45.643],[6.969,45.597],[6.999,45.518],[7.181,45.412],[7.111,45.335],[7.128,45.258],[7.076,45.222],[6.958,45.213],[6.879,45.14],[6.761,45.168],[6.62,45.11],[6.662,45.04],[6.745,45.023],[6.747,44.919],[7.032,44.831],[7.009,44.805],[7.072,44.692],[6.98,44.692],[6.933,44.592],[6.853,44.541],[6.935,44.443],[6.887,44.426],[6.877,44.377],[6.991,44.252],[7.155,44.221],[7.353,44.131],[7.673,44.183],[7.658,44.137],[7.704,44.072],[7.493,43.878],[7.532,43.782],[9.75,43.167],[9.75,41.333],[8.333,41.333],[8,41],[8,39],[4.67,39],[4.667,42],[3.178,42.437],[3.092,42.43],[3.045,42.475],[2.95,42.481],[2.784,42.411],[2.7,42.417],[2.657,42.384],[2.681,42.34],[2.565,42.359],[2.542,42.332],[2.269,42.437],[2.138,42.417],[2.094,42.364],[2.017,42.353],[1.94,42.451],[1.724,42.509],[1.542,42.437],[1.455,42.442],[1.424,42.493],[1.472,42.514],[1.423,42.536],[1.446,42.602],[1.359,42.715],[1.174,42.71],[1.092,42.784],[0.937,42.79],[0.72,42.859],[0.668,42.839],[0.652,42.785],[0.676,42.688],[0.433,42.687],[0.371,42.724],[0.304,42.674],[0.262,42.718],[0.179,42.735],[-0.051,42.692],[-0.149,42.771],[-0.145,42.802],[-0.187,42.786],[-0.306,42.849],[-0.392,42.796],[-0.501,42.822],[-0.562,42.781],[-0.623,42.852],[-0.732,42.899],[-0.747,42.966],[-0.946,42.956],[-1.257,43.048],[-1.302,43.077],[-1.281,43.122],[-1.342,43.097],[-1.347,43.035],[-1.446,43.052],[-1.472,43.091],[-1.411,43.137],[-1.384,43.253],[-1.544,43.291],[-1.606,43.254],[-1.66,43.313],[-1.73,43.299],[-1.785,43.351],[-1.783,43.583],[-4,44.333],[-8,45],[-8,48.833],[-2,50],[-0.25,50],[1.467,50.667],[1.467,51],[2,51.117],[2.542,51.091],[2.631,50.955],[2.594,50.919],[2.603,50.853],[2.644,50.816]]]}},{"type":"Feature","properties":{"icao":"LFMM","name":"FIR MARSEILLE","label":[5.925,42.845]},"geometry":{"type":"MultiLineString","coordinates":[[[6.117,46.261],[5.968,46.212],[6.005,46.174],[5.968,46.14],[6.152,46.154],[6.305,46.249],[6.226,46.322],[6.311,46.401],[6.634,46.464],[6.808,46.419],[6.767,46.356],[6.844,46.271],[6.797,46.222],[6.784,46.148],[6.884,46.126],[6.867,46.054],[6.929,46.065],[7.039,45.932],[6.981,45.872],[6.809,45.831],[6.81,45.728],[6.989,45.643],[6.969,45.597],[6.999,45.518],[7.181,45.412],[7.111,45.335],[7.128,45.258],[7.076,45.222],[6.958,45.213],[6.879,45.14],[6.761,45.168],[6.62,45.11],[6.662,45.04],[6.745,45.023],[6.747,44.919],[7.032,44.831],[7.009,44.805],[7.072,44.692],[6.98,44.692],[6.933,44.592],[6.853,44.541],[6.935,44.443],[6.887,44.426],[6.877,44.377],[6.991,44.252],[7.155,44.221],[7.353,44.131],[7.673,44.183],[7.658,44.137],[7.704,44.072],[7.493,43.878],[7.532,43.782],[9.75,43.167],[9.75,41.333],[8.333,41.333],[8,41],[8,39],[4.67,39],[4.667,42],[3.178,42.437],[3.092,42.43],[3.045,42.475],[2.95,42.481],[2.7,42.406],[2.733,42.591],[2.267,43],[2.567,43.25],[2.707,43.213],[2.705,43.698],[3.041,44.625],[3.002,45.724],[2.917,46.333],[3.267,46.5],[6.113,46.505],[6.071,46.426],[6.159,46.37],[6.106,46.297],[6.117,46.261]]]}},{"type":"Feature","properties":{"icao":"LFRR","name":"FIR BREST","label":[-4.085,47.108]},"geometry":{"type":"MultiLineString","coordinates":[[[-1.783,43.717],[-1.783,43.583],[-4,44.333],[-8,45],[-8,48.833],[-2,50],[-0.25,50],[-0.25,46.5],[-1.633,46.5],[-1.783,43.717]]]}},{"type":"Feature","properties":{"icao":"LGGG","name":"FIR ATHINAI","label":[24.067,37.366]},"geometry":{"type":"MultiLineString","coordinates":[[[26.233,41.747],[26.277,41.71],[26.493,41.674],[26.486,41.652],[26.594,41.611],[26.634,41.354],[26.59,41.328],[26.537,41.346],[26.415,41.259],[26.33,41.254],[26.311,41.117],[26.34,41.112],[26.321,41.076],[26.375,41.026],[26.33,40.987],[26.359,40.952],[26.222,40.891],[26.216,40.84],[26.157,40.814],[26.118,40.746],[26.045,40.736],[25.867,40.613],[25.917,40.497],[25.833,40.363],[25.633,40.313],[25.583,40.163],[25.75,39.497],[26,39.363],[26.336,39.423],[26.452,39.397],[26.691,39.087],[26.691,38.976],[26.31,38.648],[26.305,38.476],[26.221,38.316],[26.199,38.17],[27.036,37.843],[27.147,37.75],[26.974,37.648],[27.183,37.249],[27.152,37.063],[27.209,36.944],[27.431,36.913],[27.302,36.762],[27.276,36.652],[27.51,36.51],[27.843,36.701],[28.063,36.482],[28.339,36.541],[29.405,36.146],[29.464,36.182],[29.6,36.16],[29.658,36.118],[30,36.083],[30,33.5],[27.167,34],[24.167,34],[23.583,34.333],[19,36.5],[19,40.417],[20.01,39.691],[20.218,39.646],[20.319,39.729],[20.291,39.807],[20.381,39.787],[20.412,39.816],[20.316,39.993],[20.394,39.999],[20.45,40.072],[20.672,40.098],[20.679,40.185],[20.721,40.223],[20.713,40.278],[20.79,40.361],[20.789,40.428],[20.849,40.479],[20.946,40.467],[21.041,40.562],[21.052,40.677],[20.962,40.772],[20.983,40.856],[21.343,40.872],[21.42,40.919],[21.6,40.873],[21.694,40.938],[21.792,40.933],[21.804,40.978],[21.912,41.049],[21.916,41.095],[22.067,41.158],[22.131,41.125],[22.257,41.171],[22.334,41.127],[22.586,41.119],[22.672,41.188],[22.721,41.143],[22.76,41.309],[22.804,41.347],[23.181,41.323],[23.295,41.406],[23.344,41.369],[23.441,41.409],[23.636,41.378],[23.675,41.41],[23.769,41.403],[23.913,41.48],[23.974,41.441],[24.019,41.471],[24.054,41.456],[24.093,41.55],[24.185,41.517],[24.254,41.57],[24.318,41.519],[24.46,41.53],[24.531,41.571],[24.613,41.43],[24.712,41.423],[24.809,41.352],[24.819,41.405],[24.904,41.412],[25.119,41.346],[25.28,41.243],[25.528,41.284],[25.568,41.322],[25.709,41.297],[25.83,41.347],[25.881,41.31],[25.979,41.319],[26.14,41.355],[26.198,41.439],[26.161,41.479],[26.182,41.543],[26.066,41.697],[26.163,41.747],[26.233,41.747]]]}},{"type":"Feature","properties":{"icao":"LGGG","name":"UIR HELLAS","label":[24.067,37.366]},"geometry":{"type":"MultiLineString","coordinates":[[[26.233,41.747],[26.277,41.71],[26.493,41.674],[26.486,41.652],[26.594,41.611],[26.634,41.354],[26.59,41.328],[26.537,41.346],[26.415,41.259],[26.33,41.254],[26.311,41.117],[26.34,41.112],[26.321,41.076],[26.375,41.026],[26.33,40.987],[26.359,40.952],[26.222,40.891],[26.216,40.84],[26.157,40.814],[26.118,40.746],[26.045,40.736],[25.867,40.613],[25.917,40.497],[25.833,40.363],[25.633,40.313],[25.583,40.163],[25.75,39.497],[26,39.363],[26.336,39.423],[26.452,39.397],[26.691,39.087],[26.691,38.976],[26.31,38.648],[26.305,38.476],[26.221,38.316],[26.199,38.17],[27.036,37.843],[27.147,37.75],[26.974,37.648],[27.183,37.249],[27.152,37.063],[27.209,36.944],[27.431,36.913],[27.302,36.762],[27.276,36.652],[27.51,36.51],[27.843,36.701],[28.063,36.482],[28.339,36.541],[29.405,36.146],[29.464,36.182],[29.6,36.16],[29.658,36.118],[30,36.083],[30,33.5],[27.167,34],[24.167,34],[23.583,34.333],[19,36.5],[19,40.417],[20.01,39.691],[20.218,39.646],[20.319,39.729],[20.291,39.807],[20.381,39.787],[20.412,39.816],[20.316,39.993],[20.394,39.999],[20.45,40.072],[20.672,40.098],[20.679,40.185],[20.721,40.223],[20.713,40.278],[20.79,40.361],[20.789,40.428],[20.849,40.479],[20.946,40.467],[21.041,40.562],[21.052,40.677],[20.962,40.772],[20.983,40.856],[21.343,40.872],[21.42,40.919],[21.6,40.873],[21.694,40.938],[21.792,40.933],[21.804,40.978],[21.912,41.049],[21.916,41.095],[22.067,41.158],[22.131,41.125],[22.257,41.171],[22.334,41.127],[22.586,41.119],[22.672,41.188],[22.721,41.143],[22.76,41.309],[22.804,41.347],[23.181,41.323],[23.295,41.406],[23.344,41.369],[23.441,41.409],[23.636,41.378],[23.675,41.41],[23.769,41.403],[23.913,41.48],[23.974,41.441],[24.019,41.471],[24.054,41.456],[24.093,41.55],[24.185,41.517],[24.254,41.57],[24.318,41.519],[24.46,41.53],[24.531,41.571],[24.613,41.43],[24.712,41.423],[24.809,41.352],[24.819,41.405],[24.904,41.412],[25.119,41.346],[25.28,41.243],[25.528,41.284],[25.568,41.322],[25.709,41.297],[25.83,41.347],[25.881,41.31],[25.979,41.319],[26.14,41.355],[26.198,41.439],[26.161,41.479],[26.182,41.543],[26.066,41.697],[26.163,41.747],[26.233,41.747]]]}},{"type":"Feature","properties":{"icao":"LHCC","name":"FIR BUDAPEST","label":[19.415,47.166]},"geometry":{"type":"MultiLineString","coordinates":[[[20.839,48.572],[21.12,48.492],[21.225,48.526],[21.278,48.505],[21.309,48.548],[21.443,48.575],[21.544,48.505],[21.614,48.498],[21.713,48.361],[21.777,48.341],[21.936,48.379],[22.102,48.377],[22.151,48.412],[22.269,48.407],[22.26,48.361],[22.319,48.362],[22.319,48.314],[22.379,48.246],[22.504,48.247],[22.575,48.194],[22.621,48.102],[22.788,48.118],[22.844,48.085],[22.887,48.037],[22.851,47.981],[22.895,47.955],[22.771,47.879],[22.774,47.836],[22.654,47.776],[22.454,47.796],[22.421,47.744],[22.277,47.729],[22.177,47.591],[22.024,47.523],[22.01,47.381],[21.922,47.354],[21.791,47.12],[21.651,47.03],[21.696,47.001],[21.672,46.951],[21.6,46.918],[21.605,46.857],[21.52,46.815],[21.488,46.753],[21.527,46.719],[21.442,46.682],[21.405,46.621],[21.327,46.62],[21.261,46.495],[21.292,46.42],[21.208,46.402],[21.177,46.296],[21.059,46.239],[20.83,46.277],[20.753,46.239],[20.763,46.199],[20.721,46.192],[20.721,46.166],[20.625,46.13],[20.487,46.181],[20.478,46.15],[20.34,46.159],[20.261,46.115],[20.112,46.167],[20.048,46.144],[19.961,46.171],[19.801,46.128],[19.704,46.176],[19.571,46.174],[19.461,46.074],[19.303,46.026],[19.286,45.989],[19.155,45.987],[19.108,46.026],[19.062,45.962],[19.007,45.964],[19.006,45.929],[18.823,45.921],[18.803,45.887],[18.668,45.918],[18.571,45.807],[18.491,45.799],[18.443,45.753],[18,45.792],[17.863,45.768],[17.829,45.811],[17.66,45.838],[17.577,45.941],[17.389,45.938],[17.343,45.961],[17.388,45.968],[17.365,45.998],[17.311,45.975],[17.305,46.013],[17.256,46.021],[17.301,46.033],[17.199,46.082],[17.231,46.101],[17.178,46.114],[17.157,46.178],[16.939,46.246],[16.838,46.38],[16.756,46.381],[16.665,46.464],[16.529,46.51],[16.514,46.56],[16.387,46.642],[16.426,46.692],[16.324,46.757],[16.346,46.847],[16.112,46.87],[16.253,46.955],[16.296,47.018],[16.511,47.007],[16.442,47.031],[16.515,47.057],[16.468,47.095],[16.528,47.134],[16.515,47.157],[16.453,47.149],[16.459,47.188],[16.421,47.209],[16.492,47.28],[16.442,47.352],[16.452,47.415],[16.501,47.399],[16.623,47.436],[16.665,47.468],[16.655,47.507],[16.714,47.544],[16.645,47.632],[16.429,47.666],[16.451,47.698],[16.544,47.721],[16.556,47.756],[16.636,47.76],[16.762,47.685],[16.829,47.685],[16.868,47.72],[16.888,47.689],[17.093,47.713],[17.055,47.8],[17.074,47.819],[17.016,47.868],[17.091,47.888],[17.104,47.977],[17.181,48.021],[17.341,47.997],[17.572,47.825],[17.784,47.747],[18.671,47.761],[18.75,47.813],[18.85,47.818],[18.767,47.878],[18.756,47.978],[18.849,48.051],[19.034,48.075],[19.235,48.05],[19.472,48.087],[19.524,48.206],[19.631,48.234],[19.784,48.201],[19.789,48.157],[19.861,48.163],[19.919,48.13],[20.128,48.212],[20.15,48.26],[20.317,48.27],[20.499,48.483],[20.51,48.538],[20.839,48.572]]]}},{"type":"Feature","properties":{"icao":"LIBB","name":"FIR BRINDISI","label":[16.417,41.073]},"geometry":{"type":"MultiLineString","coordinates":[[[16.249,42.318],[16.354,42.347],[18.867,41.13],[19,40.75],[19,38.88],[17.167,38.88],[16.517,38.98],[16.25,39.23],[15.117,41.197],[14.383,41.447],[13.083,42.913],[13.333,43.512],[14.5,43.497],[16.159,42.438],[16.171,42.357],[16.249,42.318]]]}},{"type":"Feature","properties":{"icao":"LIMM","name":"FIR MILANO","label":[10.503,45.031]},"geometry":{"type":"MultiLineString","coordinates":[[[12.231,47.081],[12.199,47.034],[12.129,47.013],[12.162,46.939],[12.146,46.913],[12.281,46.879],[12.285,46.788],[12.356,46.777],[12.441,46.691],[12.769,46.651],[12.841,46.612],[13.148,46.595],[13.244,46.558],[13.498,46.571],[13.719,46.527],[13.689,46.447],[13.596,46.441],[13.57,46.402],[13.438,46.359],[13.384,46.293],[13.416,46.213],[13.486,46.233],[13.669,46.177],[13.496,46.059],[13.509,46.034],[13.48,46.011],[13.543,45.968],[13.632,45.991],[13.578,45.854],[13.598,45.811],[13.789,45.754],[13.919,45.634],[13.828,45.584],[13.5,45.63],[13,45.297],[13,45.163],[13.333,44.53],[14.5,43.497],[13.333,43.512],[11.167,43.713],[10.3,43.583],[9.75,43.167],[7.532,43.782],[7.493,43.878],[7.704,44.072],[7.658,44.137],[7.673,44.183],[7.348,44.132],[7.155,44.221],[6.991,44.252],[6.877,44.377],[6.887,44.426],[6.935,44.443],[6.853,44.541],[6.933,44.592],[6.98,44.692],[7.072,44.692],[7.009,44.805],[7.032,44.831],[6.747,44.919],[6.745,45.023],[6.662,45.04],[6.62,45.11],[6.761,45.168],[6.879,45.14],[6.958,45.213],[7.076,45.222],[7.128,45.258],[7.111,45.335],[7.182,45.416],[6.999,45.518],[6.969,45.597],[6.989,45.643],[6.814,45.722],[6.819,45.839],[6.973,45.869],[7.038,45.932],[7.099,45.884],[7.189,45.879],[7.296,45.923],[7.393,45.916],[7.55,45.991],[7.653,45.98],[7.725,45.927],[7.863,45.921],[7.882,45.978],[8.009,46.008],[8.043,46.098],[8.149,46.149],[8.158,46.189],[8.091,46.256],[8.105,46.278],[8.296,46.375],[8.306,46.425],[8.436,46.463],[8.467,46.396],[8.446,46.246],[8.53,46.217],[8.618,46.12],[8.826,46.097],[8.852,46.057],[8.785,45.99],[8.896,45.956],[8.936,45.877],[8.917,45.833],[9.032,45.824],[9.086,45.902],[8.997,45.973],[9.034,46.002],[9.009,46.039],[9.075,46.066],[9.083,46.121],[9.243,46.237],[9.297,46.349],[9.25,46.448],[9.297,46.504],[9.373,46.508],[9.408,46.473],[9.459,46.508],[9.457,46.388],[9.543,46.307],[9.708,46.298],[9.738,46.358],[9.777,46.342],[9.944,46.38],[9.992,46.358],[9.995,46.292],[10.057,46.261],[10.063,46.223],[10.13,46.227],[10.177,46.273],[10.106,46.346],[10.163,46.415],[10.047,46.446],[10.05,46.54],[10.109,46.614],[10.233,46.64],[10.247,46.584],[10.306,46.554],[10.465,46.546],[10.486,46.619],[10.405,46.644],[10.385,46.685],[10.448,46.763],[10.431,46.8],[10.471,46.871],[10.561,46.849],[10.679,46.875],[10.764,46.834],[10.742,46.794],[11.015,46.773],[11.073,46.825],[11.097,46.913],[11.171,46.967],[11.351,46.996],[11.412,46.972],[11.484,47.014],[11.756,46.977],[12.103,47.082],[12.231,47.081]]]}},{"type":"Feature","properties":{"icao":"LIRR","name":"FIR ROMA","label":[13.055,39.525]},"geometry":{"type":"MultiLineString","coordinates":[[[16.517,38.98],[17.167,38.88],[19,38.88],[19,36.5],[11.5,36.5],[11.5,37.5],[8,39],[8,41],[8.333,41.333],[9.75,41.333],[9.75,43.167],[10.3,43.583],[11.167,43.713],[13.333,43.512],[13.083,42.913],[14.383,41.447],[15.117,41.197],[16.25,39.23],[16.517,38.98]]]}},{"type":"Feature","properties":{"icao":"LIRR","name":"UIR ITALIA","label":[13.025,41.091]},"geometry":{"type":"MultiLineString","coordinates":[[[12.231,47.081],[12.199,47.034],[12.129,47.013],[12.162,46.939],[12.146,46.913],[12.281,46.879],[12.285,46.788],[12.356,46.777],[12.441,46.691],[12.769,46.651],[12.841,46.612],[13.148,46.595],[13.244,46.558],[13.498,46.571],[13.719,46.527],[13.689,46.447],[13.596,46.441],[13.57,46.402],[13.438,46.359],[13.384,46.293],[13.416,46.213],[13.486,46.233],[13.669,46.177],[13.496,46.059],[13.509,46.034],[13.48,46.011],[13.543,45.968],[13.632,45.991],[13.578,45.854],[13.598,45.811],[13.789,45.754],[13.919,45.634],[13.828,45.584],[13.5,45.63],[13,45.297],[13,45.163],[13.333,44.53],[14.5,43.497],[16.159,42.438],[16.192,42.338],[16.273,42.317],[16.354,42.347],[18.867,41.13],[19,40.75],[19,36.5],[11.5,36.5],[11.5,37.5],[8,39],[8,41],[8.333,41.333],[9.75,41.333],[9.75,43.167],[7.532,43.782],[7.493,43.878],[7.704,44.072],[7.658,44.137],[7.673,44.183],[7.353,44.131],[7.155,44.221],[6.991,44.252],[6.877,44.377],[6.887,44.426],[6.935,44.443],[6.853,44.541],[6.933,44.592],[6.98,44.692],[7.072,44.692],[7.009,44.805],[7.032,44.831],[6.747,44.919],[6.745,45.023],[6.662,45.04],[6.62,45.11],[6.761,45.168],[6.879,45.14],[6.958,45.213],[7.076,45.222],[7.128,45.258],[7.111,45.335],[7.182,45.416],[6.999,45.518],[6.969,45.597],[6.989,45.643],[6.814,45.722],[6.809,45.831],[6.981,45.872],[7.038,45.932],[7.099,45.884],[7.189,45.879],[7.296,45.923],[7.393,45.916],[7.55,45.991],[7.653,45.98],[7.725,45.927],[7.863,45.921],[7.882,45.978],[8.009,46.008],[8.043,46.098],[8.149,46.149],[8.158,46.189],[8.091,46.256],[8.105,46.278],[8.296,46.375],[8.306,46.425],[8.436,46.463],[8.467,46.396],[8.446,46.246],[8.53,46.217],[8.618,46.12],[8.826,46.097],[8.852,46.057],[8.785,45.99],[8.896,45.956],[8.936,45.877],[8.917,45.833],[9.032,45.824],[9.086,45.902],[8.997,45.973],[9.034,46.002],[9.009,46.039],[9.075,46.066],[9.083,46.121],[9.243,46.237],[9.297,46.349],[9.25,46.448],[9.297,46.504],[9.373,46.508],[9.408,46.473],[9.459,46.508],[9.457,46.388],[9.543,46.307],[9.708,46.298],[9.738,46.358],[9.777,46.342],[9.944,46.38],[9.992,46.358],[9.995,46.292],[10.057,46.261],[10.063,46.223],[10.13,46.227],[10.177,46.273],[10.106,46.346],[10.163,46.415],[10.047,46.446],[10.05,46.54],[10.109,46.614],[10.233,46.64],[10.247,46.584],[10.306,46.554],[10.465,46.546],[10.486,46.619],[10.405,46.644],[10.385,46.685],[10.448,46.763],[10.431,46.8],[10.471,46.871],[10.561,46.849],[10.679,46.875],[10.764,46.834],[10.742,46.794],[11.015,46.773],[11.073,46.825],[11.097,46.913],[11.171,46.967],[11.351,46.996],[11.412,46.972],[11.484,47.014],[11.756,46.977],[12.103,47.082],[12.231,47.081]]]}},{"type":"Feature","properties":{"icao":"LJLA","name":"FIR LJUBLJANA","label":[14.812,46.117]},"geometry":{"type":"MultiLineString","coordinates":[[[16.303,46.864],[16.351,46.841],[16.314,46.794],[16.324,46.757],[16.426,46.692],[16.392,46.636],[16.608,46.476],[16.394,46.543],[16.293,46.531],[16.249,46.49],[16.3,46.38],[16.14,46.407],[16.076,46.384],[16.083,46.334],[16.017,46.298],[15.822,46.258],[15.781,46.212],[15.655,46.219],[15.6,46.142],[15.629,46.087],[15.718,46.047],[15.724,45.939],[15.679,45.862],[15.698,45.844],[15.499,45.836],[15.482,45.802],[15.445,45.816],[15.309,45.752],[15.283,45.695],[15.359,45.714],[15.347,45.675],[15.392,45.647],[15.283,45.605],[15.335,45.457],[15.163,45.427],[15.085,45.486],[14.934,45.525],[14.908,45.477],[14.818,45.466],[14.798,45.501],[14.687,45.537],[14.601,45.675],[14.51,45.598],[14.486,45.53],[14.387,45.485],[14.238,45.506],[14.131,45.474],[13.989,45.522],[13.987,45.46],[13.864,45.478],[13.679,45.445],[13.392,45.555],[13.5,45.63],[13.828,45.584],[13.919,45.634],[13.789,45.754],[13.598,45.811],[13.578,45.854],[13.632,45.991],[13.543,45.968],[13.48,46.011],[13.509,46.034],[13.496,46.059],[13.669,46.177],[13.486,46.233],[13.416,46.213],[13.384,46.293],[13.438,46.359],[13.57,46.402],[13.596,46.441],[13.689,46.447],[13.719,46.527],[14.08,46.49],[14.159,46.441],[14.428,46.446],[14.564,46.386],[14.594,46.437],[14.677,46.455],[14.718,46.499],[14.812,46.51],[14.871,46.616],[14.953,46.635],[14.985,46.607],[15.019,46.644],[15.105,46.657],[15.418,46.652],[15.496,46.617],[15.651,46.709],[15.85,46.723],[16.042,46.658],[15.988,46.751],[15.989,46.834],[16.112,46.87],[16.303,46.864]]]}},{"type":"Feature","properties":{"icao":"LJLA","name":"UIR LJUBLJANA","label":[14.812,46.117]},"geometry":{"type":"MultiLineString","coordinates":[[[16.303,46.864],[16.351,46.841],[16.314,46.794],[16.324,46.757],[16.426,46.692],[16.392,46.636],[16.608,46.476],[16.394,46.543],[16.293,46.531],[16.249,46.49],[16.3,46.38],[16.14,46.407],[16.076,46.384],[16.083,46.334],[16.017,46.298],[15.822,46.258],[15.781,46.212],[15.655,46.219],[15.6,46.142],[15.629,46.087],[15.718,46.047],[15.724,45.939],[15.679,45.862],[15.698,45.844],[15.499,45.836],[15.482,45.802],[15.445,45.816],[15.309,45.752],[15.283,45.695],[15.359,45.714],[15.347,45.675],[15.392,45.647],[15.283,45.605],[15.335,45.457],[15.163,45.427],[15.085,45.486],[14.934,45.525],[14.908,45.477],[14.818,45.466],[14.798,45.501],[14.687,45.537],[14.601,45.675],[14.51,45.598],[14.486,45.53],[14.387,45.485],[14.238,45.506],[14.131,45.474],[13.989,45.522],[13.987,45.46],[13.864,45.478],[13.679,45.445],[13.392,45.555],[13.5,45.63],[13.828,45.584],[13.919,45.634],[13.789,45.754],[13.598,45.811],[13.578,45.854],[13.632,45.991],[13.543,45.968],[13.48,46.011],[13.509,46.034],[13.496,46.059],[13.669,46.177],[13.486,46.233],[13.416,46.213],[13.384,46.293],[13.438,46.359],[13.57,46.402],[13.596,46.441],[13.689,46.447],[13.719,46.527],[14.08,46.49],[14.159,46.441],[14.428,46.446],[14.564,46.386],[14.594,46.437],[14.677,46.455],[14.718,46.499],[14.812,46.51],[14.871,46.616],[14.953,46.635],[14.985,46.607],[15.019,46.644],[15.105,46.657],[15.418,46.652],[15.496,46.617],[15.651,46.709],[15.85,46.723],[16.042,46.658],[15.988,46.751],[15.989,46.834],[16.112,46.87],[16.303,46.864]]]}},{"type":"Feature","properties":{"icao":"LKAA","name":"FIR PRAHA","label":[15.334,49.739]},"geometry":{"type":"MultiLineString","coordinates":[[[14.344,51.04],[14.416,51.02],[14.508,51.043],[14.505,51.017],[14.597,50.983],[14.567,50.918],[14.65,50.927],[14.619,50.858],[14.72,50.821],[14.802,50.819],[14.828,50.866],[14.875,50.875],[15.005,50.867],[15.021,50.968],[14.982,51.003],[15.022,51.028],[15.142,50.989],[15.173,51.019],[15.182,50.979],[15.239,50.992],[15.295,50.954],[15.283,50.891],[15.364,50.841],[15.38,50.779],[15.437,50.811],[15.695,50.737],[15.816,50.749],[15.871,50.67],[15.993,50.684],[16.01,50.602],[16.109,50.661],[16.188,50.629],[16.238,50.671],[16.342,50.661],[16.448,50.573],[16.413,50.567],[16.407,50.523],[16.311,50.504],[16.206,50.424],[16.282,50.367],[16.362,50.377],[16.39,50.323],[16.441,50.317],[16.546,50.229],[16.564,50.165],[16.642,50.108],[16.725,50.1],[16.85,50.203],[17.03,50.229],[17.014,50.287],[16.943,50.316],[16.869,50.405],[16.89,50.439],[17.202,50.387],[17.284,50.32],[17.354,50.322],[17.361,50.265],[17.405,50.28],[17.442,50.248],[17.657,50.27],[17.723,50.32],[17.753,50.298],[17.734,50.26],[17.762,50.206],[17.599,50.162],[17.658,50.108],[17.75,50.102],[17.787,50.023],[17.883,49.977],[18.05,50.006],[18.013,50.047],[18.042,50.059],[18.109,50],[18.196,49.992],[18.32,49.912],[18.354,49.939],[18.512,49.9],[18.577,49.914],[18.576,49.874],[18.612,49.859],[18.575,49.823],[18.634,49.719],[18.81,49.674],[18.862,49.54],[18.745,49.483],[18.562,49.494],[18.469,49.407],[18.406,49.397],[18.42,49.371],[18.379,49.33],[18.213,49.288],[18.122,49.083],[18.065,49.036],[17.928,49.017],[17.89,48.927],[17.806,48.926],[17.712,48.856],[17.539,48.816],[17.477,48.852],[17.39,48.823],[17.188,48.869],[17.044,48.771],[16.946,48.619],[16.886,48.73],[16.695,48.734],[16.656,48.788],[16.544,48.812],[16.457,48.812],[16.376,48.734],[16.103,48.75],[15.84,48.879],[15.689,48.863],[15.291,48.994],[15.263,48.953],[15.16,48.945],[15.157,49],[15.026,49.019],[14.978,48.977],[14.971,48.774],[14.816,48.784],[14.801,48.733],[14.726,48.692],[14.7,48.581],[14.615,48.628],[14.561,48.613],[14.469,48.65],[14.431,48.596],[14.341,48.556],[14.068,48.601],[14.018,48.639],[14.052,48.668],[14.007,48.71],[13.816,48.778],[13.741,48.882],[13.678,48.884],[13.626,48.953],[13.521,48.979],[13.482,48.95],[13.402,48.993],[13.395,49.05],[13.323,49.098],[13.179,49.134],[13.173,49.167],[13.031,49.263],[13.027,49.298],[12.946,49.339],[12.796,49.34],[12.745,49.4],[12.665,49.429],[12.638,49.523],[12.593,49.531],[12.562,49.614],[12.52,49.627],[12.516,49.679],[12.403,49.742],[12.468,49.782],[12.544,49.918],[12.476,49.941],[12.495,49.973],[12.471,49.986],[12.261,50.054],[12.192,50.132],[12.189,50.194],[12.098,50.244],[12.137,50.276],[12.094,50.323],[12.196,50.306],[12.197,50.274],[12.256,50.266],[12.279,50.188],[12.327,50.168],[12.326,50.236],[12.519,50.394],[12.706,50.397],[12.819,50.454],[12.986,50.418],[13.027,50.5],[13.191,50.504],[13.248,50.588],[13.321,50.581],[13.38,50.641],[13.464,50.6],[13.556,50.708],[13.859,50.724],[13.9,50.746],[13.908,50.791],[14.071,50.809],[14.247,50.886],[14.394,50.895],[14.404,50.932],[14.255,50.99],[14.303,51.051],[14.344,51.04]]]}},{"type":"Feature","properties":{"icao":"LLTA","name":"FIR TEL AVIV","label":[34.822,31.669]},"geometry":{"type":"MultiLineString","coordinates":[[[35.624,33.246],[35.683,33.239],[35.614,32.895],[35.666,32.761],[35.602,32.713],[35.632,32.687],[35.557,32.641],[35.578,32.556],[35.553,32.518],[35.578,32.491],[35.553,32.394],[35.432,32.416],[35.404,32.508],[35.22,32.552],[35.077,32.467],[35.02,32.341],[35.027,32.241],[34.962,32.2],[35.006,32.054],[34.989,31.961],[35.031,31.895],[34.963,31.859],[34.966,31.831],[35.036,31.822],[35.071,31.848],[35.22,31.808],[35.226,31.747],[35.124,31.729],[34.986,31.633],[34.891,31.378],[34.934,31.35],[35.23,31.379],[35.405,31.495],[35.478,31.497],[35.479,31.449],[35.392,31.256],[35.462,31.121],[35.155,30.436],[35.182,30.353],[35.141,30.24],[35.165,30.126],[35.102,30.044],[35.076,29.859],[34.963,29.551],[35.005,29.526],[34.989,29.49],[34.904,29.487],[34.756,30.009],[34.614,30.365],[34.545,30.407],[34.559,30.486],[34.522,30.526],[34.489,30.691],[34.268,31.217],[34.371,31.295],[34.389,31.395],[34.559,31.547],[33.964,31.84],[33.97,32.108],[34.041,32.316],[34.166,32.498],[34.336,32.639],[34.537,32.728],[34.604,33.09],[35.301,33.108],[35.349,33.063],[35.423,33.068],[35.528,33.129],[35.567,33.29],[35.624,33.246]]]}},{"type":"Feature","properties":{"icao":"LMMM","name":"FIR MALTA","label":[16.485,35.332]},"geometry":{"type":"MultiLineString","coordinates":[[[23.583,34.333],[11.5,34.333],[11.5,36.5],[19,36.5],[23.583,34.333]]]}},{"type":"Feature","properties":{"icao":"LOVV","name":"FIR WIEN","label":[14.136,47.59]},"geometry":{"type":"MultiLineString","coordinates":[[[9.534,47.275],[9.673,47.395],[9.651,47.458],[9.56,47.5],[9.567,47.54],[9.729,47.535],[9.782,47.594],[9.821,47.59],[9.818,47.556],[9.858,47.536],[9.963,47.548],[10.003,47.484],[10.043,47.495],[10.104,47.433],[10.071,47.412],[10.098,47.36],[10.231,47.381],[10.213,47.311],[10.17,47.281],[10.228,47.276],[10.337,47.312],[10.473,47.436],[10.427,47.577],[10.473,47.591],[10.465,47.559],[10.499,47.54],[10.566,47.538],[10.601,47.569],[10.769,47.521],[10.883,47.54],[10.909,47.518],[10.868,47.49],[10.925,47.487],[10.985,47.429],[10.978,47.399],[11.113,47.397],[11.214,47.436],[11.238,47.43],[11.227,47.401],[11.269,47.402],[11.335,47.453],[11.406,47.454],[11.383,47.476],[11.435,47.519],[11.574,47.52],[11.638,47.597],[12.196,47.608],[12.178,47.703],[12.257,47.743],[12.253,47.687],[12.442,47.699],[12.518,47.632],[12.666,47.685],[12.779,47.674],[12.767,47.654],[12.831,47.619],[12.786,47.586],[12.804,47.557],[13.017,47.47],[13.055,47.5],[13.047,47.583],[13.096,47.634],[12.941,47.765],[13.009,47.854],[12.768,48.079],[12.761,48.127],[13.022,48.261],[13.279,48.303],[13.395,48.366],[13.44,48.435],[13.442,48.566],[13.527,48.585],[13.726,48.516],[13.823,48.617],[13.835,48.703],[13.793,48.726],[13.834,48.774],[14.007,48.71],[14.052,48.668],[14.018,48.639],[14.068,48.601],[14.341,48.556],[14.431,48.596],[14.469,48.65],[14.561,48.613],[14.615,48.628],[14.7,48.581],[14.726,48.692],[14.801,48.733],[14.816,48.784],[14.971,48.774],[14.978,48.977],[15.026,49.019],[15.157,49],[15.16,48.945],[15.263,48.953],[15.291,48.994],[15.689,48.863],[15.84,48.879],[16.103,48.75],[16.376,48.734],[16.457,48.812],[16.538,48.813],[16.656,48.788],[16.695,48.734],[16.886,48.73],[16.92,48.7],[16.955,48.551],[16.864,48.467],[16.842,48.365],[16.95,48.278],[16.977,48.175],[17.098,48.105],[17.085,48.038],[17.166,48.012],[17.104,47.977],[17.091,47.888],[17.016,47.868],[17.074,47.819],[17.055,47.8],[17.093,47.713],[16.888,47.689],[16.868,47.72],[16.769,47.685],[16.716,47.735],[16.561,47.757],[16.544,47.721],[16.427,47.671],[16.645,47.632],[16.714,47.544],[16.655,47.507],[16.665,47.468],[16.623,47.436],[16.501,47.399],[16.452,47.415],[16.442,47.352],[16.492,47.28],[16.421,47.209],[16.459,47.188],[16.453,47.149],[16.515,47.157],[16.528,47.134],[16.468,47.095],[16.515,47.057],[16.442,47.031],[16.511,47.007],[16.296,47.018],[16.136,46.878],[15.989,46.834],[15.988,46.751],[16.042,46.658],[15.85,46.723],[15.651,46.709],[15.496,46.617],[15.418,46.652],[15.046,46.652],[14.985,46.607],[14.949,46.635],[14.864,46.611],[14.812,46.51],[14.718,46.499],[14.677,46.455],[14.594,46.437],[14.564,46.386],[14.52,46.427],[14.159,46.441],[14.113,46.481],[13.922,46.52],[13.81,46.509],[13.407,46.576],[13.244,46.558],[13.148,46.595],[12.841,46.612],[12.769,46.651],[12.441,46.691],[12.356,46.777],[12.285,46.788],[12.281,46.879],[12.146,46.913],[12.162,46.939],[12.129,47.013],[12.231,47.072],[12.189,47.095],[11.756,46.977],[11.484,47.014],[11.412,46.972],[11.351,46.996],[11.171,46.967],[11.097,46.913],[11.073,46.825],[11.015,46.773],[10.742,46.794],[10.764,46.834],[10.679,46.875],[10.498,46.855],[10.466,46.884],[10.488,46.938],[10.391,47.004],[10.313,46.93],[10.243,46.932],[10.231,46.879],[10.109,46.85],[9.879,46.939],[9.876,47.022],[9.679,47.064],[9.475,47.057],[9.512,47.106],[9.486,47.2],[9.534,47.275]]]}},{"type":"Feature","properties":{"icao":"LPPC","name":"FIR LISBOA","label":[-12.286,37.801]},"geometry":{"type":"MultiLineString","coordinates":[[[-17.771,34.241],[-15,36.5],[-15,42],[-13,43],[-10,42],[-8.867,41.873],[-8.621,42.054],[-8.327,42.085],[-8.201,42.153],[-8.186,42.065],[-8.122,42.079],[-8.08,42.054],[-8.085,42.02],[-8.219,41.914],[-8.141,41.809],[-8.015,41.834],[-7.892,41.927],[-7.88,41.853],[-7.692,41.905],[-7.592,41.88],[-7.608,41.831],[-7.493,41.873],[-7.42,41.813],[-7.37,41.851],[-7.201,41.884],[-7.174,41.923],[-7.187,41.975],[-7.14,41.994],[-7.063,41.951],[-6.971,41.974],[-6.906,41.945],[-6.828,41.95],[-6.788,41.992],[-6.735,41.94],[-6.618,41.941],[-6.594,41.969],[-6.55,41.945],[-6.568,41.887],[-6.508,41.874],[-6.562,41.745],[-6.539,41.679],[-6.497,41.657],[-6.442,41.686],[-6.356,41.678],[-6.194,41.593],[-6.329,41.415],[-6.318,41.387],[-6.388,41.382],[-6.382,41.355],[-6.497,41.264],[-6.644,41.245],[-6.764,41.131],[-6.754,41.102],[-6.808,41.041],[-6.932,41.018],[-6.804,40.874],[-6.829,40.755],[-6.798,40.658],[-6.839,40.575],[-6.791,40.518],[-6.848,40.443],[-6.779,40.363],[-6.874,40.263],[-7.006,40.231],[-7.027,40.188],[-7.005,40.126],[-6.935,40.108],[-6.864,40.016],[-6.914,39.865],[-6.983,39.817],[-7.017,39.675],[-7.267,39.672],[-7.337,39.644],[-7.533,39.669],[-7.506,39.606],[-7.391,39.533],[-7.38,39.496],[-7.294,39.468],[-7.323,39.388],[-7.235,39.277],[-7.243,39.213],[-7.14,39.173],[-7.142,39.111],[-7.005,39.107],[-6.955,39.026],[-7.05,38.911],[-7.042,38.869],[-7.257,38.728],[-7.248,38.624],[-7.33,38.447],[-7.274,38.417],[-7.088,38.174],[-6.941,38.218],[-6.952,38.14],[-7.007,38.028],[-7.104,38.047],[-7.127,38.003],[-7.254,37.987],[-7.278,37.871],[-7.423,37.755],[-7.448,37.658],[-7.524,37.552],[-7.468,37.491],[-7.421,37.278],[-7.383,35.967],[-12,35.967],[-14.724,32.135],[-14.995,31.888],[-15.309,31.683],[-15.653,31.532],[-16.003,31.441],[-16.304,31.413],[-16.609,31.43],[-16.954,31.494],[-17.29,31.598],[-17.538,31.709],[-17.753,31.851],[-17.943,32.028],[-18.1,32.236],[-18.227,32.483],[-18.307,32.749],[-18.337,33.025],[-18.317,33.302],[-18.247,33.571],[-18.13,33.822],[-17.969,34.048],[-17.771,34.241]]]}},{"type":"Feature","properties":{"icao":"LPPC","name":"UIR LISBOA","label":[-12.286,37.801]},"geometry":{"type":"MultiLineString","coordinates":[[[-17.771,34.241],[-15,36.5],[-15,42],[-13,43],[-10,42],[-8.867,41.873],[-8.621,42.054],[-8.327,42.085],[-8.201,42.153],[-8.186,42.065],[-8.122,42.079],[-8.08,42.054],[-8.085,42.02],[-8.219,41.914],[-8.141,41.809],[-8.015,41.834],[-7.892,41.927],[-7.88,41.853],[-7.692,41.905],[-7.592,41.88],[-7.608,41.831],[-7.493,41.873],[-7.42,41.813],[-7.37,41.851],[-7.201,41.884],[-7.174,41.923],[-7.187,41.975],[-7.14,41.994],[-7.063,41.951],[-6.971,41.974],[-6.906,41.945],[-6.828,41.95],[-6.788,41.992],[-6.735,41.94],[-6.618,41.941],[-6.594,41.969],[-6.55,41.945],[-6.568,41.887],[-6.508,41.874],[-6.562,41.745],[-6.539,41.679],[-6.497,41.657],[-6.442,41.686],[-6.356,41.678],[-6.194,41.593],[-6.329,41.415],[-6.318,41.387],[-6.388,41.382],[-6.382,41.355],[-6.497,41.264],[-6.644,41.245],[-6.764,41.131],[-6.754,41.102],[-6.808,41.041],[-6.932,41.018],[-6.804,40.874],[-6.829,40.755],[-6.798,40.658],[-6.839,40.575],[-6.791,40.518],[-6.848,40.443],[-6.779,40.363],[-6.874,40.263],[-7.006,40.231],[-7.027,40.188],[-7.005,40.126],[-6.935,40.108],[-6.864,40.016],[-6.914,39.865],[-6.983,39.817],[-7.017,39.675],[-7.267,39.672],[-7.337,39.644],[-7.533,39.669],[-7.506,39.606],[-7.391,39.533],[-7.38,39.496],[-7.294,39.468],[-7.323,39.388],[-7.235,39.277],[-7.243,39.213],[-7.14,39.173],[-7.142,39.111],[-7.005,39.107],[-6.955,39.026],[-7.05,38.911],[-7.042,38.869],[-7.257,38.728],[-7.248,38.624],[-7.33,38.447],[-7.274,38.417],[-7.088,38.174],[-6.941,38.218],[-6.952,38.14],[-7.007,38.028],[-7.104,38.047],[-7.127,38.003],[-7.254,37.987],[-7.278,37.871],[-7.423,37.755],[-7.448,37.658],[-7.524,37.552],[-7.468,37.491],[-7.421,37.278],[-7.383,35.967],[-12,35.967],[-14.724,32.135],[-14.995,31.888],[-15.309,31.683],[-15.653,31.532],[-16.003,31.441],[-16.304,31.413],[-16.609,31.43],[-16.954,31.494],[-17.29,31.598],[-17.538,31.709],[-17.753,31.851],[-17.943,32.028],[-18.1,32.236],[-18.227,32.483],[-18.307,32.749],[-18.337,33.025],[-18.317,33.302],[-18.247,33.571],[-18.13,33.822],[-17.969,34.048],[-17.771,34.241]]]}},{"type":"Feature","properties":{"icao":"LPPO","name":"FIR SANTA MARIA OCEANIC","label":[-29.367,34.161]},"geometry":{"type":"MultiLineString","coordinates":[[[-17.631,31.763],[-17.417,31.65],[-20,30],[-25,30],[-25,24],[-37.5,17],[-40,22.3],[-40,45],[-13,45],[-13,43],[-15,42],[-15,36.5],[-17.834,34.187],[-18.082,33.899],[-18.251,33.559],[-18.315,33.309],[-18.337,33.055],[-18.316,32.801],[-18.254,32.554],[-18.151,32.321],[-18.009,32.106],[-17.833,31.918],[-17.631,31.763]]]}},{"type":"Feature","properties":{"icao":"LQSB","name":"FIR SARAJEVO","label":[17.787,44.168]},"geometry":{"type":"MultiLineString","coordinates":[[[16.939,45.254],[16.932,45.234],[17.011,45.239],[17.009,45.216],[17.036,45.227],[17.177,45.149],[17.241,45.149],[17.267,45.187],[17.372,45.141],[17.45,45.159],[17.451,45.128],[17.495,45.137],[17.484,45.111],[17.671,45.137],[17.864,45.048],[18.002,45.152],[18.07,45.14],[18.07,45.104],[18.12,45.083],[18.206,45.085],[18.217,45.13],[18.252,45.139],[18.323,45.103],[18.43,45.106],[18.528,45.047],[18.536,45.096],[18.575,45.069],[18.573,45.095],[18.639,45.095],[18.613,45.062],[18.656,45.058],[18.676,45.094],[18.67,45.062],[18.731,45],[18.794,44.997],[18.801,44.95],[18.764,44.945],[18.768,44.916],[18.861,44.859],[19.04,44.861],[19.177,44.924],[19.371,44.889],[19.314,44.705],[19.188,44.581],[19.188,44.546],[19.123,44.515],[19.147,44.438],[19.104,44.356],[19.162,44.286],[19.323,44.271],[19.355,44.187],[19.481,44.15],[19.471,44.125],[19.572,44.049],[19.62,44.052],[19.619,44.019],[19.525,43.959],[19.237,44.011],[19.251,43.962],[19.488,43.763],[19.511,43.573],[19.372,43.616],[19.229,43.513],[19.07,43.509],[19.012,43.556],[18.952,43.512],[18.957,43.454],[19.023,43.436],[19.021,43.392],[19.088,43.323],[19.079,43.262],[19.017,43.239],[18.909,43.358],[18.839,43.348],[18.852,43.331],[18.7,43.256],[18.707,43.214],[18.644,43.139],[18.65,43.044],[18.524,43.012],[18.479,42.956],[18.491,42.862],[18.456,42.826],[18.56,42.712],[18.578,42.655],[18.554,42.621],[18.456,42.566],[18.363,42.627],[18.277,42.616],[18.1,42.751],[17.999,42.761],[17.883,42.819],[17.821,42.92],[17.698,42.927],[17.65,42.889],[17.555,42.933],[17.615,42.916],[17.579,42.944],[17.684,42.967],[17.659,43.039],[17.298,43.281],[17.269,43.452],[16.976,43.586],[16.841,43.719],[16.723,43.786],[16.701,43.851],[16.537,44.014],[16.355,44.082],[16.265,44.189],[16.146,44.197],[16.18,44.218],[16.184,44.306],[16.225,44.336],[16.159,44.394],[16.126,44.499],[16.043,44.554],[15.957,44.7],[15.855,44.714],[15.742,44.804],[15.798,44.855],[15.766,45.082],[15.781,45.162],[15.834,45.212],[16.015,45.218],[16.117,45.098],[16.292,44.999],[16.343,45.001],[16.398,45.122],[16.454,45.14],[16.53,45.226],[16.824,45.187],[16.913,45.274],[16.939,45.254]]]}},{"type":"Feature","properties":{"icao":"LQSB","name":"UIR SARAJEVO","label":[17.787,44.168]},"geometry":{"type":"MultiLineString","coordinates":[[[16.939,45.254],[16.932,45.234],[17.011,45.239],[17.009,45.216],[17.036,45.227],[17.177,45.149],[17.241,45.149],[17.267,45.187],[17.372,45.141],[17.45,45.159],[17.451,45.128],[17.495,45.137],[17.484,45.111],[17.671,45.137],[17.864,45.048],[18.002,45.152],[18.07,45.14],[18.07,45.104],[18.12,45.083],[18.206,45.085],[18.217,45.13],[18.252,45.139],[18.323,45.103],[18.43,45.106],[18.528,45.047],[18.536,45.096],[18.575,45.069],[18.573,45.095],[18.639,45.095],[18.613,45.062],[18.656,45.058],[18.676,45.094],[18.67,45.062],[18.731,45],[18.794,44.997],[18.801,44.95],[18.764,44.945],[18.768,44.916],[18.861,44.859],[19.04,44.861],[19.177,44.924],[19.371,44.889],[19.314,44.705],[19.188,44.581],[19.188,44.546],[19.123,44.515],[19.147,44.438],[19.104,44.356],[19.162,44.286],[19.323,44.271],[19.355,44.187],[19.481,44.15],[19.471,44.125],[19.572,44.049],[19.62,44.052],[19.619,44.019],[19.525,43.959],[19.237,44.011],[19.251,43.962],[19.488,43.763],[19.511,43.573],[19.372,43.616],[19.229,43.513],[19.07,43.509],[19.012,43.556],[18.952,43.512],[18.957,43.454],[19.023,43.436],[19.021,43.392],[19.088,43.323],[19.079,43.262],[19.017,43.239],[18.909,43.358],[18.839,43.348],[18.852,43.331],[18.7,43.256],[18.707,43.214],[18.644,43.139],[18.65,43.044],[18.524,43.012],[18.479,42.956],[18.491,42.862],[18.456,42.826],[18.56,42.712],[18.578,42.655],[18.554,42.621],[18.456,42.566],[18.363,42.627],[18.277,42.616],[18.1,42.751],[17.999,42.761],[17.883,42.819],[17.821,42.92],[17.698,42.927],[17.65,42.889],[17.555,42.933],[17.615,42.916],[17.579,42.944],[17.684,42.967],[17.659,43.039],[17.298,43.281],[17.269,43.452],[16.976,43.586],[16.841,43.719],[16.723,43.786],[16.701,43.851],[16.537,44.014],[16.355,44.082],[16.265,44.189],[16.146,44.197],[16.18,44.218],[16.184,44.306],[16.225,44.336],[16.159,44.394],[16.126,44.499],[16.043,44.554],[15.957,44.7],[15.855,44.714],[15.742,44.804],[15.798,44.855],[15.766,45.082],[15.781,45.162],[15.834,45.212],[16.015,45.218],[16.117,45.098],[16.292,44.999],[16.343,45.001],[16.398,45.122],[16.454,45.14],[16.53,45.226],[16.824,45.187],[16.913,45.274],[16.939,45.254]]]}},{"type":"Feature","properties":{"icao":"LRBB","name":"FIR BUCURESTI","label":[25.283,45.737]},"geometry":{"type":"MultiLineString","coordinates":[[[26.709,48.25],[26.826,48.244],[27.001,48.156],[26.969,48.137],[27.042,48.122],[27.033,48.083],[27.109,48.029],[27.089,48.009],[27.167,47.982],[27.156,47.914],[27.211,47.895],[27.212,47.842],[27.25,47.824],[27.221,47.813],[27.293,47.74],[27.265,47.706],[27.299,47.659],[27.431,47.572],[27.476,47.484],[27.579,47.455],[27.572,47.371],[27.641,47.302],[27.725,47.282],[27.8,47.139],[28.082,46.981],[28.116,46.834],[28.234,46.667],[28.247,46.604],[28.209,46.498],[28.253,46.436],[28.183,46.341],[28.183,46.282],[28.11,46.232],[28.142,46.184],[28.084,46.012],[28.13,45.867],[28.109,45.82],[28.154,45.767],[28.167,45.666],[28.159,45.625],[28.065,45.585],[28.147,45.556],[28.177,45.469],[28.279,45.431],[28.343,45.316],[28.563,45.245],[28.785,45.23],[28.756,45.269],[28.794,45.288],[28.792,45.324],[28.941,45.277],[28.968,45.321],[29.171,45.384],[29.217,45.425],[29.417,45.436],[29.637,45.35],[29.671,45.287],[29.66,45.214],[29.967,45.15],[30.4,44.25],[30.533,43.683],[29.033,43.733],[29,43.667],[28.583,43.748],[28.258,43.764],[28.002,43.854],[27.928,44.003],[27.736,43.96],[27.656,44.042],[27.4,44.022],[27.291,44.088],[27.273,44.132],[27.03,44.148],[26.144,43.986],[25.772,43.706],[25.416,43.625],[24.985,43.727],[24.706,43.715],[24.506,43.762],[24.352,43.696],[24.18,43.685],[23.744,43.805],[23.613,43.796],[23.418,43.856],[23.129,43.807],[22.967,43.817],[22.863,43.848],[22.843,43.905],[22.885,43.988],[23.003,44.018],[23.044,44.076],[22.686,44.219],[22.687,44.278],[22.567,44.308],[22.457,44.467],[22.546,44.487],[22.59,44.549],[22.754,44.54],[22.717,44.602],[22.605,44.622],[22.436,44.714],[22.314,44.664],[22.177,44.482],[22.129,44.481],[22.039,44.552],[21.994,44.636],[21.649,44.658],[21.588,44.763],[21.4,44.781],[21.366,44.864],[21.559,44.896],[21.541,44.939],[21.367,45.008],[21.447,45.035],[21.46,45.103],[21.513,45.123],[21.514,45.151],[21.417,45.215],[21.267,45.233],[21.163,45.31],[21.049,45.316],[20.783,45.485],[20.824,45.532],[20.767,45.61],[20.799,45.657],[20.801,45.764],[20.713,45.744],[20.592,45.894],[20.378,45.978],[20.261,46.115],[20.34,46.159],[20.478,46.15],[20.487,46.181],[20.625,46.13],[20.721,46.166],[20.721,46.192],[20.763,46.199],[20.753,46.239],[20.82,46.275],[21.059,46.239],[21.177,46.296],[21.197,46.391],[21.292,46.42],[21.261,46.495],[21.327,46.62],[21.405,46.621],[21.442,46.682],[21.522,46.713],[21.488,46.753],[21.52,46.815],[21.605,46.857],[21.6,46.918],[21.672,46.951],[21.696,47.001],[21.651,47.03],[21.791,47.12],[21.922,47.354],[22.01,47.381],[22.024,47.523],[22.177,47.591],[22.277,47.729],[22.421,47.744],[22.454,47.796],[22.654,47.776],[22.774,47.836],[22.771,47.879],[22.937,47.965],[22.934,48.009],[23.029,47.989],[23.084,48.011],[23.157,48.107],[23.265,48.088],[23.384,47.999],[23.765,47.984],[23.861,47.929],[23.97,47.961],[24.244,47.904],[24.428,47.959],[24.556,47.953],[24.668,47.902],[24.694,47.849],[24.816,47.813],[24.919,47.712],[25.11,47.755],[25.23,47.881],[25.326,47.915],[26.15,47.982],[26.272,48.076],[26.315,48.186],[26.709,48.25]]]}},{"type":"Feature","properties":{"icao":"LSAS","name":"FIR SWITZERLAND","label":[8.24,46.83]},"geometry":{"type":"MultiLineString","coordinates":[[[7.587,47.585],[7.665,47.612],[7.683,47.567],[8.85,47.883],[8.867,47.783],[9.233,47.792],[9.233,47.658],[9.567,47.54],[9.56,47.5],[9.651,47.458],[9.673,47.399],[9.605,47.36],[9.491,47.215],[9.512,47.1],[9.475,47.057],[9.679,47.064],[9.876,47.022],[9.879,46.939],[10.109,46.85],[10.231,46.879],[10.243,46.932],[10.313,46.93],[10.354,46.995],[10.401,47.001],[10.489,46.934],[10.431,46.8],[10.448,46.763],[10.385,46.685],[10.405,46.644],[10.486,46.619],[10.476,46.562],[10.45,46.539],[10.306,46.554],[10.247,46.584],[10.233,46.64],[10.105,46.611],[10.05,46.54],[10.045,46.449],[10.163,46.415],[10.107,46.337],[10.177,46.273],[10.079,46.221],[9.995,46.292],[9.992,46.358],[9.95,46.379],[9.738,46.358],[9.708,46.298],[9.582,46.297],[9.457,46.388],[9.459,46.508],[9.408,46.473],[9.373,46.508],[9.289,46.5],[9.25,46.44],[9.297,46.349],[9.243,46.237],[9.083,46.121],[9.075,46.066],[9.009,46.039],[9.034,46.002],[8.997,45.973],[9.086,45.902],[9.016,45.821],[8.917,45.833],[8.936,45.877],[8.896,45.956],[8.785,45.99],[8.852,46.057],[8.826,46.097],[8.618,46.12],[8.53,46.217],[8.446,46.246],[8.467,46.396],[8.436,46.463],[8.306,46.425],[8.296,46.375],[8.105,46.278],[8.091,46.256],[8.158,46.189],[8.149,46.149],[8.043,46.098],[8.009,46.008],[7.882,45.978],[7.856,45.919],[7.725,45.927],[7.653,45.98],[7.55,45.991],[7.393,45.916],[7.099,45.884],[6.929,46.065],[6.867,46.054],[6.884,46.126],[6.784,46.148],[6.797,46.222],[6.844,46.271],[6.767,46.352],[6.803,46.428],[6.634,46.464],[6.296,46.394],[6.226,46.322],[6.303,46.246],[6.152,46.154],[5.968,46.14],[6.005,46.174],[5.968,46.212],[6.117,46.261],[6.106,46.297],[6.159,46.37],[6.071,46.426],[6.079,46.476],[6.163,46.559],[6.13,46.593],[6.457,46.781],[6.434,46.809],[6.466,46.879],[6.436,46.931],[6.703,47.039],[6.705,47.086],[6.941,47.233],[6.948,47.292],[7.059,47.342],[7.023,47.372],[6.881,47.357],[6.944,47.434],[7.006,47.451],[6.991,47.497],[7.198,47.495],[7.178,47.446],[7.247,47.421],[7.383,47.432],[7.453,47.47],[7.432,47.496],[7.497,47.495],[7.492,47.523],[7.524,47.529],[7.501,47.551],[7.587,47.585]]]}},{"type":"Feature","properties":{"icao":"LTAA","name":"FIR ANKARA","label":[36.666,39.34]},"geometry":{"type":"MultiLineString","coordinates":[[[41.652,41.483],[41.723,41.496],[41.723,41.471],[41.833,41.428],[41.963,41.519],[42.05,41.491],[42.182,41.508],[42.472,41.433],[42.511,41.443],[42.598,41.583],[42.84,41.579],[42.788,41.509],[42.847,41.473],[42.893,41.507],[43.04,41.374],[43.205,41.309],[43.124,41.255],[43.199,41.255],[43.233,41.178],[43.37,41.203],[43.452,41.171],[43.479,41.025],[43.599,40.992],[43.672,40.928],[43.754,40.676],[43.653,40.531],[43.554,40.471],[43.62,40.419],[43.594,40.337],[43.68,40.264],[43.672,40.22],[43.722,40.163],[43.658,40.14],[43.657,40.109],[43.934,40.014],[44.152,40.014],[44.28,40.046],[44.347,40.024],[44.488,39.963],[44.591,39.833],[44.696,39.79],[44.801,39.684],[44.813,39.631],[44.606,39.781],[44.471,39.699],[44.416,39.425],[44.316,39.387],[44.201,39.417],[44.034,39.385],[44.096,39.291],[44.098,39.206],[44.216,39.141],[44.188,39.083],[44.205,39.042],[44.159,39.002],[44.208,38.896],[44.303,38.834],[44.261,38.722],[44.283,38.698],[44.263,38.666],[44.314,38.638],[44.307,38.388],[44.381,38.37],[44.435,38.396],[44.484,38.346],[44.405,38.272],[44.388,38.166],[44.264,38.014],[44.223,37.9],[44.393,37.863],[44.419,37.818],[44.452,37.818],[44.456,37.775],[44.527,37.786],[44.618,37.728],[44.558,37.648],[44.614,37.603],[44.589,37.44],[44.649,37.428],[44.677,37.382],[44.725,37.384],[44.815,37.305],[44.822,37.271],[44.773,37.227],[44.787,37.15],[44.638,37.187],[44.436,37.063],[44.351,37.048],[44.317,36.971],[44.255,36.987],[44.193,37.1],[44.268,37.167],[44.262,37.242],[44.116,37.316],[44.014,37.321],[43.911,37.224],[43.834,37.205],[43.791,37.232],[43.495,37.25],[43.357,37.331],[43.279,37.316],[43.15,37.378],[42.956,37.322],[42.791,37.385],[42.727,37.356],[42.582,37.153],[42.403,37.114],[42.356,37.107],[42.333,37.175],[42.351,37.234],[42.29,37.283],[42.22,37.284],[42.209,37.32],[42.042,37.187],[41.557,37.086],[41.222,37.071],[40.93,37.13],[40.771,37.118],[40.44,37.013],[40.176,36.877],[39.826,36.756],[39.23,36.665],[39.038,36.709],[38.731,36.701],[38.514,36.858],[38.244,36.914],[37.891,36.781],[37.67,36.737],[37.48,36.644],[37.127,36.659],[37.072,36.622],[37.024,36.658],[37.043,36.714],[36.988,36.758],[36.66,36.834],[36.585,36.635],[36.59,36.546],[36.549,36.483],[36.614,36.386],[36.596,36.332],[36.653,36.329],[36.692,36.239],[36.507,36.233],[36.472,36.201],[36.393,36.234],[36.378,36],[36.305,36.006],[36.292,35.957],[36.219,35.96],[36.168,35.817],[36.017,35.878],[35.987,35.934],[35.667,35.917],[30,36.083],[30,38.997],[31,39.497],[31,42.8],[34,42.783],[37.717,42.683],[41.652,41.483]]]}},{"type":"Feature","properties":{"icao":"LTBB","name":"FIR ISTANBUL","label":[28.568,39.626]},"geometry":{"type":"MultiLineString","coordinates":[[[31,42.8],[31,39.497],[30,38.997],[30,36.083],[29.658,36.118],[29.6,36.16],[29.464,36.182],[29.405,36.146],[28.339,36.541],[28.063,36.482],[27.843,36.701],[27.51,36.51],[27.276,36.652],[27.302,36.762],[27.431,36.913],[27.209,36.944],[27.152,37.063],[27.183,37.249],[26.974,37.648],[27.147,37.75],[27.036,37.843],[26.199,38.17],[26.221,38.316],[26.305,38.476],[26.31,38.648],[26.691,38.976],[26.691,39.087],[26.452,39.397],[26.336,39.423],[26,39.363],[25.75,39.497],[25.583,40.163],[25.633,40.313],[25.833,40.363],[25.917,40.497],[25.867,40.613],[26.045,40.736],[26.118,40.746],[26.157,40.814],[26.216,40.84],[26.222,40.891],[26.359,40.952],[26.33,40.987],[26.375,41.026],[26.321,41.076],[26.34,41.112],[26.311,41.117],[26.33,41.254],[26.415,41.259],[26.537,41.346],[26.59,41.328],[26.634,41.354],[26.598,41.607],[26.356,41.714],[26.332,41.741],[26.346,41.787],[26.382,41.823],[26.542,41.828],[26.577,41.877],[26.561,41.929],[26.625,41.983],[26.843,41.972],[26.966,42.005],[27.07,42.09],[27.202,42.061],[27.229,42.108],[27.288,42.101],[27.572,41.907],[27.576,41.936],[27.706,41.977],[27.835,41.948],[27.83,42.001],[28.013,41.982],[29,42.117],[30.75,42.8],[31,42.8]]]}},{"type":"Feature","properties":{"icao":"LUUU","name":"FIR CHISINAU","label":[28.466,47.196]},"geometry":{"type":"MultiLineString","coordinates":[[[27.665,48.439],[27.771,48.448],[27.949,48.33],[28.082,48.31],[28.089,48.231],[28.166,48.258],[28.222,48.205],[28.357,48.241],[28.371,48.196],[28.313,48.139],[28.346,48.127],[28.419,48.169],[28.463,48.071],[28.477,48.118],[28.551,48.161],[28.642,48.154],[28.812,48.124],[28.852,48.032],[28.99,47.934],[29.047,47.937],[29.081,47.983],[29.149,47.982],[29.194,47.895],[29.258,47.875],[29.193,47.8],[29.258,47.769],[29.208,47.718],[29.198,47.612],[29.131,47.548],[29.147,47.504],[29.193,47.435],[29.249,47.457],[29.323,47.379],[29.359,47.378],[29.416,47.288],[29.479,47.294],[29.501,47.346],[29.579,47.329],[29.601,47.272],[29.557,47.233],[29.573,47.145],[29.497,47.118],[29.539,47.067],[29.57,47.099],[29.614,47.084],[29.624,47.046],[29.574,46.946],[29.95,46.814],[29.969,46.575],[29.896,46.552],[29.899,46.53],[29.999,46.496],[30.007,46.457],[30.073,46.423],[30.124,46.424],[30.122,46.392],[29.93,46.384],[29.848,46.348],[29.733,46.478],[29.733,46.439],[29.663,46.429],[29.673,46.391],[29.627,46.369],[29.576,46.42],[29.5,46.432],[29.508,46.481],[29.478,46.492],[29.393,46.416],[29.324,46.476],[29.307,46.402],[29.224,46.365],[29.201,46.381],[29.228,46.485],[29.203,46.545],[28.994,46.478],[28.932,46.428],[28.965,46.312],[28.947,46.282],[29.041,46.194],[28.957,46.106],[28.972,46.007],[28.756,45.96],[28.755,45.839],[28.689,45.819],[28.675,45.775],[28.584,45.763],[28.582,45.72],[28.527,45.714],[28.489,45.665],[28.556,45.587],[28.511,45.569],[28.523,45.518],[28.284,45.525],[28.215,45.449],[28.177,45.469],[28.147,45.556],[28.063,45.588],[28.159,45.625],[28.167,45.67],[28.154,45.767],[28.109,45.82],[28.13,45.867],[28.087,46.069],[28.142,46.184],[28.11,46.232],[28.183,46.282],[28.183,46.341],[28.253,46.436],[28.209,46.498],[28.247,46.604],[28.116,46.834],[28.082,46.981],[27.8,47.139],[27.725,47.282],[27.641,47.302],[27.572,47.371],[27.579,47.455],[27.476,47.484],[27.431,47.572],[27.299,47.659],[27.265,47.706],[27.293,47.74],[27.221,47.813],[27.25,47.824],[27.212,47.842],[27.211,47.895],[27.156,47.914],[27.167,47.982],[27.089,48.009],[27.109,48.029],[27.033,48.083],[27.042,48.122],[26.969,48.137],[27.001,48.156],[26.826,48.244],[26.635,48.257],[26.703,48.345],[26.751,48.299],[26.803,48.297],[26.791,48.382],[26.854,48.405],[26.969,48.359],[27.049,48.365],[27.054,48.407],[27.234,48.368],[27.343,48.443],[27.419,48.417],[27.6,48.487],[27.607,48.454],[27.665,48.439]]]}},{"type":"Feature","properties":{"icao":"LWSS","name":"FIR SKOPJE","label":[21.701,41.593]},"geometry":{"type":"MultiLineString","coordinates":[[[20.562,41.867],[20.896,42.097],[21.311,42.139],[21.783,42.283],[22.367,42.324],[22.522,42.148],[22.676,42.067],[22.865,42.027],[22.896,41.885],[22.962,41.778],[23.033,41.728],[22.953,41.634],[22.961,41.358],[22.773,41.324],[22.73,41.144],[22.673,41.187],[22.586,41.119],[22.335,41.127],[22.257,41.171],[22.132,41.125],[22.067,41.158],[21.917,41.095],[21.912,41.049],[21.805,40.977],[21.793,40.932],[21.695,40.938],[21.6,40.872],[21.42,40.919],[21.343,40.872],[20.984,40.855],[20.945,40.919],[20.734,40.912],[20.67,41.088],[20.592,41.098],[20.597,41.137],[20.519,41.233],[20.493,41.331],[20.563,41.408],[20.458,41.526],[20.463,41.556],[20.558,41.587],[20.515,41.727],[20.569,41.796],[20.562,41.867]]]}},{"type":"Feature","properties":{"icao":"LWSS","name":"UIR SKOPJE","label":[21.701,41.593]},"geometry":{"type":"MultiLineString","coordinates":[[[20.562,41.867],[20.896,42.097],[21.311,42.139],[21.783,42.283],[22.367,42.324],[22.522,42.148],[22.676,42.067],[22.865,42.027],[22.896,41.885],[22.962,41.778],[23.033,41.728],[22.953,41.634],[22.961,41.358],[22.773,41.324],[22.73,41.144],[22.673,41.187],[22.586,41.119],[22.335,41.127],[22.257,41.171],[22.132,41.125],[22.067,41.158],[21.917,41.095],[21.912,41.049],[21.805,40.977],[21.793,40.932],[21.695,40.938],[21.6,40.872],[21.42,40.919],[21.343,40.872],[20.984,40.855],[20.945,40.919],[20.734,40.912],[20.67,41.088],[20.592,41.098],[20.597,41.137],[20.519,41.233],[20.493,41.331],[20.563,41.408],[20.458,41.526],[20.463,41.556],[20.558,41.587],[20.515,41.727],[20.569,41.796],[20.562,41.867]]]}},{"type":"Feature","properties":{"icao":"LYBA","name":"FIR BEOGRAD","label":[20.5,43.737]},"geometry":{"type":"MultiLineString","coordinates":[[[20.576,41.876],[20.576,41.876]],[[20.576,41.876],[20.576,41.876]],[[22.389,42.33],[21.783,42.283],[21.311,42.139],[20.896,42.097],[20.591,41.887],[20.582,41.918],[20.624,41.967],[20.565,42.075],[20.567,42.133],[20.471,42.264],[20.348,42.326],[20.245,42.328],[20.169,42.507],[20.072,42.561],[19.831,42.469],[19.794,42.483],[19.747,42.543],[19.774,42.593],[19.756,42.639],[19.713,42.66],[19.43,42.38],[19.417,42.328],[19.283,42.185],[19.401,42.105],[19.369,42.029],[19.383,41.968],[19.349,41.959],[19.365,41.928],[19.341,41.904],[19.375,41.888],[19.372,41.853],[19.35,41.866],[18.867,41.133],[18.317,41.417],[18.6,42.2],[18.454,42.511],[18.456,42.565],[18.578,42.655],[18.456,42.825],[18.491,42.861],[18.484,42.971],[18.536,43.017],[18.65,43.044],[18.644,43.139],[18.708,43.214],[18.698,43.252],[18.852,43.33],[18.84,43.348],[18.92,43.357],[19.017,43.239],[19.069,43.241],[19.088,43.323],[19.021,43.391],[19.023,43.435],[18.956,43.458],[18.95,43.509],[19.007,43.555],[19.099,43.505],[19.229,43.513],[19.372,43.616],[19.509,43.57],[19.488,43.763],[19.252,43.962],[19.237,44.011],[19.515,43.958],[19.622,44.021],[19.594,44.07],[19.572,44.049],[19.504,44.089],[19.481,44.15],[19.355,44.187],[19.324,44.271],[19.162,44.286],[19.105,44.355],[19.147,44.438],[19.124,44.514],[19.189,44.546],[19.189,44.58],[19.314,44.704],[19.383,44.863],[19.311,44.908],[19.178,44.923],[19.04,44.861],[19.011,44.914],[19.077,44.909],[19.148,44.959],[19.106,44.983],[19.082,45.126],[19.161,45.145],[19.172,45.216],[19.262,45.18],[19.299,45.203],[19.412,45.175],[19.424,45.225],[19.139,45.287],[19.086,45.347],[18.981,45.378],[19.038,45.413],[18.995,45.451],[19,45.49],[19.088,45.489],[19.1,45.515],[19.021,45.563],[18.956,45.537],[18.903,45.57],[18.91,45.62],[18.969,45.663],[18.91,45.713],[18.957,45.736],[18.959,45.778],[18.86,45.843],[18.823,45.92],[19.007,45.928],[18.996,45.952],[19.066,45.964],[19.097,46.024],[19.156,45.987],[19.287,45.989],[19.303,46.026],[19.468,46.078],[19.56,46.172],[19.704,46.176],[19.802,46.128],[19.962,46.17],[20.048,46.143],[20.113,46.167],[20.201,46.151],[20.322,46.063],[20.378,45.978],[20.592,45.894],[20.714,45.743],[20.802,45.764],[20.799,45.656],[20.767,45.61],[20.824,45.532],[20.783,45.484],[21.049,45.316],[21.113,45.292],[21.163,45.309],[21.268,45.232],[21.417,45.214],[21.514,45.151],[21.461,45.102],[21.448,45.035],[21.367,45.008],[21.43,44.961],[21.541,44.938],[21.559,44.896],[21.367,44.864],[21.401,44.78],[21.589,44.763],[21.65,44.657],[21.994,44.635],[22.04,44.551],[22.129,44.481],[22.177,44.482],[22.314,44.664],[22.437,44.714],[22.763,44.561],[22.7,44.522],[22.591,44.549],[22.547,44.487],[22.46,44.482],[22.55,44.323],[22.692,44.264],[22.617,44.172],[22.623,44.07],[22.417,44.007],[22.36,43.817],[22.428,43.688],[22.496,43.645],[22.496,43.57],[22.544,43.472],[22.767,43.385],[22.905,43.23],[23.008,43.196],[22.967,43.101],[22.791,42.985],[22.746,42.893],[22.525,42.878],[22.443,42.821],[22.502,42.739],[22.462,42.692],[22.439,42.574],[22.545,42.515],[22.558,42.479],[22.457,42.34],[22.389,42.33]]]}},{"type":"Feature","properties":{"icao":"LYBA","name":"UIR BEOGRAD","label":[20.717,43.345]},"geometry":{"type":"MultiLineString","coordinates":[[[19.725,46.171],[19.801,46.128],[19.961,46.171],[20.201,46.151],[20.321,46.064],[20.378,45.978],[20.592,45.894],[20.713,45.744],[20.796,45.769],[20.799,45.657],[20.767,45.61],[20.824,45.532],[20.783,45.485],[21.049,45.316],[21.163,45.31],[21.267,45.233],[21.417,45.215],[21.514,45.151],[21.513,45.123],[21.46,45.103],[21.447,45.035],[21.367,45.008],[21.541,44.939],[21.559,44.896],[21.366,44.864],[21.4,44.781],[21.588,44.763],[21.649,44.658],[21.994,44.636],[22.039,44.552],[22.129,44.481],[22.177,44.482],[22.314,44.664],[22.436,44.714],[22.765,44.559],[22.7,44.523],[22.59,44.549],[22.546,44.487],[22.46,44.482],[22.55,44.323],[22.692,44.264],[22.617,44.173],[22.622,44.071],[22.417,44.007],[22.359,43.817],[22.427,43.689],[22.496,43.646],[22.543,43.472],[22.767,43.386],[22.904,43.231],[23.007,43.2],[22.966,43.102],[22.791,42.985],[22.746,42.894],[22.525,42.879],[22.442,42.822],[22.501,42.739],[22.461,42.692],[22.439,42.575],[22.544,42.516],[22.558,42.479],[22.456,42.34],[22.364,42.323],[22.521,42.149],[22.675,42.067],[22.864,42.027],[22.896,41.885],[23.033,41.728],[22.953,41.634],[22.961,41.359],[22.772,41.324],[22.729,41.145],[22.672,41.188],[22.586,41.119],[22.334,41.127],[22.257,41.171],[22.131,41.125],[22.067,41.158],[21.916,41.095],[21.912,41.049],[21.804,40.978],[21.792,40.933],[21.694,40.938],[21.6,40.873],[21.42,40.919],[21.343,40.872],[20.983,40.856],[20.984,40.894],[20.944,40.919],[20.848,40.936],[20.812,40.901],[20.735,40.911],[20.67,41.088],[20.592,41.099],[20.596,41.137],[20.518,41.234],[20.497,41.347],[20.562,41.408],[20.458,41.522],[20.462,41.556],[20.558,41.588],[20.517,41.744],[20.567,41.792],[20.559,41.862],[20.624,41.963],[20.526,42.212],[20.348,42.326],[20.245,42.329],[20.169,42.507],[20.071,42.561],[20,42.517],[19.794,42.484],[19.747,42.543],[19.773,42.597],[19.756,42.64],[19.723,42.662],[19.646,42.618],[19.606,42.539],[19.429,42.38],[19.417,42.329],[19.282,42.186],[19.4,42.105],[19.368,42.03],[19.383,41.968],[19.347,41.956],[19.368,41.849],[18.867,41.13],[18.317,41.417],[18.6,42.2],[18.453,42.512],[18.456,42.566],[18.578,42.655],[18.456,42.826],[18.491,42.862],[18.484,42.972],[18.536,43.017],[18.65,43.044],[18.644,43.139],[18.707,43.214],[18.698,43.252],[18.852,43.331],[18.839,43.348],[18.92,43.357],[19.017,43.239],[19.069,43.241],[19.088,43.323],[19.021,43.392],[19.023,43.436],[18.956,43.458],[18.949,43.509],[19.007,43.556],[19.098,43.506],[19.229,43.513],[19.372,43.616],[19.509,43.57],[19.488,43.763],[19.251,43.962],[19.237,44.011],[19.514,43.958],[19.622,44.022],[19.593,44.07],[19.572,44.049],[19.504,44.09],[19.481,44.15],[19.355,44.187],[19.323,44.271],[19.162,44.286],[19.104,44.356],[19.147,44.438],[19.123,44.515],[19.188,44.546],[19.188,44.581],[19.314,44.705],[19.356,44.853],[19.383,44.863],[19.31,44.909],[19.177,44.924],[19.04,44.861],[19.011,44.914],[19.076,44.909],[19.148,44.959],[19.105,44.984],[19.082,45.126],[19.161,45.146],[19.171,45.216],[19.262,45.18],[19.299,45.204],[19.411,45.175],[19.424,45.226],[19.139,45.288],[19.086,45.348],[18.98,45.379],[19.038,45.414],[18.994,45.452],[19,45.491],[19.088,45.49],[19.1,45.516],[19.021,45.563],[18.955,45.537],[18.902,45.57],[18.909,45.621],[18.968,45.663],[18.91,45.713],[18.957,45.736],[18.959,45.779],[18.859,45.843],[18.817,45.913],[19.006,45.929],[18.996,45.953],[19.066,45.964],[19.096,46.024],[19.155,45.987],[19.286,45.989],[19.303,46.026],[19.467,46.079],[19.56,46.172],[19.725,46.171]]]}},{"type":"Feature","properties":{"icao":"LZBB","name":"FIR BRATISLAVA","label":[19.487,48.706]},"geometry":{"type":"MultiLineString","coordinates":[[[19.535,49.536],[19.579,49.457],[19.652,49.451],[19.638,49.403],[19.79,49.407],[19.798,49.301],[19.827,49.278],[19.774,49.233],[19.789,49.197],[19.936,49.231],[20.081,49.175],[20.144,49.315],[20.308,49.343],[20.333,49.401],[20.399,49.382],[20.451,49.413],[20.567,49.378],[20.701,49.418],[20.812,49.331],[20.869,49.335],[20.916,49.296],[21.098,49.366],[21.049,49.405],[21.067,49.421],[21.203,49.405],[21.279,49.457],[21.459,49.411],[21.619,49.436],[21.776,49.356],[21.838,49.384],[21.96,49.339],[22.038,49.211],[22.558,49.079],[22.537,48.996],[22.467,48.979],[22.377,48.852],[22.389,48.797],[22.348,48.764],[22.329,48.687],[22.159,48.58],[22.153,48.416],[22.102,48.377],[21.727,48.352],[21.614,48.498],[21.544,48.505],[21.443,48.575],[21.309,48.548],[21.278,48.505],[21.225,48.526],[21.12,48.492],[20.83,48.575],[20.661,48.563],[20.498,48.532],[20.499,48.483],[20.3,48.259],[20.15,48.26],[20.128,48.212],[19.938,48.135],[19.789,48.157],[19.788,48.199],[19.631,48.234],[19.524,48.206],[19.472,48.087],[19.235,48.05],[19.034,48.075],[18.849,48.051],[18.756,47.978],[18.767,47.878],[18.85,47.818],[18.75,47.813],[18.671,47.761],[17.784,47.747],[17.572,47.825],[17.341,47.997],[17.091,48.032],[17.098,48.105],[16.977,48.175],[16.95,48.278],[16.848,48.356],[16.864,48.467],[16.946,48.619],[17.114,48.833],[17.253,48.871],[17.39,48.823],[17.477,48.852],[17.539,48.816],[17.712,48.856],[17.806,48.926],[17.89,48.927],[17.928,49.017],[18.065,49.036],[18.122,49.083],[18.208,49.284],[18.379,49.33],[18.42,49.371],[18.406,49.397],[18.469,49.407],[18.569,49.496],[18.745,49.483],[18.814,49.519],[18.951,49.514],[18.979,49.5],[18.973,49.401],[19.032,49.392],[19.201,49.409],[19.244,49.509],[19.371,49.536],[19.453,49.612],[19.533,49.567],[19.535,49.536]]]}},{"type":"Feature","properties":{"icao":"MDCS","name":"FIR SANTO DOMINGO","label":[290.015,18.007]},"geometry":{"type":"MultiLineString","coordinates":[[[290.85,19.65],[292,19],[292,16],[288.333,16],[288.333,17],[288.23,18.196],[288.305,18.322],[288.092,18.438],[288.115,18.477],[287.997,18.601],[288.168,18.622],[288.274,18.716],[288.283,18.88],[288.221,18.958],[288.144,18.948],[288.147,18.969],[288.25,19.02],[288.365,19.158],[288.371,19.22],[288.304,19.242],[288.233,19.332],[288.303,19.406],[288.308,19.498],[288.223,19.773],[288.333,20.417],[289.517,20.417],[290.85,19.65]]]}},{"type":"Feature","properties":{"icao":"MHTG","name":"FIR CENTRAL AMERICAN","label":[269.937,9.766]},"geometry":{"type":"MultiLineString","coordinates":[[[277.917,19],[277.75,15],[277.183,12.9],[277.444,9.538],[277.405,9.551],[277.392,9.492],[277.335,9.495],[277.251,9.584],[277.167,9.612],[277.124,9.559],[277.167,9.498],[277.065,9.472],[277.07,9.063],[277.109,9.076],[277.253,8.984],[277.289,8.922],[277.139,8.841],[277.117,8.819],[277.137,8.801],[277.086,8.763],[277.168,8.627],[277.17,8.475],[276.951,8.32],[277.069,8.255],[277.114,8.1],[277.083,7.5],[277.083,1.417],[268,1.417],[255.5,10],[260,11.5],[265,13],[267.781,14.547],[267.846,14.676],[267.814,14.844],[267.858,14.898],[267.85,14.994],[267.934,15.078],[267.789,15.262],[268.271,16.075],[269.542,16.075],[269.568,16.102],[269.539,16.106],[269.572,16.168],[269.54,16.191],[269.564,16.237],[269.541,16.253],[269.609,16.341],[269.58,16.36],[269.621,16.365],[269.604,16.416],[269.519,16.426],[269.518,16.458],[269.454,16.485],[269.366,16.484],[269.389,16.511],[269.355,16.519],[269.368,16.581],[269.335,16.583],[269.342,16.644],[269.286,16.726],[269.197,16.805],[269.079,16.83],[269.034,16.872],[269.045,16.899],[269.017,16.903],[269.014,16.868],[268.937,16.903],[268.882,17.01],[268.816,17.036],[268.723,17.178],[268.647,17.176],[268.563,17.241],[269.016,17.256],[269.018,17.821],[270.858,17.819],[270.857,17.956],[270.975,18.006],[271.157,17.876],[271.162,17.937],[271.289,18.061],[271.319,18.186],[271.4,18.236],[271.534,18.489],[271.701,18.483],[271.961,18.42],[271.962,18.169],[272.25,18.15],[274,20],[274.717,20.183],[274.65,20.733],[278,20],[277.917,19]]]}},{"type":"Feature","properties":{"icao":"MKJK","name":"FIR KINGSTON","label":[281.712,17.249]},"geometry":{"type":"MultiLineString","coordinates":[[[282.583,15],[277.75,15],[277.917,19],[278,20],[281.667,20],[282.5,19.5],[285,18.5],[287,17],[286,16],[286,15],[282.583,15]]]}},{"type":"Feature","properties":{"icao":"MMFO","name":"FIR MAZATLAN OCEANIC","label":[246.47,15.569]},"geometry":{"type":"MultiLineString","coordinates":[[[255.5,10],[240,5],[240,30],[242.51,27.925],[246.926,23.967],[251.501,19.039],[255,15],[260,11.5],[255.5,10]]]}},{"type":"Feature","properties":{"icao":"MMFR","name":"FIR MEXICO","label":[257.795,22.581]},"geometry":{"type":"MultiLineString","coordinates":[[[248.935,31.329],[251.792,31.333],[251.791,31.783],[253.451,31.783],[253.599,31.75],[253.786,31.475],[254.051,31.362],[254.23,31.176],[254.402,31.08],[254.433,31.009],[254.61,30.862],[254.739,30.797],[254.792,30.802],[254.993,30.683],[255.013,30.622],[255.099,30.573],[255.144,30.406],[255.318,30.187],[255.296,30.055],[255.32,29.946],[255.427,29.797],[255.46,29.671],[255.581,29.569],[255.795,29.479],[255.955,29.331],[256.221,29.269],[256.221,29.231],[256.274,29.193],[256.457,29.149],[256.524,29.071],[256.625,29.024],[256.657,29.041],[256.7,28.998],[256.846,28.981],[257.023,29.19],[257.137,29.224],[257.101,29.258],[257.116,29.347],[257.149,29.352],[257.33,29.743],[257.465,29.752],[257.5,29.782],[257.615,29.77],[257.644,29.851],[257.694,29.889],[257.923,29.799],[258.183,29.809],[258.375,29.766],[258.431,29.775],[258.458,29.815],[258.469,29.764],[258.528,29.79],[258.595,29.773],[258.644,29.661],[258.699,29.649],[258.698,29.576],[258.778,29.611],[258.781,29.54],[258.955,29.466],[258.993,29.378],[259.206,29.257],[259.237,29.171],[259.332,29.113],[259.376,28.92],[259.471,28.828],[259.516,28.683],[259.602,28.596],[259.621,28.529],[259.675,28.505],[259.643,28.481],[259.724,28.323],[259.717,28.281],[259.814,28.198],[259.929,28.151],[260.006,27.999],[260.065,27.982],[260.069,27.94],[260.118,27.906],[260.111,27.863],[260.164,27.775],[260.293,27.662],[260.409,27.639],[260.495,27.57],[260.527,27.401],[260.482,27.308],[260.55,27.266],[260.566,27.216],[260.541,27.047],[260.619,27.004],[260.618,26.951],[260.66,26.926],[260.673,26.872],[260.732,26.858],[260.829,26.621],[260.829,26.543],[260.911,26.495],[260.893,26.422],[260.924,26.395],[261.201,26.369],[261.271,26.319],[261.258,26.3],[261.304,26.292],[261.292,26.265],[261.347,26.241],[261.422,26.256],[261.53,26.204],[261.555,26.226],[261.628,26.192],[261.618,26.157],[261.803,26.059],[261.917,26.07],[261.934,26.038],[262.212,26.064],[262.23,26.036],[262.324,26.037],[262.489,25.893],[262.633,25.839],[262.648,25.913],[262.717,25.929],[262.737,25.964],[262.822,25.955],[262.991,26],[264.083,26],[267,24.5],[272,24.5],[274,24],[274,22],[274.65,20.733],[274.717,20.183],[274,20],[272.25,18.15],[271.962,18.169],[271.961,18.42],[271.702,18.485],[271.534,18.489],[271.4,18.236],[271.319,18.186],[271.289,18.061],[271.162,17.937],[271.157,17.876],[270.975,18.006],[270.857,17.956],[270.858,17.819],[269.018,17.821],[269.016,17.256],[268.563,17.241],[268.647,17.176],[268.723,17.178],[268.816,17.036],[268.882,17.01],[268.937,16.903],[269.014,16.868],[269.017,16.903],[269.045,16.899],[269.034,16.872],[269.079,16.83],[269.197,16.805],[269.286,16.726],[269.342,16.644],[269.335,16.583],[269.368,16.581],[269.355,16.519],[269.389,16.511],[269.366,16.484],[269.454,16.485],[269.518,16.458],[269.519,16.426],[269.604,16.416],[269.621,16.365],[269.58,16.36],[269.609,16.341],[269.541,16.253],[269.564,16.237],[269.54,16.191],[269.572,16.168],[269.539,16.106],[269.568,16.102],[269.542,16.075],[268.271,16.075],[267.789,15.262],[267.934,15.078],[267.85,14.994],[267.858,14.898],[267.814,14.844],[267.846,14.676],[267.781,14.547],[265,13],[260,11.5],[255,15],[251.501,19.039],[246.996,23.893],[242.51,27.925],[240,30],[239.167,30.75],[242.878,32.535],[245.281,32.718],[245.186,32.496],[248.935,31.329]]]}},{"type":"Feature","properties":{"icao":"MPZL","name":"FIR PANAMA","label":[279.749,10.05]},"geometry":{"type":"MultiLineString","coordinates":[[[282.57,8.63],[282.581,8.593],[282.528,8.532],[282.525,8.47],[282.593,8.453],[282.638,8.282],[282.692,8.259],[282.809,7.983],[282.853,7.943],[282.702,7.904],[282.628,7.786],[282.671,7.705],[282.426,7.525],[282.338,7.678],[282.253,7.722],[282.271,7.51],[282.189,7.48],[282.11,7.229],[281.7,6.733],[281.217,6.467],[280.95,6.267],[280,4.5],[277.083,4.533],[277.083,7.5],[277.114,8.1],[277.069,8.255],[276.951,8.32],[277.17,8.475],[277.168,8.627],[277.086,8.763],[277.137,8.801],[277.117,8.819],[277.139,8.841],[277.289,8.922],[277.253,8.984],[277.109,9.076],[277.07,9.063],[277.065,9.472],[277.167,9.498],[277.124,9.559],[277.167,9.612],[277.251,9.584],[277.335,9.495],[277.392,9.492],[277.405,9.551],[277.444,9.538],[277.183,12.9],[277.75,15],[282.583,15],[282.57,8.63]]]}},{"type":"Feature","properties":{"icao":"MTEG","name":"FIR PORT AU PRINCE","label":[287.069,18.667]},"geometry":{"type":"MultiLineString","coordinates":[[[288.33,19.105],[288.144,18.948],[288.211,18.963],[288.283,18.88],[288.274,18.716],[288.168,18.622],[287.997,18.601],[288.115,18.477],[288.092,18.438],[288.305,18.322],[288.231,18.202],[288.255,18.134],[288.232,18.039],[288.333,17],[287,17],[285,18.5],[286.667,20],[287,20.417],[288.333,20.417],[288.223,19.773],[288.308,19.498],[288.301,19.4],[288.233,19.332],[288.304,19.242],[288.371,19.22],[288.33,19.105]]]}},{"type":"Feature","properties":{"icao":"MUFH","name":"FIR HABANA","label":[280.028,21.709]},"geometry":{"type":"MultiLineString","coordinates":[[[274,24.008],[282,24],[284.833,22],[286.667,20],[285,18.5],[282.5,19.5],[281.667,20],[278,20],[274.65,20.733],[274,22],[274,24.008]]]}},{"type":"Feature","properties":{"icao":"MYNA","name":"FIR NASSAU","label":[282.644,25.273]},"geometry":{"type":"MultiLineString","coordinates":[[[284,27],[284.015,22.571],[282,24],[281,24.667],[281,26.417],[280.829,26.485],[280.737,26.632],[280.752,26.749],[280.825,26.85],[280.941,26.912],[281.097,26.908],[281.117,27],[284,27]]]}},{"type":"Feature","properties":{"icao":"NFFF","name":"FIR NADI EAST","label":[172.474,-13.517]},"geometry":{"type":"MultiLineString","coordinates":[[[168,-28],[163,-30],[163,-17.667],[161.25,-14],[163,-14],[170,-10],[170,3.5],[180,3.5]],[[180,-25],[171.417,-25],[168,-28]]]}},{"type":"Feature","properties":{"icao":"NFFF","name":"FIR NADI WEST","label":[183.015,-11.695]},"geometry":{"type":"MultiLineString","coordinates":[[[189,-5],[184.975,-14.131],[180,-25]],[[180,-5],[189,-5]]]}},{"type":"Feature","properties":{"icao":"NTTT","name":"FIR TAHITI","label":[222.226,-13.931]},"geometry":{"type":"MultiLineString","coordinates":[[[229.1,-30],[203,-30],[203,-5],[205,-5],[215,3.5],[240,3.5],[240,-30],[229.1,-30]]]}},{"type":"Feature","properties":{"icao":"NZZC","name":"FIR NEW ZEALAND","label":[173.057,-40.298]},"geometry":{"type":"MultiLineString","coordinates":[[[175.05,-42.867],[168.267,-48.15],[165.3,-45.917],[168,-43.65],[170.39,-41.424],[170.638,-40.388],[170.811,-39.955],[171.041,-39.516],[171.287,-39.177],[170.941,-38.745],[170.725,-38.269],[170.552,-37.664],[170.603,-36.949],[170.812,-36.218],[171.125,-35.592],[171.546,-35.07],[171.981,-34.694],[172.482,-34.36],[173.129,-34.11],[173.901,-33.922],[174.659,-33.86],[175.342,-33.922],[176.344,-34.193],[176.777,-34.379],[177.325,-34.673],[178.264,-35.529],[178.578,-36.072],[178.786,-36.531],[178.995,-37.22],[178.983,-37.483],[179.733,-38.45],[175.05,-42.867]]]}},{"type":"Feature","properties":{"icao":"NZZO","name":"FIR AUCKLAND OCEANIC EAST","label":[171.5,-59.747]},"geometry":{"type":"MultiLineString","coordinates":[[[180,-89.9],[163,-89.9],[163,-30],[168,-28],[171.417,-25],[180,-25]],[[165.3,-45.917],[168.267,-48.15],[175.05,-42.867],[179.733,-38.45],[178.983,-37.483],[178.995,-37.22],[178.786,-36.531],[178.578,-36.072],[178.264,-35.529],[177.325,-34.673],[176.777,-34.379],[176.344,-34.193],[175.342,-33.922],[174.659,-33.86],[173.901,-33.922],[173.129,-34.11],[172.482,-34.36],[171.981,-34.694],[171.546,-35.07],[171.125,-35.592],[170.812,-36.218],[170.603,-36.949],[170.552,-37.664],[170.725,-38.269],[170.941,-38.745],[171.287,-39.177],[171.041,-39.516],[170.811,-39.955],[170.638,-40.388],[170.39,-41.424],[168,-43.65],[165.3,-45.917]]]}},{"type":"Feature","properties":{"icao":"NZZO","name":"FIR AUCKLAND OCEANIC WEST","label":[202.887,-54.145]},"geometry":{"type":"MultiLineString","coordinates":[[[203,-21.806],[203,-30],[229,-30],[229,-90],[180,-90]],[[180,-25],[184.975,-14.131],[189,-5],[203,-5],[203,-21.806]]]}},{"type":"Feature","properties":{"icao":"OAKX","name":"FIR KABUL","label":[66.026,33.839]},"geometry":{"type":"MultiLineString","coordinates":[[[71.021,38.446],[71.05,38.403],[71.146,38.386],[71.205,38.324],[71.314,38.294],[71.363,38.248],[71.359,38.162],[71.253,37.922],[71.335,37.888],[71.515,37.948],[71.592,37.903],[71.589,37.816],[71.529,37.764],[71.496,37.558],[71.514,37.468],[71.479,37.41],[71.49,37.284],[71.429,37.076],[71.457,36.945],[71.555,36.761],[71.677,36.676],[71.843,36.692],[72.306,36.978],[72.659,37.021],[72.794,37.226],[73.069,37.314],[73.151,37.4],[73.307,37.463],[73.372,37.447],[73.456,37.476],[73.776,37.434],[73.769,37.341],[73.649,37.304],[73.62,37.262],[73.739,37.222],[74.197,37.339],[74.237,37.361],[74.24,37.407],[74.364,37.428],[74.542,37.382],[74.684,37.4],[74.833,37.325],[74.916,37.237],[74.811,37.22],[74.751,37.304],[74.651,37.235],[74.522,37.239],[74.479,37.179],[74.387,37.161],[74.568,37.027],[74.558,36.965],[74.489,37.01],[74.42,37.001],[74.252,36.899],[74.152,36.904],[74.121,36.839],[74.038,36.815],[73.852,36.893],[73.668,36.91],[72.624,36.831],[72.474,36.762],[72.171,36.708],[72.182,36.65],[72.073,36.629],[72.07,36.586],[71.89,36.502],[71.796,36.492],[71.818,36.422],[71.78,36.393],[71.633,36.466],[71.563,36.372],[71.579,36.332],[71.507,36.315],[71.413,36.22],[71.339,36.205],[71.334,36.174],[71.244,36.13],[71.189,36.036],[71.385,35.942],[71.387,35.897],[71.44,35.871],[71.545,35.711],[71.509,35.621],[71.614,35.562],[71.602,35.501],[71.649,35.425],[71.549,35.301],[71.662,35.191],[71.536,35.087],[71.538,35.02],[71.492,34.956],[71.309,34.884],[71.226,34.744],[71.092,34.672],[71.089,34.559],[70.987,34.551],[71.001,34.463],[71.159,34.348],[71.118,34.26],[71.136,34.166],[71.077,34.113],[71.077,34.052],[70.981,34.009],[70.906,34.013],[70.891,33.966],[70.558,33.944],[70.338,33.964],[70.003,34.053],[69.896,34.023],[69.866,33.936],[69.917,33.852],[69.99,33.75],[70.137,33.732],[70.151,33.666],[70.197,33.641],[70.168,33.521],[70.286,33.423],[70.327,33.332],[70.145,33.202],[70.068,33.205],[70.029,33.136],[69.881,33.09],[69.791,33.127],[69.701,33.078],[69.576,33.087],[69.505,33.034],[69.515,32.874],[69.395,32.774],[69.458,32.671],[69.378,32.568],[69.287,32.526],[69.248,32.444],[69.291,32.317],[69.272,32.145],[69.328,31.94],[69.224,31.871],[69.112,31.717],[69.019,31.651],[68.833,31.604],[68.728,31.704],[68.707,31.781],[68.621,31.788],[68.571,31.826],[68.437,31.787],[68.572,31.765],[68.531,31.727],[68.272,31.772],[68.166,31.833],[68.072,31.695],[67.981,31.636],[67.882,31.638],[67.732,31.529],[67.576,31.532],[67.615,31.428],[67.791,31.395],[67.778,31.332],[67.385,31.215],[67.282,31.212],[67.056,31.243],[67.047,31.313],[66.974,31.322],[66.856,31.281],[66.793,31.22],[66.728,31.215],[66.684,31.086],[66.573,30.981],[66.396,30.941],[66.282,30.575],[66.352,30.445],[66.325,30.238],[66.238,30.071],[66.361,29.966],[66.257,29.852],[65.034,29.541],[64.696,29.586],[64.479,29.573],[64.211,29.499],[64.122,29.389],[63.587,29.504],[62.484,29.406],[60.866,29.864],[61.787,30.81],[61.804,30.945],[61.851,31.021],[61.765,31.245],[61.771,31.318],[61.714,31.383],[60.844,31.498],[60.797,32.038],[60.837,32.09],[60.858,32.235],[60.582,33.066],[60.591,33.163],[60.848,33.414],[60.854,33.49],[60.943,33.519],[60.886,33.557],[60.666,33.567],[60.528,33.644],[60.505,33.739],[60.554,33.813],[60.508,34.14],[60.676,34.288],[60.666,34.312],[60.915,34.32],[60.722,34.522],[60.971,34.644],[60.983,34.734],[61.063,34.809],[61.07,34.929],[61.142,35.098],[61.095,35.184],[61.104,35.279],[61.19,35.301],[61.194,35.402],[61.278,35.52],[61.289,35.626],[61.379,35.635],[61.406,35.564],[61.596,35.444],[61.802,35.411],[61.959,35.458],[62.03,35.449],[62.158,35.339],[62.259,35.298],[62.309,35.142],[62.465,35.289],[62.554,35.234],[62.722,35.255],[62.922,35.384],[63.105,35.451],[63.127,35.534],[63.095,35.626],[63.24,35.699],[63.13,35.775],[63.119,35.862],[63.342,35.857],[63.528,35.905],[63.601,35.964],[63.778,35.981],[63.921,36.038],[64.064,36],[64.06,36.088],[64.095,36.123],[64.181,36.171],[64.282,36.152],[64.337,36.225],[64.474,36.256],[64.624,36.447],[64.623,36.655],[64.797,36.929],[64.789,37.118],[65.073,37.244],[65.554,37.256],[65.651,37.356],[65.644,37.449],[65.681,37.517],[65.772,37.538],[65.782,37.572],[65.845,37.504],[66.091,37.432],[66.16,37.372],[66.222,37.374],[66.29,37.325],[66.408,37.346],[66.447,37.319],[66.525,37.366],[66.672,37.338],[67.004,37.382],[67.096,37.34],[67.117,37.28],[67.186,37.258],[67.24,37.186],[67.397,37.217],[67.492,37.281],[67.564,37.214],[67.603,37.248],[67.744,37.225],[67.779,37.194],[67.782,37.096],[67.886,37.061],[68.016,36.925],[68.187,37.021],[68.275,37.012],[68.295,37.108],[68.413,37.104],[68.412,37.148],[68.63,37.204],[68.664,37.275],[68.822,37.245],[68.807,37.318],[68.838,37.327],[68.919,37.276],[68.888,37.339],[69,37.308],[69.125,37.163],[69.247,37.094],[69.287,37.104],[69.451,37.225],[69.411,37.241],[69.38,37.451],[69.516,37.581],[69.807,37.583],[69.899,37.615],[70.014,37.546],[70.162,37.54],[70.216,37.616],[70.254,37.616],[70.286,37.702],[70.247,37.813],[70.166,37.872],[70.161,37.933],[70.247,37.932],[70.247,37.964],[70.464,38.111],[70.584,38.278],[70.598,38.342],[70.686,38.375],[70.672,38.414],[70.874,38.453],[70.93,38.43],[70.953,38.472],[71.021,38.446]]]}},{"type":"Feature","properties":{"icao":"OBBB","name":"FIR BAHRAIN","label":[51.233,26.23]},"geometry":{"type":"MultiLineString","coordinates":[[[49.667,28.733],[50.917,27.083],[51.167,26.917],[53.95,26.067],[53.1,25.817],[51.719,23.971],[51.591,24.123],[51.573,24.713],[51.406,24.63],[51.414,24.597],[51.314,24.485],[51.099,24.471],[50.929,24.545],[50.812,24.744],[50.794,24.879],[50.664,25.133],[50.596,25.52],[50.435,25.683],[50.302,25.884],[50.27,26.081],[50.315,26.172],[50.388,26.53],[50.466,26.572],[49.133,27.833],[48.867,28.25],[49.667,28.733]]]}},{"type":"Feature","properties":{"icao":"OEJD","name":"FIR JEDDAH","label":[44.101,23.857]},"geometry":{"type":"MultiLineString","coordinates":[[[43.258,17.282],[43.203,17.26],[43.216,17.21],[43.152,17.175],[43.16,17.087],[43.227,17.075],[43.249,17.015],[43.179,17.026],[43.194,16.945],[43.138,16.918],[43.18,16.849],[43.267,16.795],[43.265,16.754],[43.212,16.71],[43.235,16.643],[43.145,16.672],[43.121,16.529],[42.95,16.497],[42.95,16.399],[42.15,16.404],[41.783,16.29],[42,16],[41.875,15.783],[41.5,15.633],[41,16],[38.5,20],[38,22],[34.583,28.1],[34.955,29.357],[36.065,29.192],[36.499,29.5],[36.749,29.867],[37.499,30],[37.666,30.334],[37.999,30.5],[36.999,31.5],[38.999,32.001],[39.201,32.154],[40.413,31.948],[41.441,31.373],[42.085,31.112],[44.722,29.199],[46.426,29.061],[46.553,29.101],[47.467,29],[47.6,28.783],[47.6,28.683],[47.708,28.525],[48.684,28.545],[49.133,27.833],[50.466,26.572],[50.388,26.53],[50.315,26.172],[50.27,26.081],[50.302,25.884],[50.435,25.683],[50.596,25.52],[50.664,25.133],[50.794,24.879],[50.812,24.744],[50.929,24.545],[51.099,24.471],[51.314,24.485],[51.414,24.597],[51.406,24.63],[51.573,24.713],[51.591,24.123],[52.581,22.936],[55.133,22.628],[55.208,22.708],[55.667,22],[55,20],[52,19],[50.783,18.789],[49.117,18.617],[48.183,18.167],[47.6,17.45],[47.467,17.117],[47.183,16.95],[47,16.95],[46.75,17.283],[46.367,17.233],[46.1,17.25],[45.4,17.333],[45.217,17.433],[44.65,17.433],[44.567,17.406],[44.366,17.433],[44.138,17.409],[44.111,17.366],[44.067,17.406],[44.011,17.402],[43.967,17.331],[43.832,17.339],[43.789,17.375],[43.683,17.367],[43.527,17.514],[43.42,17.566],[43.241,17.481],[43.228,17.386],[43.337,17.304],[43.258,17.282]]]}},{"type":"Feature","properties":{"icao":"OIIX","name":"FIR TEHRAN","label":[54.206,32.331]},"geometry":{"type":"MultiLineString","coordinates":[[[44.835,39.621],[44.889,39.606],[44.95,39.436],[45.116,39.312],[45.142,39.217],[45.31,39.198],[45.435,39.051],[45.439,38.998],[45.872,38.88],[46.056,38.878],[46.167,38.84],[46.355,38.911],[46.54,38.873],[46.838,39.155],[46.949,39.154],[47.026,39.189],[47.1,39.304],[47.292,39.377],[47.392,39.471],[47.533,39.509],[47.807,39.677],[47.931,39.684],[47.977,39.719],[48.36,39.385],[48.189,39.333],[48.12,39.264],[48.135,39.209],[48.294,39.112],[48.328,39.052],[48.312,39.008],[48.071,38.951],[48.014,38.906],[48.021,38.836],[48.244,38.728],[48.244,38.667],[48.328,38.603],[48.442,38.622],[48.454,38.565],[48.623,38.395],[48.789,38.448],[48.885,38.445],[53.906,37.351],[54.232,37.327],[54.552,37.446],[54.681,37.444],[54.787,37.519],[54.81,37.579],[54.782,37.648],[54.833,37.746],[55.146,37.958],[55.21,37.962],[55.443,38.086],[55.756,38.125],[55.983,38.072],[56.164,38.095],[56.223,38.07],[56.333,38.086],[56.353,38.139],[56.322,38.185],[56.443,38.26],[56.614,38.241],[56.756,38.286],[56.846,38.232],[57.059,38.194],[57.205,38.283],[57.244,38.271],[57.288,38.171],[57.371,38.093],[57.353,37.989],[57.45,37.939],[57.708,37.927],[58.047,37.809],[58.174,37.796],[58.203,37.783],[58.227,37.681],[58.389,37.636],[58.498,37.648],[58.562,37.709],[58.713,37.649],[58.804,37.667],[58.823,37.704],[59.06,37.63],[59.25,37.513],[59.339,37.539],[59.381,37.486],[59.393,37.323],[59.491,37.248],[59.477,37.219],[59.567,37.209],[59.62,37.132],[59.671,37.156],[59.813,37.125],[59.915,37.059],[60.029,37.037],[60.278,36.763],[60.333,36.656],[61.157,36.65],[61.19,36.568],[61.142,36.393],[61.15,36.315],[61.184,36.287],[61.229,36.127],[61.165,36.035],[61.17,35.995],[61.124,35.976],[61.245,35.897],[61.262,35.813],[61.229,35.678],[61.288,35.55],[61.194,35.402],[61.19,35.301],[61.104,35.279],[61.095,35.184],[61.142,35.098],[61.07,34.929],[61.063,34.809],[60.981,34.729],[60.981,34.658],[60.917,34.639],[60.851,34.566],[60.722,34.522],[60.915,34.32],[60.666,34.312],[60.676,34.288],[60.508,34.14],[60.554,33.813],[60.505,33.739],[60.528,33.644],[60.666,33.567],[60.886,33.557],[60.943,33.519],[60.854,33.49],[60.848,33.414],[60.591,33.163],[60.582,33.066],[60.858,32.235],[60.837,32.09],[60.797,32.038],[60.844,31.498],[61.714,31.383],[61.771,31.318],[61.765,31.245],[61.851,31.027],[61.804,30.945],[61.787,30.81],[60.866,29.864],[61.314,29.396],[61.359,29.384],[61.36,29.266],[61.425,29.155],[61.511,29.089],[61.488,29.044],[61.534,29.012],[61.581,28.881],[61.906,28.555],[62.405,28.417],[62.592,28.234],[62.781,28.267],[62.758,28],[62.822,27.76],[62.84,27.474],[62.778,27.353],[62.807,27.323],[62.796,27.286],[62.765,27.272],[62.823,27.23],[62.933,27.213],[63.206,27.267],[63.288,27.219],[63.342,27.122],[63.279,27.122],[63.253,27.084],[63.259,26.934],[63.291,26.892],[63.206,26.842],[63.186,26.637],[62.773,26.65],[62.743,26.612],[62.43,26.564],[62.31,26.503],[62.32,26.473],[62.271,26.425],[62.278,26.354],[62.141,26.383],[62.124,26.318],[61.858,26.235],[61.776,25.819],[61.686,25.795],[61.704,25.677],[61.669,25.633],[61.647,25.306],[61.611,25.198],[61.55,25.25],[61.554,25.197],[61.486,25.197],[61.517,25.155],[61.495,25.115],[61.423,25.097],[61.444,25.077],[61.333,25.097],[61.333,24.667],[57.5,25],[56.75,25.583],[56.75,26.167],[56.45,26.683],[55.333,25.633],[51.167,26.917],[50.917,27.083],[49.45,29],[49.667,29.217],[48.75,29.85],[48.453,29.998],[48.388,30.137],[48.408,30.211],[48.28,30.335],[48.199,30.326],[48.16,30.427],[48.032,30.491],[48.036,30.997],[47.694,31.001],[47.697,31.408],[47.864,31.799],[47.791,31.86],[47.69,32.024],[47.508,32.154],[47.529,32.229],[47.413,32.341],[47.434,32.398],[47.356,32.476],[47.275,32.492],[47.137,32.463],[46.739,32.76],[46.424,32.937],[46.107,32.967],[46.097,33.006],[46.15,33.065],[46.047,33.101],[46.187,33.173],[46.182,33.26],[46.05,33.378],[45.997,33.496],[45.875,33.492],[45.949,33.557],[45.897,33.601],[45.907,33.637],[45.747,33.592],[45.755,33.634],[45.689,33.675],[45.508,33.942],[45.438,33.945],[45.401,33.98],[45.458,34.021],[45.469,34.079],[45.567,34.151],[45.547,34.188],[45.584,34.309],[45.536,34.351],[45.488,34.336],[45.436,34.449],[45.526,34.502],[45.525,34.603],[45.615,34.56],[45.722,34.557],[45.708,34.659],[45.651,34.727],[45.689,34.815],[45.766,34.846],[45.772,34.914],[45.868,34.904],[45.896,34.964],[45.879,35.035],[45.922,35.054],[45.934,35.099],[46.039,35.058],[46.171,35.113],[46.153,35.161],[46.19,35.222],[46.122,35.24],[46.146,35.314],[45.984,35.502],[46.006,35.538],[45.98,35.585],[46.024,35.58],[46.022,35.68],[46.229,35.712],[46.35,35.806],[46.3,35.834],[46.182,35.804],[46.096,35.866],[45.766,35.812],[45.663,35.941],[45.558,36.002],[45.476,36.017],[45.382,35.983],[45.335,36.004],[45.368,36.086],[45.32,36.156],[45.32,36.238],[45.276,36.258],[45.303,36.281],[45.273,36.309],[45.279,36.381],[45.239,36.431],[45.143,36.409],[45.09,36.428],[45.012,36.547],[45.064,36.686],[45.013,36.754],[44.844,36.808],[44.907,36.888],[44.884,36.962],[44.91,37.024],[44.82,37.051],[44.766,37.11],[44.794,37.169],[44.773,37.227],[44.822,37.271],[44.815,37.305],[44.725,37.384],[44.677,37.382],[44.649,37.428],[44.589,37.44],[44.614,37.603],[44.558,37.648],[44.618,37.728],[44.527,37.786],[44.456,37.775],[44.452,37.818],[44.419,37.818],[44.393,37.863],[44.223,37.9],[44.264,38.014],[44.388,38.166],[44.405,38.272],[44.484,38.346],[44.435,38.396],[44.381,38.37],[44.307,38.388],[44.314,38.638],[44.263,38.666],[44.283,38.698],[44.261,38.722],[44.303,38.834],[44.208,38.896],[44.159,39.002],[44.205,39.042],[44.188,39.083],[44.216,39.141],[44.098,39.206],[44.096,39.291],[44.034,39.385],[44.201,39.417],[44.316,39.387],[44.416,39.425],[44.471,39.699],[44.606,39.781],[44.835,39.621]]]}},{"type":"Feature","properties":{"icao":"OJAC","name":"FIR AMMAN","label":[36.692,31.296]},"geometry":{"type":"MultiLineString","coordinates":[[[38.986,32.478],[39.044,32.304],[39.26,32.356],[39.301,32.236],[39.005,32.006],[37.005,31.506],[38.001,30.504],[37.667,30.336],[37.503,30.002],[36.744,29.865],[36.501,29.503],[36.07,29.189],[34.961,29.361],[35.005,29.526],[34.963,29.557],[35.076,29.859],[35.102,30.044],[35.165,30.126],[35.141,30.24],[35.182,30.353],[35.155,30.436],[35.462,31.121],[35.392,31.256],[35.479,31.449],[35.478,31.497],[35.443,31.499],[35.23,31.379],[34.934,31.35],[34.888,31.383],[34.986,31.633],[35.124,31.729],[35.226,31.747],[35.22,31.808],[35.071,31.848],[35.036,31.822],[34.966,31.831],[34.963,31.859],[35.031,31.895],[34.989,31.961],[35.006,32.054],[34.962,32.2],[35.027,32.241],[35.02,32.341],[35.093,32.481],[35.223,32.552],[35.269,32.52],[35.404,32.508],[35.432,32.416],[35.553,32.394],[35.578,32.491],[35.553,32.518],[35.578,32.556],[35.564,32.652],[35.796,32.754],[35.929,32.722],[35.968,32.664],[36.031,32.657],[36.082,32.517],[36.197,32.533],[36.4,32.382],[36.838,32.314],[38.795,33.378],[39.086,32.502],[38.986,32.478]]]}},{"type":"Feature","properties":{"icao":"OKAC","name":"FIR KUWAIT","label":[48.212,29.232]},"geometry":{"type":"MultiLineString","coordinates":[[[48.75,29.85],[49.667,29.217],[49.45,29],[49.667,28.733],[48.867,28.25],[48.701,28.523],[47.689,28.539],[47.603,28.635],[47.573,28.777],[47.46,28.999],[46.554,29.101],[46.703,29.251],[47.156,30],[47.371,30.104],[47.708,30.104],[48.414,29.853],[48.75,29.85]]]}},{"type":"Feature","properties":{"icao":"OLBB","name":"FIR BEIRUT","label":[35.505,33.942]},"geometry":{"type":"MultiLineString","coordinates":[[[36.389,34.634],[36.46,34.635],[36.454,34.596],[36.41,34.612],[36.403,34.56],[36.344,34.508],[36.449,34.51],[36.551,34.426],[36.533,34.372],[36.601,34.309],[36.582,34.265],[36.625,34.204],[36.504,34.064],[36.404,34.049],[36.283,33.918],[36.387,33.839],[36.246,33.86],[36.07,33.827],[35.934,33.655],[36.059,33.579],[35.941,33.528],[35.934,33.467],[35.827,33.405],[35.794,33.351],[35.625,33.276],[35.624,33.246],[35.567,33.29],[35.505,33.094],[35.355,33.062],[35.317,33.107],[34.9,33.1],[34.95,33.217],[34.814,33.321],[34.714,33.452],[34.586,33.799],[34.623,34.017],[34.795,34.296],[34.984,34.454],[35.289,34.572],[35.453,34.587],[35.631,34.56],[35.708,34.617],[35.981,34.656],[36.269,34.63],[36.322,34.692],[36.389,34.634]]]}},{"type":"Feature","properties":{"icao":"OMAE","name":"FIR EMIRATES","label":[54.109,24.332]},"geometry":{"type":"MultiLineString","coordinates":[[[56.1,26.35],[56.217,25.6],[56.583,25],[55.583,24],[55.199,22.7],[55.134,22.628],[52.582,22.936],[51.719,23.971],[53.1,25.817],[53.95,26.067],[55.333,25.633],[56.1,26.35]]]}},{"type":"Feature","properties":{"icao":"OOMM","name":"FIR MUSCAT","label":[57.603,21.091]},"geometry":{"type":"MultiLineString","coordinates":[[[61.333,24.667],[61.333,23.5],[64.5,23.5],[60,19.8],[57,17.667],[53.5,15.667],[53.118,16.647],[52.812,17.286],[52.746,17.294],[52.782,17.35],[51.999,18.999],[55,20],[55.666,22],[55.199,22.7],[55.583,24],[56.583,25],[56.217,25.6],[56.1,26.35],[56.45,26.683],[56.75,26.167],[56.75,25.583],[57.5,25],[61.333,24.667]]]}},{"type":"Feature","properties":{"icao":"OPKR","name":"FIR KARACHI","label":[66.597,26.871]},"geometry":{"type":"MultiLineString","coordinates":[[[73.265,29.553],[73.086,29.246],[72.989,29.142],[72.948,29.036],[72.39,28.785],[72.294,28.683],[72.207,28.402],[71.92,28.121],[71.897,27.962],[71.627,27.876],[71.226,27.846],[70.829,27.706],[70.738,27.731],[70.662,27.863],[70.664,27.928],[70.583,28.007],[70.487,28.046],[70.368,28.021],[70.128,27.829],[70.037,27.6],[69.867,27.409],[69.58,27.173],[69.51,26.992],[69.485,26.817],[69.509,26.75],[69.723,26.665],[69.801,26.594],[70.092,26.593],[70.184,26.536],[70.174,26.244],[70.093,26.08],[70.088,25.983],[70.129,25.902],[70.293,25.701],[70.386,25.675],[70.618,25.715],[70.675,25.685],[70.677,25.402],[70.753,25.274],[70.88,25.156],[70.942,24.936],[71.087,24.687],[71.004,24.648],[70.977,24.596],[71.006,24.458],[71.082,24.449],[71.106,24.416],[71.029,24.364],[70.928,24.362],[70.864,24.317],[70.886,24.274],[70.762,24.236],[70.628,24.251],[70.58,24.287],[70.568,24.371],[70.601,24.415],[70.567,24.436],[70.12,24.309],[70.071,24.198],[70.015,24.17],[69.724,24.171],[69.599,24.281],[69.311,24.297],[69.189,24.258],[69.08,24.297],[68.988,24.257],[68.927,24.326],[68.858,24.242],[68.825,24.333],[68.783,24.333],[68.745,24.316],[68.747,23.97],[68.391,23.967],[68.376,23.944],[68.362,23.974],[68.326,23.912],[68.291,23.944],[68.282,23.898],[68.214,23.868],[68.186,23.688],[68.111,23.602],[68.115,23.539],[68.17,23.497],[61.333,23.5],[61.333,25.097],[61.444,25.077],[61.423,25.097],[61.495,25.115],[61.517,25.155],[61.486,25.197],[61.554,25.197],[61.55,25.25],[61.611,25.198],[61.647,25.306],[61.669,25.633],[61.704,25.677],[61.686,25.795],[61.776,25.819],[61.852,26.226],[62.124,26.318],[62.141,26.383],[62.278,26.354],[62.271,26.425],[62.32,26.473],[62.31,26.503],[62.43,26.564],[62.743,26.612],[62.773,26.65],[63.176,26.631],[63.206,26.842],[63.291,26.892],[63.259,26.934],[63.253,27.084],[63.279,27.122],[63.342,27.122],[63.288,27.219],[63.206,27.267],[62.933,27.213],[62.823,27.23],[62.765,27.272],[62.796,27.286],[62.807,27.323],[62.778,27.353],[62.84,27.474],[62.822,27.76],[62.758,28],[62.781,28.267],[62.592,28.234],[62.405,28.417],[61.906,28.555],[61.581,28.881],[61.534,29.012],[61.488,29.044],[61.511,29.089],[61.425,29.155],[61.36,29.266],[61.359,29.384],[61.314,29.396],[60.866,29.864],[62.484,29.406],[63.587,29.504],[64.122,29.389],[64.193,29.487],[64.368,29.551],[64.661,29.588],[65.034,29.541],[66.257,29.852],[66.362,29.956],[66.319,29.995],[73.544,30.003],[73.397,29.943],[73.265,29.553]]]}},{"type":"Feature","properties":{"icao":"OPLR","name":"FIR LAHORE","label":[71.414,32.359]},"geometry":{"type":"MultiLineString","coordinates":[[[73.71,36.899],[73.852,36.893],[74.038,36.815],[73.873,36.75],[73.25,36.75],[73.084,36.667],[73.084,36.5],[72.917,36.333],[72.584,36.233],[72.5,36.083],[72.567,36.083],[72.584,35.85],[73.117,35.833],[73.25,35.583],[73.75,35.55],[73.717,35.25],[74.117,35.083],[74,34.833],[73.75,34.75],[73.667,34.583],[73.467,34.5],[73.417,34.4],[73.584,33.867],[73.668,33.146],[74.249,32.847],[74.584,32.717],[74.695,32.783],[74.654,32.593],[74.704,32.486],[74.744,32.465],[74.862,32.485],[74.939,32.449],[75.049,32.478],[75.31,32.354],[75.329,32.293],[75.391,32.242],[75.381,32.214],[75.329,32.209],[75.307,32.134],[75.257,32.093],[75.224,32.117],[75.194,32.074],[75.041,32.041],[74.903,32.053],[74.833,31.963],[74.605,31.877],[74.549,31.744],[74.489,31.722],[74.61,31.554],[74.598,31.489],[74.655,31.428],[74.548,31.354],[74.539,31.119],[74.557,31.076],[74.624,31.124],[74.709,31.086],[74.658,31.042],[74.561,31.046],[74.555,30.995],[74.432,30.943],[74.401,30.884],[74.317,30.889],[74.161,30.662],[74.049,30.599],[74.05,30.515],[73.996,30.505],[73.934,30.416],[73.872,30.39],[73.859,30.36],[73.934,30.314],[73.964,30.235],[73.933,30.136],[73.544,30.003],[66.319,29.995],[66.244,30.051],[66.324,30.231],[66.352,30.44],[66.282,30.575],[66.396,30.941],[66.573,30.981],[66.684,31.086],[66.723,31.212],[66.793,31.22],[66.856,31.281],[66.974,31.322],[67.047,31.313],[67.056,31.243],[67.282,31.212],[67.385,31.215],[67.778,31.332],[67.791,31.395],[67.615,31.428],[67.576,31.532],[67.732,31.529],[67.882,31.638],[67.981,31.636],[68.072,31.695],[68.166,31.833],[68.272,31.772],[68.531,31.727],[68.572,31.765],[68.437,31.787],[68.571,31.826],[68.621,31.788],[68.707,31.781],[68.728,31.704],[68.833,31.604],[69.029,31.656],[69.129,31.734],[69.224,31.871],[69.328,31.94],[69.272,32.145],[69.291,32.317],[69.248,32.444],[69.287,32.526],[69.378,32.568],[69.458,32.671],[69.395,32.774],[69.515,32.874],[69.505,33.034],[69.576,33.087],[69.701,33.078],[69.791,33.127],[69.881,33.09],[70.029,33.136],[70.068,33.205],[70.145,33.202],[70.327,33.332],[70.286,33.423],[70.168,33.521],[70.197,33.641],[70.151,33.666],[70.137,33.732],[69.986,33.753],[69.869,33.93],[69.906,34.035],[70.003,34.053],[70.491,33.943],[70.891,33.966],[70.906,34.013],[70.981,34.009],[71.082,34.056],[71.077,34.113],[71.136,34.166],[71.118,34.26],[71.159,34.348],[71.001,34.463],[70.987,34.551],[71.089,34.559],[71.092,34.672],[71.226,34.744],[71.309,34.884],[71.492,34.956],[71.538,35.02],[71.536,35.087],[71.664,35.196],[71.549,35.301],[71.649,35.425],[71.602,35.501],[71.614,35.562],[71.509,35.621],[71.545,35.711],[71.44,35.871],[71.387,35.897],[71.385,35.942],[71.189,36.036],[71.244,36.13],[71.334,36.174],[71.339,36.205],[71.413,36.22],[71.507,36.315],[71.579,36.332],[71.563,36.372],[71.633,36.466],[71.808,36.404],[71.796,36.492],[71.89,36.502],[72.07,36.586],[72.073,36.629],[72.192,36.657],[72.171,36.708],[72.219,36.727],[72.474,36.762],[72.624,36.831],[73.71,36.899]]]}},{"type":"Feature","properties":{"icao":"ORBB","name":"FIR BAGHDAD","label":[43.776,33.045]},"geometry":{"type":"MultiLineString","coordinates":[[[42.791,37.385],[42.956,37.322],[43.15,37.378],[43.279,37.316],[43.357,37.331],[43.495,37.25],[43.791,37.232],[43.834,37.205],[43.911,37.224],[44.014,37.321],[44.116,37.316],[44.262,37.242],[44.268,37.167],[44.193,37.1],[44.255,36.987],[44.317,36.971],[44.351,37.048],[44.436,37.063],[44.638,37.187],[44.775,37.166],[44.785,37.085],[44.91,37.024],[44.884,36.962],[44.907,36.888],[44.849,36.798],[45.013,36.754],[45.067,36.681],[45.015,36.535],[45.094,36.424],[45.239,36.431],[45.279,36.381],[45.273,36.309],[45.303,36.281],[45.276,36.258],[45.32,36.238],[45.32,36.156],[45.368,36.086],[45.332,36.014],[45.349,35.991],[45.506,36.021],[45.558,36.002],[45.663,35.941],[45.766,35.812],[46.087,35.866],[46.182,35.804],[46.344,35.822],[46.334,35.777],[46.269,35.728],[46.022,35.68],[46.024,35.58],[45.98,35.585],[46.006,35.538],[45.984,35.502],[46.146,35.314],[46.122,35.24],[46.19,35.222],[46.153,35.161],[46.171,35.113],[46.039,35.058],[45.934,35.099],[45.922,35.054],[45.879,35.035],[45.896,34.964],[45.868,34.904],[45.772,34.914],[45.766,34.846],[45.689,34.815],[45.651,34.727],[45.708,34.659],[45.722,34.557],[45.615,34.56],[45.525,34.603],[45.526,34.502],[45.436,34.449],[45.488,34.336],[45.536,34.351],[45.584,34.309],[45.547,34.188],[45.567,34.151],[45.469,34.079],[45.458,34.021],[45.401,33.98],[45.438,33.945],[45.508,33.942],[45.689,33.675],[45.755,33.634],[45.747,33.592],[45.907,33.637],[45.897,33.601],[45.949,33.557],[45.875,33.492],[45.997,33.496],[46.05,33.378],[46.182,33.26],[46.187,33.173],[46.047,33.101],[46.15,33.065],[46.097,33.006],[46.107,32.967],[46.424,32.937],[46.739,32.76],[47.137,32.463],[47.275,32.492],[47.356,32.476],[47.434,32.398],[47.413,32.341],[47.529,32.229],[47.508,32.154],[47.69,32.024],[47.791,31.86],[47.864,31.799],[47.697,31.408],[47.694,31.001],[48.036,30.997],[48.032,30.491],[48.16,30.427],[48.199,30.326],[48.28,30.335],[48.408,30.211],[48.388,30.137],[48.453,29.998],[48.75,29.85],[48.414,29.853],[47.708,30.104],[47.371,30.104],[47.156,30],[46.703,29.251],[46.558,29.102],[46.427,29.062],[44.722,29.198],[42.085,31.112],[41.44,31.373],[40.413,31.948],[39.197,32.155],[39.301,32.236],[39.26,32.356],[39.044,32.304],[38.986,32.478],[39.086,32.502],[38.795,33.378],[41.004,34.419],[41.229,34.788],[41.215,35.225],[41.278,35.496],[41.384,35.625],[41.378,35.839],[41.255,36.055],[41.29,36.356],[41.403,36.526],[41.835,36.599],[42.377,37.065],[42.364,37.115],[42.582,37.153],[42.727,37.356],[42.791,37.385]]]}},{"type":"Feature","properties":{"icao":"OSDI","name":"FIR DAMASCUS","label":[38.464,35.016]},"geometry":{"type":"MultiLineString","coordinates":[[[42.224,37.282],[42.29,37.283],[42.351,37.234],[42.333,37.175],[42.377,37.065],[41.835,36.599],[41.403,36.526],[41.29,36.356],[41.255,36.055],[41.378,35.839],[41.384,35.625],[41.278,35.496],[41.215,35.225],[41.229,34.788],[41.004,34.419],[38.795,33.378],[36.838,32.314],[36.4,32.382],[36.197,32.533],[36.082,32.517],[36.031,32.657],[35.968,32.664],[35.929,32.722],[35.789,32.754],[35.614,32.679],[35.602,32.713],[35.665,32.762],[35.614,32.895],[35.683,33.239],[35.624,33.246],[35.621,33.271],[35.811,33.361],[35.827,33.405],[35.948,33.481],[35.941,33.528],[36.059,33.579],[35.934,33.655],[36.07,33.827],[36.246,33.86],[36.387,33.839],[36.283,33.918],[36.404,34.049],[36.504,34.064],[36.625,34.204],[36.582,34.265],[36.601,34.309],[36.533,34.372],[36.551,34.426],[36.449,34.51],[36.344,34.508],[36.403,34.56],[36.41,34.612],[36.449,34.592],[36.46,34.625],[36.376,34.639],[36.344,34.689],[36.269,34.63],[35.981,34.656],[35.708,34.617],[35.686,34.94],[35.714,35.128],[35.686,35.345],[35.524,35.545],[35.667,35.917],[35.998,35.934],[36.017,35.878],[36.168,35.817],[36.219,35.96],[36.292,35.957],[36.305,36.006],[36.378,36],[36.393,36.234],[36.472,36.201],[36.507,36.233],[36.69,36.236],[36.653,36.329],[36.596,36.332],[36.614,36.386],[36.549,36.483],[36.59,36.546],[36.585,36.635],[36.66,36.834],[36.988,36.758],[37.043,36.714],[37.024,36.658],[37.072,36.622],[37.127,36.659],[37.48,36.644],[37.67,36.737],[37.891,36.781],[38.244,36.914],[38.514,36.858],[38.731,36.701],[39.038,36.709],[39.23,36.665],[39.826,36.756],[40.176,36.877],[40.44,37.013],[40.771,37.118],[40.93,37.13],[41.222,37.071],[41.539,37.084],[41.981,37.166],[42.083,37.208],[42.206,37.319],[42.224,37.282]]]}},{"type":"Feature","properties":{"icao":"OYSC","name":"FIR SANA A","label":[51.469,14.969]},"geometry":{"type":"MultiLineString","coordinates":[[[42.827,16.388],[42.956,16.402],[42.945,16.49],[42.992,16.522],[43.121,16.529],[43.15,16.676],[43.235,16.643],[43.212,16.71],[43.265,16.754],[43.267,16.795],[43.18,16.849],[43.138,16.918],[43.194,16.945],[43.179,17.026],[43.249,17.015],[43.227,17.075],[43.16,17.087],[43.152,17.175],[43.216,17.21],[43.203,17.26],[43.337,17.304],[43.228,17.386],[43.23,17.432],[43.257,17.458],[43.241,17.481],[43.355,17.556],[43.485,17.545],[43.683,17.367],[43.789,17.375],[43.832,17.339],[43.967,17.331],[44.011,17.402],[44.067,17.406],[44.111,17.366],[44.138,17.409],[44.366,17.433],[44.567,17.406],[44.65,17.433],[45.217,17.433],[45.4,17.333],[46.1,17.25],[46.367,17.233],[46.75,17.283],[47,16.95],[47.183,16.95],[47.467,17.117],[47.6,17.45],[48.183,18.167],[49.117,18.617],[50.783,18.789],[51.999,18.999],[52.782,17.35],[52.746,17.294],[52.812,17.286],[53.118,16.647],[53.5,15.667],[57,17.667],[60,19.8],[60,12],[51.583,12],[50.767,12.183],[44.183,11.75],[44.05,12.167],[43.2,12.75],[42.417,14],[42.017,14.9],[41.5,15.633],[41.871,15.781],[42,16],[41.783,16.29],[42.15,16.404],[42.827,16.388]]]}},{"type":"Feature","properties":{"icao":"PAZA","name":"FIR ANCHORAGE ARCTIC","label":[204.568,80.568]},"geometry":{"type":"MultiLineString","coordinates":[[[219,90],[219,72],[202,72],[191,68],[191,90],[219,90]]]}},{"type":"Feature","properties":{"icao":"PAZN","name":"FIR ANCHORAGE CONTINENTAL","label":[175.853,54.341]},"geometry":{"type":"MultiLineString","coordinates":[[[180,50.47],[173.733,51.083],[170,51.5],[170.2,54.817],[180,60]]]}},{"type":"Feature","properties":{"icao":"PAZN","name":"FIR ANCHORAGE CONTINENTAL","label":[202.504,61.019]},"geometry":{"type":"MultiLineString","coordinates":[[[219.213,60.27],[219.479,60.222],[219.549,60.31],[220.021,60.188],[220.323,60.341],[220.932,60.352],[220.811,60.089],[220.952,59.997],[221.31,59.907],[221.392,59.762],[222.402,59.242],[222.507,58.991],[222.479,58.917],[222.554,58.911],[223.177,59.158],[223.424,59.17],[223.542,59.281],[223.536,59.466],[223.706,59.471],[223.776,59.543],[223.658,59.604],[224.061,59.667],[224.517,59.8],[224.986,59.567],[224.979,59.471],[224.908,59.427],[225.011,59.39],[224.984,59.348],[225.048,59.28],[225.312,59.243],[225.328,59.2],[225.434,59.131],[225.539,59.127],[225.621,59.049],[225.605,58.983],[225.689,58.964],[225.668,58.93],[225.754,58.857],[226.173,58.726],[226.317,58.596],[226.57,58.459],[226.612,58.412],[226.57,58.36],[226.639,58.281],[226.863,58.136],[226.929,58.012],[227.118,57.864],[227.773,57.205],[227.663,57.088],[227.973,57.036],[227.897,56.867],[228.139,56.8],[228.116,56.745],[228.173,56.679],[228.176,56.597],[228.442,56.602],[228.945,56.398],[229.226,56.366],[229.373,56.259],[229.538,56.235],[229.586,56.129],[229.771,56.09],[229.911,56.118],[229.985,56.026],[229.985,55.909],[229.825,55.754],[229.878,55.655],[229.856,55.541],[230.009,55.282],[229.899,55.228],[229.769,55.035],[229.64,54.908],[229.349,54.766],[229.382,54.71],[227.417,54.667],[224,54],[225,52.717],[208.25,56.767],[207,56],[200,53.5],[192.183,51.4],[183.433,50.133],[180,50.467]],[[180,60],[187.8,64.05],[191,65],[191,68],[202,72],[219,72],[218.999,60.367],[219.004,60.307],[219.213,60.27]]]}},{"type":"Feature","properties":{"icao":"PAZN","name":"FIR ANCHORAGE OCEANIC","label":[168.237,49.646]},"geometry":{"type":"MultiLineString","coordinates":[[[180,49.391],[162.917,45.7],[159,50.083],[169,54],[170.2,54.817],[170,51.5],[173.733,51.083],[180,50.469]]]}},{"type":"Feature","properties":{"icao":"PAZN","name":"FIR ANCHORAGE OCEANIC","label":[181.144,50.002]},"geometry":{"type":"MultiLineString","coordinates":[[[180,50.467],[183.433,50.133],[180,49.405]]]}},{"type":"Feature","properties":{"icao":"RCAA","name":"FIR TAIPEI","label":[121.237,23.951]},"geometry":{"type":"MultiLineString","coordinates":[[[121.5,21],[117.5,21],[117.5,23],[120,25],[124,29],[124,23.5],[121.5,21]]]}},{"type":"Feature","properties":{"icao":"RJJJ","name":"FIR FUKUOKA","label":[146.089,33.086]},"geometry":{"type":"MultiLineString","coordinates":[[[162.917,45.7],[165,43],[165,27],[155,27],[155,21],[121.5,21],[124,23.5],[124,30],[125.417,30],[126.833,32.5],[127.5,32.5],[129.167,34.667],[133,37.5],[132.997,38.003],[133.65,38.633],[135.933,40.5],[140,45.75],[142,45.75],[145.667,44.5],[145.733,44.45],[145.327,43.859],[145.412,43.641],[145.854,43.402],[145.833,43.33],[146.833,43],[150,45],[159,50.083],[162.917,45.7]]]}},{"type":"Feature","properties":{"icao":"RKRR","name":"FIR INCHEON","label":[127.351,35.359]},"geometry":{"type":"MultiLineString","coordinates":[[[133,38],[133,37.5],[129.167,34.667],[127.5,32.5],[126.833,32.5],[125.417,30],[124,30],[124,38],[124.634,38.031],[124.755,37.988],[124.824,37.769],[125.255,37.615],[125.763,37.646],[125.964,37.615],[126.178,37.725],[126.199,37.807],[126.241,37.825],[126.428,37.835],[126.569,37.768],[126.671,37.784],[126.687,37.948],[126.78,37.979],[126.991,38.218],[127.128,38.297],[127.778,38.337],[127.823,38.299],[128.08,38.312],[128.244,38.395],[128.301,38.468],[128.307,38.589],[128.417,38.633],[133.65,38.633],[133,38]]]}},{"type":"Feature","properties":{"icao":"RPHI","name":"FIR MANILA","label":[122.871,12.72]},"geometry":{"type":"MultiLineString","coordinates":[[[130,7],[132.533,4],[120,4],[117.5,7.5],[116.5,8.417],[114,10.5],[114,16.667],[117.5,21],[130,21],[130,7]]]}},{"type":"Feature","properties":{"icao":"SACF","name":"FIR CORDOBA","label":[295.219,-27.776]},"geometry":{"type":"MultiLineString","coordinates":[[[295.22,-33.139],[294.926,-32.967],[294.759,-32.929],[294.42,-32.956],[294.118,-33.113],[292.752,-30.88],[290.341,-28.502],[290.346,-28.397],[290.472,-28.309],[290.526,-28.188],[290.591,-28.209],[290.707,-28.028],[290.697,-28],[290.816,-27.962],[290.894,-27.718],[290.936,-27.695],[290.918,-27.642],[290.989,-27.528],[290.995,-27.455],[291.097,-27.363],[291.136,-27.285],[291.125,-27.227],[291.191,-27.117],[291.305,-27.104],[291.42,-27.166],[291.499,-27.071],[291.686,-27.038],[291.706,-26.888],[291.418,-26.502],[291.438,-26.297],[291.604,-26.153],[291.506,-25.729],[291.447,-25.643],[291.459,-25.564],[291.402,-25.476],[291.5,-25.174],[291.537,-25.137],[291.649,-25.12],[291.578,-25.03],[291.547,-24.902],[291.456,-24.87],[291.43,-24.807],[291.511,-24.603],[291.558,-24.623],[291.613,-24.498],[291.694,-24.489],[291.75,-24.393],[292.666,-24.018],[292.851,-23.388],[293.001,-22.999],[292.818,-22.818],[292.879,-22.715],[292.99,-22.639],[292.979,-22.52],[293.038,-22.519],[293.075,-22.475],[293.227,-22.423],[293.265,-22.224],[293.313,-22.193],[293.374,-22.21],[293.708,-22.079],[293.779,-21.777],[293.924,-21.828],[293.96,-21.913],[294.076,-21.93],[294.254,-22.108],[294.423,-22.081],[295.013,-22.087],[295.407,-22.208],[295.463,-22.273],[295.436,-22.358],[295.57,-22.544],[295.549,-22.645],[295.642,-22.737],[295.677,-22.87],[295.748,-22.564],[295.875,-22.407],[296.061,-21.997],[296.269,-21.999],[296.301,-22.035],[296.316,-22],[297.193,-21.996],[297.212,-22.119],[297.328,-22.191],[298.002,-23.247],[298.185,-26.813],[299.393,-30.13],[299.802,-30.213],[299.25,-30.917],[299.084,-30.97],[298.82,-31.114],[298.604,-31.332],[298.483,-31.553],[298.452,-31.93],[298.016,-32.485],[298.13,-32.642],[298.129,-32.737],[298.087,-32.82],[297.908,-32.929],[297.684,-32.899],[296.717,-34.033],[295.5,-33.8],[295.477,-33.577],[295.398,-33.378],[295.22,-33.139]]]}},{"type":"Feature","properties":{"icao":"SAEF","name":"FIR EZEIZA","label":[-39.542,-41.085]},"geometry":{"type":"MultiLineString","coordinates":[[[-62.316,-32.899],[-62.112,-32.933],[-61.998,-32.895],[-61.912,-32.823],[-61.868,-32.645],[-61.906,-32.557],[-61.984,-32.484],[-61.55,-31.933],[-61.517,-31.553],[-61.393,-31.328],[-61.18,-31.114],[-60.916,-30.97],[-60.751,-30.917],[-60.201,-30.217],[-57.836,-30.679],[-57.799,-30.89],[-57.913,-30.939],[-57.854,-31.066],[-57.91,-31.144],[-57.908,-31.235],[-57.981,-31.335],[-57.992,-31.406],[-58.082,-31.474],[-57.987,-31.553],[-57.984,-31.629],[-58.041,-31.791],[-58.163,-31.841],[-58.204,-31.892],[-58.146,-31.996],[-58.184,-32.161],[-58.1,-32.259],[-58.102,-32.328],[-58.2,-32.45],[-58.132,-33.042],[-58.384,-33.102],[-58.47,-33.74],[-58.389,-33.997],[-58.264,-34.198],[-57.834,-34.583],[-57.101,-34.883],[-54.834,-36],[-53.184,-36.75],[-45.001,-40],[-44.501,-39],[-10.001,-39],[-10.001,-46],[-48.518,-46.005],[-50.751,-45.007],[-63.117,-39.283],[-70.417,-41.317],[-70.531,-41.499],[-70.655,-41.626],[-70.787,-41.719],[-70.958,-41.786],[-71.155,-41.82],[-71.344,-41.802],[-71.51,-41.75],[-71.792,-41.558],[-71.9,-41.359],[-71.837,-40.959],[-71.951,-40.733],[-71.844,-40.616],[-71.856,-40.555],[-71.792,-40.415],[-71.72,-40.428],[-71.664,-40.336],[-71.67,-40.295],[-71.703,-40.276],[-71.729,-40.301],[-71.818,-40.207],[-71.807,-40.094],[-71.659,-40.089],[-71.674,-40.016],[-71.606,-39.906],[-71.675,-39.848],[-71.706,-39.722],[-71.682,-39.675],[-71.711,-39.632],[-71.676,-39.564],[-71.616,-39.62],[-71.51,-39.619],[-71.489,-39.593],[-71.486,-39.558],[-71.541,-39.531],[-71.474,-39.479],[-71.449,-39.433],[-71.471,-39.388],[-71.402,-39.327],[-71.388,-39.234],[-71.423,-39.037],[-71.398,-38.916],[-71.227,-38.803],[-70.922,-38.739],[-70.861,-38.688],[-70.877,-38.639],[-70.825,-38.568],[-70.881,-38.499],[-64.834,-35.9],[-64.501,-33.8],[-63.284,-34.033],[-62.316,-32.899]]]}},{"type":"Feature","properties":{"icao":"SAMF","name":"FIR MENDOZA","label":[291.849,-34.013]},"geometry":{"type":"MultiLineString","coordinates":[[[290.339,-28.506],[292.75,-30.883],[294.117,-33.117],[294.418,-32.959],[294.586,-32.929],[294.924,-32.971],[295.08,-33.042],[295.218,-33.142],[295.421,-33.415],[295.477,-33.577],[295.5,-33.8],[295.167,-35.9],[289.119,-38.499],[289.029,-38.418],[288.987,-38.231],[289.002,-38.071],[288.82,-37.698],[288.828,-37.618],[288.884,-37.579],[288.892,-37.459],[288.803,-37.297],[288.861,-37.224],[288.865,-37.144],[288.921,-37.104],[288.875,-37.076],[288.854,-36.997],[288.8,-36.976],[288.878,-36.947],[288.842,-36.925],[288.86,-36.883],[288.813,-36.849],[288.865,-36.687],[288.954,-36.686],[288.962,-36.486],[289.064,-36.482],[289.112,-36.401],[289.198,-36.435],[289.292,-36.418],[289.295,-36.271],[289.436,-36.142],[289.56,-36.154],[289.629,-36.053],[289.591,-35.964],[289.626,-35.914],[289.588,-35.899],[289.662,-35.808],[289.58,-35.644],[289.603,-35.504],[289.538,-35.383],[289.581,-35.352],[289.464,-35.306],[289.431,-35.254],[289.464,-35.206],[289.632,-35.159],[289.638,-35.004],[289.736,-34.798],[289.686,-34.749],[289.747,-34.718],[289.779,-34.59],[289.952,-34.409],[289.951,-34.288],[290.107,-34.286],[290.111,-34.259],[290.185,-34.241],[290.131,-34.134],[290.151,-33.972],[290.096,-33.952],[290.117,-33.88],[290.094,-33.788],[290.153,-33.718],[290.115,-33.663],[290.131,-33.552],[290.171,-33.532],[290.226,-33.387],[290.192,-33.274],[290.081,-33.238],[290.004,-33.302],[289.901,-33.173],[289.899,-33.03],[289.965,-32.998],[290.012,-32.879],[289.851,-32.753],[289.829,-32.608],[289.871,-32.57],[289.846,-32.476],[289.761,-32.418],[289.756,-32.31],[289.683,-32.283],[289.675,-32.138],[289.62,-32.052],[289.636,-32.029],[289.737,-32.044],[289.766,-31.943],[289.703,-31.884],[289.57,-31.869],[289.523,-31.726],[289.413,-31.567],[289.458,-31.373],[289.439,-31.314],[289.471,-31.174],[289.529,-31.098],[289.554,-31.093],[289.587,-31.154],[289.672,-31.04],[289.745,-31.034],[289.672,-30.958],[289.673,-30.888],[289.793,-30.505],[289.866,-30.44],[289.837,-30.365],[289.97,-30.398],[290.056,-30.376],[290.102,-30.323],[290.13,-30.211],[290.168,-30.191],[290.141,-30.107],[290.029,-30.084],[290.081,-29.974],[290.094,-29.791],[290.085,-29.718],[290.032,-29.661],[290.039,-29.55],[289.969,-29.306],[290.092,-29.141],[290.206,-29.099],[290.205,-28.951],[290.277,-28.803],[290.255,-28.661],[290.334,-28.573],[290.339,-28.506]]]}},{"type":"Feature","properties":{"icao":"SARR","name":"FIR RESISTENCIA","label":[301.034,-27.217]},"geometry":{"type":"MultiLineString","coordinates":[[[297.405,-22.316],[297.54,-22.38],[297.614,-22.461],[297.709,-22.481],[297.76,-22.543],[297.743,-22.609],[297.81,-22.63],[297.811,-22.71],[297.971,-22.892],[298.01,-23.007],[298.218,-23.148],[298.26,-23.244],[298.483,-23.345],[298.503,-23.414],[298.705,-23.489],[298.884,-23.604],[298.884,-23.667],[298.992,-23.813],[299.079,-23.823],[299.151,-23.874],[299.386,-23.894],[299.427,-23.951],[299.714,-24.038],[299.962,-24.01],[300.527,-24.353],[300.661,-24.489],[300.932,-24.607],[301.197,-24.784],[301.549,-24.857],[301.662,-24.998],[301.779,-24.939],[302.019,-25.078],[302.129,-25.088],[302.244,-25.177],[302.36,-25.379],[302.444,-25.438],[302.425,-25.573],[302.239,-25.683],[302.258,-25.728],[302.182,-25.78],[302.196,-25.835],[302.126,-25.879],[302.15,-25.918],[302.096,-25.958],[302.144,-26.002],[301.922,-26.125],[301.89,-26.198],[301.847,-26.189],[301.896,-26.236],[301.827,-26.273],[301.837,-26.32],[301.79,-26.42],[301.817,-26.455],[301.781,-26.535],[301.832,-26.597],[301.818,-26.656],[301.76,-26.65],[301.754,-26.765],[301.714,-26.772],[301.716,-26.811],[301.654,-26.817],[301.682,-26.878],[301.522,-26.939],[301.49,-27.059],[301.454,-27.046],[301.436,-27.118],[301.347,-27.158],[301.344,-27.192],[301.401,-27.245],[301.395,-27.317],[301.78,-27.266],[302.209,-27.292],[302.374,-27.369],[302.871,-27.49],[303.091,-27.418],[303.263,-27.507],[303.327,-27.461],[303.45,-27.453],[303.622,-27.588],[303.729,-27.461],[303.732,-27.388],[303.862,-27.309],[304.102,-27.329],[304.157,-27.408],[304.264,-27.439],[304.324,-27.369],[304.404,-27.338],[304.432,-27.249],[304.398,-27.168],[304.443,-27.162],[304.46,-27.105],[304.545,-27.095],[304.586,-26.983],[304.729,-26.937],[304.871,-26.949],[304.871,-26.868],[304.949,-26.8],[305.043,-26.778],[305.076,-26.681],[305.194,-26.664],[305.221,-26.611],[305.206,-26.523],[305.307,-26.428],[305.332,-26.239],[305.367,-26.2],[305.338,-26.158],[305.359,-26.071],[305.335,-25.983],[305.399,-25.953],[305.383,-25.896],[305.414,-25.819],[305.354,-25.663],[305.415,-25.641],[305.401,-25.573],[305.462,-25.571],[305.471,-25.608],[305.547,-25.633],[305.569,-25.687],[305.62,-25.578],[305.716,-25.549],[305.753,-25.596],[305.774,-25.569],[305.817,-25.581],[305.797,-25.531],[305.844,-25.536],[305.896,-25.494],[305.886,-25.567],[305.912,-25.597],[305.927,-25.552],[305.983,-25.555],[306.033,-25.588],[306.054,-25.654],[306.113,-25.636],[306.14,-25.689],[306.122,-25.721],[306.176,-25.807],[306.175,-25.958],[306.25,-26.027],[306.27,-26.114],[306.348,-26.226],[306.343,-26.286],[306.287,-26.361],[306.299,-26.498],[306.27,-26.544],[306.272,-26.682],[306.237,-26.711],[306.301,-26.889],[306.208,-27.044],[306.192,-27.139],[306.161,-27.171],[306.122,-27.119],[306.09,-27.167],[306.045,-27.151],[306.039,-27.194],[305.996,-27.189],[305.892,-27.289],[305.819,-27.25],[305.766,-27.381],[305.712,-27.43],[305.654,-27.399],[305.635,-27.457],[305.601,-27.406],[305.539,-27.413],[305.545,-27.472],[305.457,-27.491],[305.408,-27.451],[305.378,-27.528],[305.33,-27.504],[305.317,-27.554],[305.224,-27.566],[305.189,-27.533],[305.153,-27.614],[305.098,-27.624],[305.088,-27.737],[304.996,-27.792],[304.92,-27.779],[304.981,-27.85],[304.894,-27.85],[304.868,-27.887],[304.814,-27.857],[304.745,-27.92],[304.674,-27.924],[304.552,-28.087],[304.498,-28.076],[304.441,-28.151],[304.387,-28.121],[304.321,-28.196],[304.235,-28.226],[304.235,-28.259],[304.331,-28.32],[304.307,-28.409],[304.264,-28.362],[304.109,-28.368],[304.105,-28.47],[303.982,-28.508],[303.979,-28.599],[303.8,-28.765],[303.711,-28.785],[303.692,-28.898],[303.595,-28.963],[303.576,-29.066],[303.404,-29.144],[303.304,-29.344],[303.226,-29.383],[303.177,-29.48],[303.039,-29.592],[303.027,-29.637],[302.889,-29.767],[302.714,-29.811],[302.672,-29.985],[302.507,-30.137],[302.36,-30.19],[302.374,-30.286],[302.331,-30.355],[302.113,-30.522],[302.11,-30.604],[302.164,-30.679],[299.392,-30.133],[298.183,-26.817],[298,-23.25],[297.405,-22.316]],[[297.405,-22.316],[297.372,-22.303],[297.381,-22.278],[297.405,-22.316]],[[297.381,-22.278],[297.356,-22.239],[297.381,-22.278]]]}},{"type":"Feature","properties":{"icao":"SAVF","name":"FIR COMODORO RIVADAVIA","label":[-39.902,-66.872]},"geometry":{"type":"MultiLineString","coordinates":[[[-48.517,-46.005],[-10,-46],[-10,-90],[-67.267,-90],[-67.267,-56.367],[-65.733,-56.383],[-65.733,-55.367],[-66.133,-55.167],[-66.631,-55.142],[-66.833,-55],[-67.27,-54.911],[-68.639,-54.917],[-68.619,-52.651],[-68.434,-52.381],[-68.434,-52.329],[-68.829,-52.28],[-69.234,-52.143],[-69.461,-52.144],[-69.998,-51.996],[-71.912,-51.998],[-71.963,-51.96],[-71.939,-51.899],[-71.966,-51.849],[-72.136,-51.74],[-72.286,-51.699],[-72.331,-51.587],[-72.439,-51.56],[-72.339,-51.476],[-72.309,-51.302],[-72.245,-51.244],[-72.372,-51.165],[-72.398,-51.114],[-72.341,-51.037],[-72.267,-51.017],[-72.242,-50.851],[-72.342,-50.744],[-72.294,-50.65],[-72.501,-50.603],[-72.63,-50.673],[-72.758,-50.619],[-72.906,-50.668],[-73.018,-50.749],[-73.144,-50.768],[-73.181,-50.729],[-73.178,-50.648],[-73.249,-50.576],[-73.28,-50.323],[-73.346,-50.238],[-73.532,-50.141],[-73.467,-50.007],[-73.564,-49.925],[-73.533,-49.857],[-73.444,-49.783],[-73.533,-49.69],[-73.51,-49.613],[-73.584,-49.538],[-73.53,-49.496],[-73.531,-49.431],[-73.453,-49.385],[-73.465,-49.311],[-73.135,-49.306],[-73.085,-49.273],[-73.161,-49.258],[-73.176,-49.215],[-72.988,-48.982],[-72.755,-48.928],[-72.558,-48.794],[-72.601,-48.48],[-72.408,-48.397],[-72.367,-48.346],[-72.29,-48.348],[-72.323,-48.076],[-72.515,-47.961],[-72.535,-47.909],[-72.332,-47.602],[-72.306,-47.507],[-72.359,-47.481],[-72.347,-47.445],[-72.256,-47.411],[-72.181,-47.42],[-72.084,-47.355],[-72.015,-47.274],[-72.032,-47.203],[-71.918,-47.234],[-71.865,-47.217],[-71.861,-47.142],[-71.997,-47.061],[-71.905,-47.001],[-71.961,-46.95],[-71.925,-46.851],[-71.94,-46.816],[-71.809,-46.784],[-71.682,-46.699],[-71.669,-46.548],[-71.749,-46.386],[-71.748,-46.243],[-71.906,-46.148],[-71.76,-46.114],[-71.602,-45.975],[-71.638,-45.892],[-71.759,-45.844],[-71.738,-45.79],[-71.793,-45.733],[-71.781,-45.649],[-71.733,-45.599],[-71.757,-45.563],[-71.503,-45.516],[-71.468,-45.478],[-71.506,-45.411],[-71.373,-45.369],[-71.297,-45.306],[-71.33,-45.228],[-71.454,-45.159],[-71.574,-44.979],[-71.675,-44.98],[-71.753,-44.932],[-71.884,-44.949],[-72.063,-44.906],[-72.079,-44.769],[-71.849,-44.793],[-71.778,-44.755],[-71.654,-44.783],[-71.501,-44.743],[-71.282,-44.8],[-71.224,-44.745],[-71.233,-44.663],[-71.197,-44.597],[-71.135,-44.584],[-71.108,-44.54],[-71.204,-44.427],[-71.713,-44.387],[-71.816,-44.406],[-71.855,-44.372],[-71.793,-44.319],[-71.823,-44.265],[-71.797,-44.198],[-71.853,-44.105],[-71.758,-44.072],[-71.647,-43.919],[-71.756,-43.826],[-71.738,-43.772],[-71.791,-43.782],[-71.811,-43.749],[-71.699,-43.687],[-71.703,-43.596],[-71.78,-43.548],[-71.87,-43.54],[-71.858,-43.462],[-71.947,-43.447],[-71.894,-43.323],[-71.743,-43.302],[-71.733,-43.188],[-71.836,-43.132],[-72.053,-43.105],[-72.139,-42.991],[-72.102,-42.855],[-72.139,-42.588],[-72.109,-42.525],[-72.026,-42.478],[-72.072,-42.43],[-72.048,-42.357],[-72.131,-42.282],[-72.012,-42.131],[-71.964,-42.128],[-71.914,-42.178],[-71.726,-42.097],[-71.785,-41.866],[-71.918,-41.645],[-71.84,-41.575],[-71.882,-41.506],[-71.865,-41.441],[-71.792,-41.558],[-71.683,-41.654],[-71.509,-41.75],[-71.154,-41.82],[-70.958,-41.786],[-70.787,-41.719],[-70.654,-41.626],[-70.53,-41.499],[-70.417,-41.317],[-63.117,-39.283],[-50.751,-45.007],[-48.517,-46.005]]]}},{"type":"Feature","properties":{"icao":"SBAO","name":"FIR ATLANTICO","label":[-26.442,-17.654]},"geometry":{"type":"MultiLineString","coordinates":[[[-16.733,-5.833],[-16,-6.367],[-10,-6.367],[-10,-34],[-50,-34],[-46.037,-29.542],[-44.835,-28.108],[-43.75,-26.75],[-40.959,-24.665],[-38.147,-22.434],[-39.378,-21.191],[-37.673,-18.862],[-39.012,-18.429],[-38.067,-16.726],[-37.613,-15.212],[-35.547,-11.307],[-33.818,-8.43],[-33.216,-6.799],[-31.797,-4.081],[-32.121,-3.272],[-35.461,-1.744],[-40.782,0.93],[-48,5],[-40,5],[-38.654,5.691],[-37.333,6.417],[-37.077,6.588],[-35,7.667],[-28.8,3.128],[-16.733,-5.833]]]}},{"type":"Feature","properties":{"icao":"SBAZ","name":"FIR AMAZONICA","label":[302.916,-4.988]},"geometry":{"type":"MultiLineString","coordinates":[[[299.744,-15.1],[299.723,-14.618],[299.693,-14.612],[299.518,-14.176],[299.616,-13.984],[299.529,-13.807],[299.201,-13.677],[299.023,-13.546],[298.965,-13.543],[298.94,-13.473],[298.839,-13.527],[298.754,-13.529],[298.662,-13.488],[298.507,-13.553],[298.406,-13.507],[298.166,-13.545],[298.126,-13.452],[297.89,-13.261],[297.888,-13.153],[297.84,-13.118],[297.824,-13.141],[297.777,-13.12],[297.615,-13.146],[297.526,-13.069],[297.356,-13.034],[297.313,-12.967],[297.221,-13.011],[297.074,-12.852],[297.006,-12.839],[296.925,-12.65],[296.863,-12.636],[296.759,-12.704],[296.669,-12.703],[296.584,-12.654],[296.524,-12.564],[296.328,-12.471],[296.136,-12.472],[296.066,-12.55],[295.877,-12.495],[295.846,-12.525],[295.779,-12.476],[295.719,-12.502],[295.699,-12.468],[295.606,-12.462],[295.504,-12.368],[295.515,-12.236],[295.377,-12.209],[295.32,-12.169],[295.309,-12.1],[295.264,-12.153],[295.188,-12.028],[295.008,-12.008],[294.983,-11.97],[295.005,-11.915],[294.961,-11.878],[294.937,-11.753],[294.886,-11.74],[294.879,-11.693],[294.851,-11.777],[294.797,-11.74],[294.831,-11.612],[294.776,-11.583],[294.769,-11.51],[294.679,-11.481],[294.648,-11.381],[294.674,-11.332],[294.607,-11.266],[294.639,-11.223],[294.598,-11.17],[294.666,-11.104],[294.655,-11.039],[294.699,-10.967],[294.677,-10.86],[294.591,-10.799],[294.62,-10.68],[294.563,-10.625],[294.55,-10.479],[294.687,-10.294],[294.712,-10.202],[294.663,-9.957],[294.701,-9.843],[294.61,-9.692],[294.558,-9.679],[294.507,-9.719],[294.43,-9.836],[294.296,-9.795],[294.294,-9.75],[294.236,-9.768],[294.217,-9.732],[294.197,-9.785],[294.176,-9.756],[294.137,-9.787],[294.097,-9.764],[293.964,-9.807],[293.919,-9.775],[293.892,-9.804],[293.648,-9.842],[293.57,-9.889],[293.366,-9.907],[293.352,-9.942],[293.112,-10.086],[292.919,-10.272],[292.826,-10.325],[292.676,-10.321],[292.667,-10.37],[292.582,-10.383],[292.536,-10.456],[292.417,-10.504],[292.326,-10.609],[292.297,-10.696],[292.254,-10.713],[292.154,-10.658],[291.939,-10.676],[291.719,-10.98],[291.609,-11.008],[291.582,-11.044],[291.483,-11.054],[291.417,-11.106],[291.242,-11.141],[291.216,-11.125],[291.219,-11.065],[291.252,-11.01],[291.214,-10.992],[291.1,-11.015],[290.605,-10.927],[290.269,-10.965],[290.219,-10.923],[290.071,-10.914],[289.846,-11.03],[289.671,-11.069],[289.569,-11.032],[289.467,-10.932],[289.369,-11.009],[289.372,-9.836],[289.469,-9.726],[289.385,-9.565],[289.431,-9.57],[289.424,-9.528],[289.485,-9.428],[289.407,-9.444],[289.118,-9.67],[288.998,-9.815],[288.864,-9.861],[288.816,-9.937],[288.701,-9.996],[288.661,-9.973],[288.632,-10.004],[287.856,-10.005],[287.814,-10.004],[287.85,-9.889],[287.827,-9.814],[287.729,-9.747],[287.748,-9.66],[287.703,-9.606],[287.702,-9.536],[287.634,-9.494],[287.466,-9.486],[287.27,-9.413],[286.795,-9.407],[286.916,-9.244],[286.976,-9.221],[286.979,-9.171],[287.034,-9.143],[287.036,-8.983],[286.937,-8.899],[286.83,-8.71],[286.727,-8.676],[286.657,-8.607],[286.655,-8.475],[286.467,-8.356],[286.355,-8.024],[286.228,-7.948],[286.215,-7.875],[286.286,-7.872],[286.296,-7.779],[286.171,-7.728],[285.989,-7.541],[286.045,-7.524],[286.072,-7.456],[286.027,-7.346],[286.107,-7.375],[286.297,-7.307],[286.28,-7.223],[286.193,-7.101],[286.256,-6.877],[286.647,-6.577],[286.808,-6.553],[286.876,-6.447],[286.837,-6.207],[286.77,-6.094],[286.874,-5.868],[287.037,-5.654],[287.057,-5.543],[287.037,-5.458],[287.116,-5.258],[287.082,-5.151],[287.259,-5.051],[287.375,-5.054],[287.391,-5.001],[287.594,-4.879],[287.625,-4.784],[287.871,-4.694],[287.933,-4.606],[287.972,-4.612],[288.098,-4.518],[288.309,-4.474],[288.355,-4.509],[288.377,-4.476],[288.393,-4.498],[288.489,-4.481],[288.529,-4.438],[288.618,-4.431],[288.646,-4.457],[288.705,-4.434],[288.709,-4.383],[288.767,-4.375],[288.8,-4.411],[288.831,-4.358],[288.871,-4.399],[288.917,-4.364],[288.989,-4.382],[289.011,-4.341],[289.05,-4.381],[289.169,-4.234],[289.165,-4.188],[289.234,-4.146],[289.316,-4.173],[289.38,-4.115],[289.371,-4.157],[289.416,-4.196],[289.455,-4.139],[289.488,-4.18],[289.567,-4.132],[289.64,-4.166],[289.676,-4.137],[289.693,-4.245],[289.798,-4.332],[289.893,-4.253],[289.981,-4.339],[290.05,-4.263],[290.539,-1.496],[290.621,-1.35],[290.62,-1.187],[290.561,-1.084],[290.565,-0.994],[290.471,-0.924],[290.438,-0.808],[290.385,-0.751],[290.427,-0.637],[290.392,-0.517],[290.254,-0.452],[290.148,-0.335],[290.072,-0.309],[289.942,-0.157],[289.956,0.591],[290.202,0.6],[290.322,0.679],[290.392,0.646],[290.433,0.701],[290.536,0.74],[290.65,0.637],[290.706,0.668],[290.713,0.621],[290.875,0.645],[290.817,0.724],[290.86,0.867],[290.797,0.907],[290.807,0.952],[290.73,1.038],[290.656,1.075],[290.579,1.026],[290.554,1.062],[290.398,1.081],[290.295,1.059],[290.235,1.096],[290.158,1.062],[290.154,1.71],[290.213,1.706],[290.283,1.748],[290.369,1.738],[290.444,1.784],[290.622,1.726],[291.847,1.724],[291.824,1.763],[291.767,1.776],[291.771,1.823],[291.723,1.838],[291.813,2.02],[291.829,1.974],[291.911,1.934],[291.995,1.763],[292.085,1.745],[292.217,1.807],[292.418,2.056],[292.582,2.142],[292.665,2.111],[292.927,1.625],[292.923,1.173],[293.13,1.221],[293.688,0.751],[293.814,0.765],[293.876,0.734],[293.932,0.787],[294.029,0.804],[294.129,0.908],[294.259,0.982],[294.41,0.989],[294.475,0.931],[294.493,0.862],[294.416,0.719],[294.452,0.654],[294.511,0.66],[294.564,0.695],[294.61,0.831],[294.685,0.919],[294.812,0.929],[294.879,1.134],[294.983,1.134],[295.179,1.281],[295.281,1.251],[295.412,1.336],[295.464,1.43],[295.611,1.514],[295.65,1.484],[295.614,1.41],[295.654,1.364],[295.721,1.463],[295.918,1.628],[295.948,1.891],[295.991,1.945],[296.072,1.979],[296.217,1.973],[296.395,2.107],[296.599,2.146],[296.642,2.27],[296.654,2.406],[296.629,2.423],[296.333,2.446],[296.188,2.425],[295.963,2.471],[296.012,2.724],[295.921,2.924],[295.782,3.123],[295.794,3.258],[295.763,3.427],[295.809,3.505],[295.809,3.594],[295.679,3.733],[295.462,3.863],[295.352,3.993],[295.282,4.153],[295.204,4.193],[295.205,4.281],[295.342,4.247],[295.418,4.122],[295.664,4.154],[295.87,4.113],[295.944,3.911],[295.982,3.886],[296.159,3.96],[296.221,3.931],[296.392,3.944],[296.463,3.871],[296.518,3.858],[296.577,3.966],[296.657,3.961],[296.754,3.904],[297.013,3.601],[297.125,3.56],[297.225,3.607],[297.267,3.682],[297.219,3.902],[297.254,4.032],[297.445,4.027],[297.464,4.124],[297.562,4.184],[297.851,4.093],[298.004,4.17],[298.151,4.161],[298.243,4.247],[298.451,4.252],[298.488,4.298],[298.501,4.403],[298.718,4.451],[298.693,4.523],[298.842,4.493],[299.011,4.518],[299.115,4.712],[299.288,4.781],[299.42,4.947],[299.348,5.178],[299.27,5.205],[299.398,5.213],[299.554,5.175],[299.604,5.214],[299.689,5.199],[299.799,5.274],[299.832,5.231],[299.884,5.247],[299.919,5.162],[300.029,5.084],[299.974,4.707],[299.921,4.608],[299.848,4.573],[299.852,4.517],[300.065,4.508],[300.099,4.473],[300.134,4.49],[300.324,4.389],[300.269,4.293],[300.271,4.211],[300.295,4.167],[300.364,4.146],[300.349,4.077],[300.416,3.972],[300.484,3.942],[300.416,3.894],[300.404,3.79],[300.332,3.761],[300.332,3.7],[300.151,3.596],[300.19,3.491],[300.166,3.427],[300.187,3.435],[300.19,3.362],[300.095,3.204],[300.099,3.126],[300.05,3.072],[300.01,2.823],[300.011,2.687],[300.107,2.457],[300.099,2.377],[300.27,2.278],[300.248,1.865],[300.366,1.846],[300.327,1.763],[300.366,1.727],[300.473,1.717],[300.586,1.563],[300.679,1.52],[300.758,1.384],[301.072,1.303],[301.101,1.23],[301.193,1.186],[301.274,1.229],[301.305,1.287],[301.497,1.276],[301.533,1.344],[301.498,1.455],[301.618,1.479],[301.621,1.534],[301.688,1.603],[301.747,1.566],[301.832,1.566],[301.872,1.518],[301.991,1.514],[302.023,1.66],[302.085,1.642],[302.246,1.721],[302.446,1.701],[302.551,1.814],[302.58,1.913],[302.697,1.981],[302.763,1.947],[302.911,2.023],[302.989,1.926],[303.095,1.929],[303.121,1.893],[303.217,1.872],[303.276,1.921],[303.378,1.94],[303.446,1.903],[303.529,1.945],[303.963,1.837],[304.053,1.853],[304.101,1.902],[304.099,2.045],[303.964,2.177],[303.957,2.233],[303.862,2.267],[303.911,2.355],[303.955,2.344],[304.008,2.407],[304.034,2.533],[304.29,2.399],[304.415,2.438],[304.62,2.428],[304.677,2.517],[304.759,2.499],[304.862,2.574],[304.888,2.527],[305.052,2.618],[305.028,2.555],[305.132,2.44],[305.194,2.436],[305.24,2.471],[305.311,2.454],[305.316,2.403],[305.287,2.384],[305.307,2.327],[305.453,2.318],[305.485,2.29],[305.462,2.266],[305.536,2.211],[305.634,2.209],[305.672,2.164],[305.751,2.147],[305.819,2.173],[305.877,2.114],[305.921,2.136],[305.942,2.194],[305.987,2.181],[306.059,2.219],[306.068,2.272],[306.113,2.268],[306.255,2.374],[306.281,2.344],[306.266,2.312],[306.47,2.249],[306.541,2.258],[306.672,2.353],[306.783,2.253],[306.728,2.185],[306.895,2.223],[306.947,2.186],[307.052,2.178],[307.153,2.286],[307.325,2.374],[307.438,2.524],[307.461,2.583],[307.436,2.639],[307.467,2.65],[307.561,2.878],[307.604,2.902],[307.589,2.934],[307.666,3.07],[307.655,3.157],[307.722,3.239],[307.78,3.26],[308.001,3.619],[308.022,3.708],[308.068,3.727],[308.069,3.773],[308.205,3.891],[308.251,4],[308.346,4.059],[308.386,4.17],[308.388,4.413],[312,5],[319.218,0.93],[317.476,-4.177],[316.842,-4.485],[316.614,-4.703],[315.797,-5.936],[315.203,-6.304],[314.22,-8.144],[313.328,-8.86],[312.312,-10.29],[312.299,-10.16],[312.194,-9.914],[311.995,-9.724],[311.836,-9.652],[311.632,-9.621],[311.347,-9.686],[311.125,-9.853],[311.008,-10.044],[310.853,-10.607],[309.11,-10.343],[306.949,-12.184],[306.499,-12.96],[306.373,-14.562],[306.899,-16.709],[305.915,-17.424],[305.309,-17.571],[302.287,-17.833],[302.235,-17.549],[301.621,-17.262],[301.532,-16.769],[301.673,-16.333],[301.612,-16.289],[301.556,-16.33],[299.84,-16.263],[299.773,-15.479],[299.435,-15.105],[299.744,-15.1]]]}},{"type":"Feature","properties":{"icao":"SBBS","name":"FIR BRASILIA","label":[311.846,-16.603]},"geometry":{"type":"MultiLineString","coordinates":[[[312.312,-10.29],[313.109,-12.022],[314.392,-13.322],[314.979,-14.199],[315.423,-14.785],[315.905,-15.627],[317.174,-16.375],[317.321,-16.409],[318.285,-17.014],[318.077,-17.587],[317.479,-18.618],[317.552,-18.758],[317.501,-19.08],[317.521,-19.463],[317.5,-19.711],[317.406,-20.461],[316.641,-20.22],[316.481,-20.393],[316.231,-20.503],[315.936,-20.509],[314.236,-22.786],[314.14,-23.233],[313.615,-23.406],[313.077,-23.488],[312.114,-22.977],[311.425,-22.454],[311.451,-22.211],[311.341,-22.083],[310.805,-21.875],[309.4,-20.697],[308.448,-19.566],[306.899,-16.709],[306.373,-14.562],[306.499,-12.96],[306.949,-12.184],[309.11,-10.343],[310.853,-10.607],[311.008,-10.044],[311.125,-9.853],[311.347,-9.686],[311.632,-9.621],[311.836,-9.652],[311.995,-9.724],[312.194,-9.914],[312.299,-10.16],[312.312,-10.29]]]}},{"type":"Feature","properties":{"icao":"SBCW","name":"FIR CURITIBA","label":[308.534,-25.879]},"geometry":{"type":"MultiLineString","coordinates":[[[308.448,-19.566],[309.4,-20.697],[310.805,-21.875],[311.341,-22.083],[311.451,-22.211],[311.425,-22.454],[312.114,-22.977],[313.077,-23.488],[313.615,-23.406],[314.14,-23.233],[314.236,-22.786],[315.936,-20.509],[316.231,-20.503],[316.481,-20.393],[316.641,-20.22],[317.992,-20.623],[318.949,-20.422],[319.18,-20.695],[319.433,-20.902],[319.748,-20.947],[320.321,-20.884],[321.853,-22.434],[319.041,-24.665],[316.25,-26.75],[315.165,-28.108],[313.963,-29.542],[310,-34],[307,-34],[306.58,-33.729],[306.566,-33.688],[306.47,-33.673],[306.499,-33.428],[306.47,-33.212],[306.49,-33.116],[306.695,-32.963],[306.713,-32.889],[306.907,-32.73],[306.814,-32.637],[306.591,-32.566],[306.447,-32.446],[306.37,-32.361],[306.362,-32.266],[306.254,-32.055],[306.181,-32.037],[306.084,-31.943],[305.933,-31.875],[305.856,-31.911],[305.537,-31.673],[305.527,-31.577],[305.412,-31.463],[305.157,-31.423],[304.983,-31.271],[304.921,-31.329],[304.764,-31.245],[304.578,-30.963],[304.418,-30.846],[304.364,-30.856],[304.358,-30.942],[304.283,-30.942],[304.163,-31.074],[303.991,-31.08],[304.024,-30.854],[303.998,-30.796],[303.816,-30.597],[303.633,-30.483],[303.432,-30.299],[303.373,-30.29],[303.365,-30.232],[303.189,-30.105],[302.934,-30.106],[302.859,-30.18],[302.85,-30.243],[302.78,-30.293],[302.674,-30.266],[302.601,-30.301],[302.572,-30.27],[302.472,-30.274],[302.392,-30.185],[302.507,-30.137],[302.672,-29.985],[302.684,-29.863],[302.726,-29.8],[302.889,-29.767],[303.027,-29.637],[303.039,-29.592],[303.177,-29.48],[303.226,-29.383],[303.304,-29.344],[303.404,-29.144],[303.569,-29.074],[303.595,-28.963],[303.692,-28.898],[303.711,-28.785],[303.8,-28.765],[303.979,-28.599],[303.982,-28.508],[304.105,-28.47],[304.109,-28.368],[304.264,-28.362],[304.307,-28.409],[304.331,-28.32],[304.235,-28.259],[304.235,-28.226],[304.321,-28.196],[304.387,-28.121],[304.441,-28.151],[304.498,-28.076],[304.552,-28.087],[304.674,-27.924],[304.745,-27.92],[304.814,-27.857],[304.868,-27.887],[304.894,-27.85],[304.981,-27.85],[304.92,-27.779],[304.996,-27.792],[305.088,-27.737],[305.098,-27.624],[305.153,-27.614],[305.189,-27.533],[305.224,-27.566],[305.317,-27.554],[305.33,-27.504],[305.378,-27.528],[305.408,-27.451],[305.457,-27.491],[305.545,-27.472],[305.539,-27.413],[305.601,-27.406],[305.642,-27.457],[305.654,-27.399],[305.707,-27.432],[305.766,-27.381],[305.819,-27.25],[305.851,-27.289],[305.908,-27.283],[305.996,-27.189],[306.039,-27.194],[306.041,-27.154],[306.09,-27.167],[306.122,-27.119],[306.165,-27.17],[306.301,-26.889],[306.237,-26.711],[306.272,-26.682],[306.27,-26.544],[306.299,-26.498],[306.287,-26.361],[306.35,-26.256],[306.255,-26.036],[306.173,-25.953],[306.176,-25.807],[306.122,-25.721],[306.14,-25.689],[306.11,-25.632],[306.054,-25.654],[306.033,-25.588],[305.983,-25.555],[305.927,-25.552],[305.912,-25.597],[305.886,-25.567],[305.896,-25.494],[305.844,-25.536],[305.797,-25.531],[305.817,-25.581],[305.774,-25.569],[305.753,-25.596],[305.716,-25.549],[305.62,-25.578],[305.569,-25.687],[305.547,-25.633],[305.471,-25.608],[305.462,-25.571],[305.401,-25.573],[305.383,-25.438],[305.577,-25.143],[305.547,-25.011],[305.686,-24.622],[305.669,-24.493],[305.751,-24.354],[305.662,-24.144],[305.757,-24.052],[305.64,-23.983],[305.581,-23.906],[305.372,-23.804],[304.969,-23.994],[304.811,-24.02],[304.595,-23.964],[304.558,-23.701],[304.478,-23.603],[304.464,-23.464],[304.498,-23.391],[304.45,-23.319],[304.477,-23.242],[304.462,-23.149],[304.411,-23.122],[304.412,-23.045],[304.371,-22.993],[304.351,-22.811],[304.392,-22.732],[304.391,-22.634],[304.287,-22.57],[304.257,-22.4],[304.15,-22.289],[304.136,-22.318],[304.011,-22.273],[303.91,-22.294],[303.794,-22.274],[303.642,-22.163],[303.597,-22.066],[303.492,-22.096],[303.437,-22.191],[303.356,-22.235],[303.358,-22.266],[303.293,-22.215],[303.27,-22.258],[303.196,-22.247],[303.166,-22.298],[303.124,-22.285],[303.118,-22.239],[303.095,-22.263],[303.048,-22.258],[303.047,-22.234],[302.902,-22.24],[302.897,-22.213],[302.817,-22.214],[302.793,-22.186],[302.756,-22.214],[302.629,-22.218],[302.449,-22.163],[302.405,-22.182],[302.349,-22.097],[302.269,-22.097],[302.172,-22.145],[302.015,-22.092],[302.077,-21.895],[302.042,-21.853],[302.058,-21.76],[302.108,-21.689],[302.064,-21.642],[302.091,-21.584],[302.046,-21.511],[302.15,-21.337],[302.092,-21.287],[302.162,-21.201],[302.143,-21.056],[302.186,-20.972],[302.08,-20.908],[302.143,-20.839],[302.057,-20.794],[302.143,-20.739],[302.08,-20.668],[302.021,-20.711],[301.991,-20.515],[302.009,-20.441],[301.914,-20.371],[301.906,-20.276],[301.857,-20.28],[301.838,-20.244],[301.879,-20.196],[301.84,-20.181],[301.974,-20.069],[302.094,-20.033],[302.151,-19.979],[301.879,-19.741],[302.223,-19.048],[302.295,-19.044],[302.28,-18.914],[302.231,-18.903],[302.444,-18.253],[302.544,-18.239],[302.542,-18.206],[302.479,-18.204],[302.432,-18.137],[302.287,-17.833],[305.309,-17.571],[305.915,-17.424],[306.899,-16.709],[308.448,-19.566]]]}},{"type":"Feature","properties":{"icao":"SBRE","name":"FIR RECIFE","label":[320.197,-9.328]},"geometry":{"type":"MultiLineString","coordinates":[[[322.327,-18.862],[320.622,-21.191],[320.321,-20.884],[319.748,-20.947],[319.433,-20.902],[319.18,-20.695],[318.949,-20.422],[317.992,-20.623],[317.406,-20.461],[317.5,-19.711],[317.521,-19.463],[317.501,-19.08],[317.552,-18.758],[317.479,-18.618],[318.077,-17.587],[318.285,-17.014],[317.321,-16.409],[317.174,-16.375],[315.905,-15.627],[315.423,-14.785],[314.979,-14.199],[314.392,-13.322],[313.109,-12.022],[312.312,-10.29],[313.328,-8.86],[314.22,-8.144],[315.203,-6.304],[315.797,-5.936],[316.614,-4.703],[316.842,-4.485],[317.476,-4.177],[319.218,0.93],[324.539,-1.744],[327.879,-3.272],[328.203,-4.081],[326.784,-6.799],[326.182,-8.43],[324.453,-11.307],[322.387,-15.212],[321.933,-16.726],[320.988,-18.429],[322.327,-18.862]]]}},{"type":"Feature","properties":{"icao":"SCCZ","name":"FIR PUNTA ARENAS","label":[281.099,-69.081]},"geometry":{"type":"MultiLineString","coordinates":[[[288.145,-47.188],[288.109,-47.234],[287.968,-47.203],[287.985,-47.274],[287.916,-47.355],[287.838,-47.413],[287.707,-47.42],[287.64,-47.47],[287.694,-47.507],[287.668,-47.602],[287.464,-47.921],[287.514,-47.983],[287.677,-48.076],[287.684,-48.287],[287.713,-48.342],[287.633,-48.346],[287.592,-48.397],[287.399,-48.48],[287.449,-48.724],[287.436,-48.804],[287.245,-48.928],[287.012,-48.982],[286.824,-49.215],[286.839,-49.258],[286.917,-49.269],[286.865,-49.306],[286.535,-49.311],[286.547,-49.385],[286.469,-49.431],[286.47,-49.496],[286.418,-49.532],[286.49,-49.613],[286.467,-49.69],[286.556,-49.783],[286.467,-49.857],[286.436,-49.925],[286.533,-50.007],[286.468,-50.141],[286.654,-50.238],[286.72,-50.323],[286.746,-50.559],[286.827,-50.658],[286.826,-50.745],[286.87,-50.772],[286.948,-50.762],[287.094,-50.668],[287.242,-50.619],[287.37,-50.673],[287.499,-50.603],[287.702,-50.646],[287.658,-50.744],[287.758,-50.851],[287.733,-51.017],[287.659,-51.037],[287.602,-51.114],[287.628,-51.165],[287.755,-51.244],[287.691,-51.302],[287.661,-51.476],[287.561,-51.56],[287.669,-51.587],[287.714,-51.699],[287.864,-51.74],[288.034,-51.849],[288.061,-51.899],[288.037,-51.96],[288.088,-51.998],[290.002,-51.996],[290.539,-52.144],[290.766,-52.143],[291.171,-52.28],[291.566,-52.329],[291.564,-52.382],[291.379,-52.643],[291.361,-54.917],[292.73,-54.911],[293.167,-55],[293.369,-55.142],[293.867,-55.167],[294.267,-55.367],[294.267,-56.383],[292.733,-56.367],[292.733,-90],[270,-90],[270,-47],[288.095,-47.001],[288.003,-47.061],[288.136,-47.138],[288.145,-47.188]]]}},{"type":"Feature","properties":{"icao":"SCEZ","name":"FIR SANTIAGO","label":[279.828,-33.45]},"geometry":{"type":"MultiLineString","coordinates":[[[290.05,-29.197],[290.021,-29.208],[290.029,-29.25],[289.973,-29.282],[289.965,-29.349],[290.039,-29.55],[290.032,-29.661],[290.085,-29.718],[290.094,-29.791],[290.081,-29.974],[290.029,-30.084],[290.141,-30.107],[290.168,-30.191],[290.13,-30.211],[290.102,-30.323],[290.056,-30.376],[289.97,-30.398],[289.837,-30.365],[289.866,-30.44],[289.793,-30.505],[289.673,-30.888],[289.672,-30.958],[289.745,-31.034],[289.672,-31.04],[289.597,-31.149],[289.542,-31.089],[289.479,-31.159],[289.412,-31.562],[289.523,-31.726],[289.57,-31.869],[289.703,-31.884],[289.766,-31.943],[289.737,-32.044],[289.636,-32.029],[289.62,-32.052],[289.675,-32.138],[289.683,-32.283],[289.756,-32.31],[289.761,-32.418],[289.846,-32.476],[289.871,-32.57],[289.829,-32.608],[289.851,-32.753],[290.012,-32.879],[289.965,-32.998],[289.899,-33.03],[289.901,-33.173],[290.004,-33.302],[290.094,-33.237],[290.202,-33.286],[290.223,-33.4],[290.171,-33.532],[290.131,-33.552],[290.115,-33.663],[290.153,-33.718],[290.094,-33.788],[290.117,-33.88],[290.096,-33.952],[290.151,-33.972],[290.131,-34.134],[290.188,-34.236],[290.111,-34.259],[290.107,-34.286],[289.951,-34.288],[289.952,-34.409],[289.779,-34.59],[289.747,-34.718],[289.686,-34.749],[289.736,-34.798],[289.638,-35.004],[289.632,-35.159],[289.464,-35.206],[289.432,-35.248],[289.45,-35.297],[289.581,-35.352],[289.538,-35.383],[289.603,-35.504],[289.58,-35.644],[289.662,-35.808],[289.588,-35.899],[289.626,-35.914],[289.591,-35.964],[289.629,-36.053],[289.56,-36.154],[289.436,-36.142],[289.295,-36.271],[289.292,-36.418],[289.198,-36.435],[289.112,-36.401],[289.064,-36.482],[288.962,-36.486],[288.954,-36.686],[288.865,-36.687],[288.815,-36.842],[288.878,-36.947],[288.8,-36.976],[288.854,-36.997],[288.875,-37.076],[288.921,-37.104],[288.865,-37.144],[288.861,-37.224],[288.803,-37.297],[288.892,-37.459],[288.884,-37.579],[288.828,-37.618],[288.82,-37.698],[289.002,-38.071],[288.987,-38.231],[289.029,-38.418],[289.119,-38.499],[270,-38.5],[270,-28.5],[290.339,-28.506],[290.334,-28.573],[290.255,-28.661],[290.277,-28.803],[290.205,-28.951],[290.206,-29.099],[290.092,-29.141],[290.05,-29.197]]]}},{"type":"Feature","properties":{"icao":"SCFZ","name":"FIR ANTOFAGASTA","label":[280.838,-23.403]},"geometry":{"type":"MultiLineString","coordinates":[[[290.516,-17.636],[290.669,-17.79],[290.701,-17.973],[290.741,-17.956],[290.861,-18.028],[290.925,-18.022],[290.925,-18.077],[290.85,-18.156],[290.939,-18.323],[290.924,-18.389],[290.976,-18.477],[290.97,-18.644],[291.067,-18.883],[291.021,-18.946],[291.105,-19.07],[291.179,-19.096],[291.316,-19.207],[291.349,-19.277],[291.453,-19.322],[291.563,-19.43],[291.519,-19.444],[291.3,-19.73],[291.457,-19.84],[291.477,-19.916],[291.426,-20.058],[291.215,-20.098],[291.23,-20.135],[291.29,-20.149],[291.274,-20.231],[291.332,-20.328],[291.25,-20.362],[291.243,-20.407],[291.303,-20.5],[291.533,-20.629],[291.435,-20.73],[291.442,-20.896],[291.5,-20.939],[291.579,-20.939],[291.811,-21.297],[291.811,-21.606],[291.897,-21.753],[291.916,-21.967],[292.055,-22.102],[292.033,-22.163],[292.078,-22.268],[292.052,-22.334],[292.152,-22.549],[292.124,-22.828],[292.207,-22.878],[292.421,-22.901],[292.816,-22.822],[292.999,-23.003],[292.849,-23.392],[292.664,-24.022],[291.748,-24.396],[291.692,-24.493],[291.611,-24.502],[291.556,-24.626],[291.506,-24.612],[291.428,-24.811],[291.455,-24.874],[291.545,-24.905],[291.576,-25.034],[291.648,-25.123],[291.535,-25.141],[291.498,-25.177],[291.4,-25.48],[291.457,-25.567],[291.445,-25.646],[291.504,-25.733],[291.602,-26.156],[291.436,-26.301],[291.416,-26.505],[291.704,-26.892],[291.684,-27.042],[291.497,-27.075],[291.418,-27.17],[291.303,-27.108],[291.189,-27.121],[291.123,-27.231],[291.134,-27.288],[291.095,-27.367],[290.993,-27.459],[290.987,-27.532],[290.916,-27.646],[290.934,-27.699],[290.892,-27.722],[290.814,-27.966],[290.696,-28.004],[290.706,-28.031],[290.59,-28.213],[290.524,-28.191],[290.47,-28.312],[290.345,-28.401],[290.339,-28.506],[270,-28.5],[270,-18.35],[289.595,-18.349],[289.644,-18.32],[289.859,-18.323],[290.034,-18.256],[290.159,-18.129],[290.23,-17.969],[290.149,-17.749],[290.185,-17.652],[290.316,-17.664],[290.5,-17.505],[290.516,-17.636]]]}},{"type":"Feature","properties":{"icao":"SCIZ","name":"FIR ISLA DE PASCUA","label":[250.351,-54.201]},"geometry":{"type":"MultiLineString","coordinates":[[[270,-90],[229,-90],[229,-30],[240,-30],[240,-15],[270,-15],[270,-90]]]}},{"type":"Feature","properties":{"icao":"SCTZ","name":"FIR PUERTO MONTT","label":[279.147,-42.742]},"geometry":{"type":"MultiLineString","coordinates":[[[289.074,-38.743],[288.952,-38.747],[288.862,-38.798],[288.774,-38.803],[288.592,-38.93],[288.598,-39.327],[288.529,-39.388],[288.551,-39.433],[288.527,-39.479],[288.459,-39.531],[288.514,-39.558],[288.512,-39.593],[288.491,-39.619],[288.401,-39.621],[288.333,-39.565],[288.307,-39.579],[288.296,-39.733],[288.331,-39.857],[288.394,-39.913],[288.327,-40.016],[288.334,-40.098],[288.194,-40.094],[288.182,-40.207],[288.271,-40.301],[288.297,-40.276],[288.33,-40.295],[288.336,-40.336],[288.28,-40.428],[288.209,-40.415],[288.144,-40.555],[288.156,-40.616],[288.05,-40.721],[288.163,-40.959],[288.101,-41.359],[288.135,-41.441],[288.122,-41.523],[288.16,-41.575],[288.082,-41.645],[288.215,-41.866],[288.274,-42.091],[288.086,-42.178],[288.036,-42.128],[287.988,-42.131],[287.869,-42.282],[287.952,-42.357],[287.928,-42.43],[287.974,-42.478],[287.891,-42.525],[287.861,-42.588],[287.898,-42.855],[287.861,-42.991],[287.947,-43.105],[288.164,-43.132],[288.267,-43.188],[288.257,-43.302],[288.106,-43.323],[288.053,-43.447],[288.142,-43.462],[288.13,-43.54],[288.22,-43.548],[288.297,-43.596],[288.301,-43.687],[288.189,-43.749],[288.209,-43.782],[288.262,-43.772],[288.244,-43.826],[288.353,-43.919],[288.242,-44.072],[288.147,-44.105],[288.203,-44.198],[288.177,-44.265],[288.207,-44.319],[288.145,-44.372],[288.184,-44.406],[288.287,-44.387],[288.796,-44.427],[288.892,-44.54],[288.865,-44.584],[288.803,-44.597],[288.767,-44.663],[288.776,-44.745],[288.718,-44.8],[288.499,-44.743],[288.346,-44.783],[288.23,-44.754],[288.151,-44.793],[287.957,-44.754],[287.919,-44.775],[287.937,-44.906],[288.116,-44.949],[288.247,-44.932],[288.325,-44.98],[288.426,-44.979],[288.546,-45.159],[288.67,-45.228],[288.703,-45.306],[288.627,-45.369],[288.494,-45.411],[288.532,-45.478],[288.497,-45.516],[288.243,-45.563],[288.267,-45.599],[288.219,-45.649],[288.207,-45.733],[288.262,-45.79],[288.241,-45.844],[288.362,-45.892],[288.398,-45.975],[288.24,-46.114],[288.094,-46.154],[288.252,-46.243],[288.251,-46.386],[288.33,-46.535],[288.332,-46.673],[288.191,-46.784],[288.06,-46.816],[288.075,-46.851],[288.039,-46.95],[288.095,-47.001],[270,-47],[270,-38.5],[289.119,-38.499],[289.176,-38.568],[289.123,-38.639],[289.14,-38.688],[289.074,-38.743]]]}},{"type":"Feature","properties":{"icao":"SEGU","name":"FIR GUAYAQUIL","label":[275.908,-1.091]},"geometry":{"type":"MultiLineString","coordinates":[[[281.359,1.267],[281.405,1.271],[281.439,1.199],[281.531,1.196],[281.652,1.064],[281.759,1.027],[281.908,0.911],[282.09,0.883],[282.11,0.83],[282.19,0.804],[282.322,0.837],[282.36,0.722],[282.458,0.656],[282.547,0.646],[282.576,0.413],[282.621,0.385],[282.781,0.336],[282.92,0.36],[282.97,0.302],[283.065,0.296],[283.131,0.239],[283.267,0.233],[283.288,0.286],[283.45,0.218],[283.591,0.248],[283.593,0.398],[283.668,0.374],[283.716,0.421],[283.884,0.379],[283.903,0.315],[283.957,0.34],[284.064,0.182],[284.245,0.043],[284.372,0.03],[284.402,0.056],[284.566,-0.059],[284.707,-0.107],[284.695,-0.135],[284.581,-0.165],[284.38,-0.107],[284.374,-0.172],[284.514,-0.227],[284.591,-0.426],[284.754,-0.554],[284.707,-0.731],[284.784,-0.965],[284.675,-0.981],[284.597,-0.921],[284.441,-1.534],[283.926,-2.131],[283.339,-2.572],[282.143,-2.984],[281.794,-3.339],[281.782,-3.369],[281.831,-3.45],[281.768,-3.519],[281.741,-3.513],[281.734,-3.418],[281.662,-3.423],[281.604,-3.739],[281.468,-3.913],[281.436,-4.096],[281.328,-4.307],[281.341,-4.415],[281.375,-4.437],[281.334,-4.554],[281.124,-4.677],[281.081,-4.745],[281.107,-4.85],[281.022,-4.878],[281.001,-4.956],[280.945,-5.009],[280.893,-4.971],[280.709,-4.963],[280.555,-4.8],[280.478,-4.593],[280.5,-4.524],[280.363,-4.438],[280.186,-4.48],[280.101,-4.393],[280.038,-4.393],[279.863,-4.281],[279.637,-4.468],[279.522,-4.428],[279.522,-4.383],[279.664,-4.199],[279.558,-4.223],[279.531,-4.201],[279.495,-4.081],[279.533,-3.987],[279.614,-3.979],[279.684,-4.013],[279.85,-3.88],[279.779,-3.763],[279.794,-3.627],[279.759,-3.575],[279.765,-3.497],[279.729,-3.471],[279.746,-3.421],[279.66,-3.381],[268,-3.4],[268,1.417],[281.083,1.417],[281.19,1.438],[281.359,1.267]]]}},{"type":"Feature","properties":{"icao":"SGFA","name":"FIR ASUNCION","label":[301.609,-23.239]},"geometry":{"type":"MultiLineString","coordinates":[[[301.844,-20.191],[301.879,-20.196],[301.838,-20.244],[301.857,-20.28],[301.906,-20.276],[301.914,-20.371],[302.009,-20.441],[301.991,-20.515],[302.021,-20.711],[302.08,-20.668],[302.143,-20.739],[302.057,-20.794],[302.143,-20.839],[302.08,-20.908],[302.186,-20.972],[302.143,-21.056],[302.162,-21.201],[302.092,-21.287],[302.15,-21.337],[302.046,-21.511],[302.091,-21.584],[302.064,-21.642],[302.108,-21.689],[302.058,-21.76],[302.042,-21.853],[302.077,-21.895],[302.015,-22.092],[302.172,-22.145],[302.269,-22.097],[302.349,-22.097],[302.405,-22.182],[302.449,-22.163],[302.629,-22.218],[302.756,-22.214],[302.793,-22.186],[302.817,-22.214],[302.897,-22.213],[302.902,-22.24],[303.047,-22.234],[303.048,-22.258],[303.095,-22.263],[303.118,-22.239],[303.124,-22.285],[303.166,-22.298],[303.196,-22.247],[303.27,-22.258],[303.293,-22.215],[303.358,-22.266],[303.356,-22.235],[303.437,-22.191],[303.492,-22.096],[303.597,-22.066],[303.642,-22.163],[303.794,-22.274],[303.91,-22.294],[304.011,-22.273],[304.136,-22.318],[304.15,-22.289],[304.257,-22.4],[304.287,-22.57],[304.391,-22.634],[304.392,-22.732],[304.351,-22.811],[304.371,-22.993],[304.412,-23.045],[304.411,-23.122],[304.462,-23.149],[304.477,-23.242],[304.45,-23.319],[304.498,-23.391],[304.464,-23.464],[304.478,-23.603],[304.558,-23.701],[304.595,-23.964],[304.811,-24.02],[304.969,-23.994],[305.372,-23.804],[305.581,-23.906],[305.64,-23.983],[305.757,-24.052],[305.662,-24.144],[305.751,-24.354],[305.669,-24.493],[305.686,-24.622],[305.547,-25.011],[305.577,-25.143],[305.383,-25.438],[305.416,-25.637],[305.354,-25.674],[305.414,-25.826],[305.383,-25.896],[305.399,-25.953],[305.335,-25.983],[305.359,-26.071],[305.338,-26.158],[305.367,-26.2],[305.332,-26.239],[305.307,-26.428],[305.206,-26.523],[305.221,-26.611],[305.194,-26.664],[305.076,-26.681],[305.043,-26.778],[304.949,-26.8],[304.871,-26.868],[304.871,-26.949],[304.729,-26.937],[304.579,-26.99],[304.545,-27.095],[304.46,-27.105],[304.443,-27.162],[304.398,-27.168],[304.432,-27.249],[304.404,-27.338],[304.324,-27.369],[304.264,-27.439],[304.157,-27.408],[304.102,-27.329],[303.862,-27.309],[303.732,-27.388],[303.729,-27.461],[303.622,-27.588],[303.45,-27.453],[303.327,-27.461],[303.263,-27.507],[303.091,-27.418],[302.871,-27.49],[302.374,-27.369],[302.209,-27.292],[301.78,-27.266],[301.395,-27.317],[301.401,-27.245],[301.344,-27.192],[301.347,-27.158],[301.436,-27.118],[301.454,-27.046],[301.49,-27.059],[301.522,-26.939],[301.682,-26.878],[301.654,-26.817],[301.716,-26.811],[301.714,-26.772],[301.754,-26.765],[301.76,-26.65],[301.818,-26.656],[301.832,-26.597],[301.781,-26.535],[301.817,-26.455],[301.79,-26.42],[301.837,-26.32],[301.827,-26.273],[301.896,-26.236],[301.847,-26.189],[301.89,-26.198],[301.922,-26.125],[302.144,-26.002],[302.096,-25.958],[302.15,-25.918],[302.126,-25.879],[302.196,-25.835],[302.182,-25.78],[302.258,-25.728],[302.239,-25.683],[302.425,-25.573],[302.444,-25.438],[302.36,-25.379],[302.244,-25.177],[302.129,-25.088],[302.019,-25.078],[301.779,-24.939],[301.662,-24.998],[301.549,-24.857],[301.197,-24.784],[300.932,-24.607],[300.661,-24.489],[300.527,-24.353],[299.962,-24.01],[299.714,-24.038],[299.427,-23.951],[299.386,-23.894],[299.151,-23.874],[299.079,-23.823],[298.992,-23.813],[298.884,-23.667],[298.884,-23.604],[298.705,-23.489],[298.503,-23.414],[298.483,-23.345],[298.26,-23.244],[298.218,-23.148],[298.01,-23.007],[297.971,-22.892],[297.811,-22.71],[297.81,-22.63],[297.743,-22.609],[297.76,-22.543],[297.709,-22.481],[297.614,-22.461],[297.54,-22.38],[297.372,-22.303],[297.356,-22.239],[297.741,-21.057],[297.731,-20.562],[298.087,-20.08],[298.257,-19.645],[299.387,-19.459],[299.984,-19.299],[300.904,-19.349],[301.849,-19.828],[301.869,-19.999],[301.844,-20.191]]]}},{"type":"Feature","properties":{"icao":"SKEC","name":"FIR BARRANQUILLA","label":[285.02,11.489]},"geometry":{"type":"MultiLineString","coordinates":[[[289,12],[288.597,11.813],[288.023,11.665],[287.74,11.154],[287.659,11.165],[287.507,11.121],[287.441,10.974],[287.335,10.873],[287.24,10.651],[287.099,10.452],[287.013,9.914],[287.038,9.837],[286.907,9.586],[286.832,9.536],[286.702,9.285],[286.616,9.183],[286.781,9.171],[286.999,9.302],[287.058,9.104],[287.183,9.145],[287.232,9.111],[287.21,9.083],[287.336,8.641],[285.2,7.617],[282.583,8.583],[282.583,15],[286,15],[286,14.333],[288.583,12.5],[289,12]]]}},{"type":"Feature","properties":{"icao":"SKED","name":"FIR BOGOTA","label":[285.692,3.251]},"geometry":{"type":"MultiLineString","coordinates":[[[285.2,7.617],[287.336,8.641],[287.616,8.363],[287.614,8.254],[287.675,8.096],[287.666,8.049],[287.597,8.042],[287.577,7.986],[287.519,7.948],[287.557,7.828],[287.528,7.492],[287.601,7.406],[287.817,7.383],[287.849,7.34],[287.836,7.259],[287.865,7.178],[287.934,7.062],[288,7.019],[288.167,6.987],[288.234,7.006],[288.236,7.032],[288.393,7.06],[288.42,7.031],[288.542,7.016],[288.704,7.033],[288.734,6.988],[288.813,6.963],[288.872,6.999],[288.975,6.984],[289.11,7.075],[289.297,7.108],[289.387,7.073],[289.436,7.089],[289.487,7.016],[289.699,6.939],[289.881,6.976],[290.571,6.119],[290.675,6.154],[290.755,6.081],[290.944,6.216],[291.363,6.134],[291.546,6.191],[291.686,6.167],[291.848,6.223],[292.005,6.208],[292.177,6.309],[292.432,6.265],[292.546,6.193],[292.508,6.119],[292.587,5.992],[292.378,5.788],[292.348,5.676],[292.387,5.539],[292.351,5.478],[292.197,5.386],[292.15,5.308],[292.188,5.218],[292.171,5.112],[292.209,5.055],[292.123,4.549],[292.208,4.427],[292.194,4.227],[292.306,4.026],[292.381,3.763],[292.508,3.726],[292.612,3.493],[292.693,3.456],[292.709,3.398],[292.616,3.259],[292.564,3.254],[292.157,2.868],[292.145,2.79],[292.248,2.84],[292.393,2.796],[292.432,2.683],[292.497,2.677],[292.679,2.468],[292.807,2.392],[292.827,2.342],[292.789,2.241],[292.836,2.136],[292.891,2.094],[292.866,1.988],[293.008,1.696],[293.13,1.221],[292.923,1.173],[292.927,1.625],[292.665,2.111],[292.576,2.144],[292.356,2],[292.194,1.788],[292.085,1.745],[291.995,1.763],[291.911,1.934],[291.829,1.974],[291.813,2.02],[291.723,1.838],[291.771,1.823],[291.767,1.776],[291.824,1.763],[291.847,1.724],[290.622,1.726],[290.444,1.784],[290.369,1.738],[290.283,1.748],[290.213,1.706],[290.154,1.71],[290.158,1.062],[290.235,1.096],[290.295,1.059],[290.398,1.081],[290.554,1.062],[290.579,1.026],[290.656,1.075],[290.73,1.038],[290.807,0.952],[290.797,0.907],[290.86,0.867],[290.817,0.724],[290.875,0.645],[290.713,0.621],[290.706,0.668],[290.65,0.637],[290.536,0.74],[290.433,0.701],[290.392,0.646],[290.322,0.679],[290.202,0.6],[289.956,0.591],[289.942,-0.157],[290.072,-0.309],[290.148,-0.335],[290.254,-0.452],[290.392,-0.517],[290.427,-0.637],[290.385,-0.751],[290.438,-0.808],[290.471,-0.924],[290.565,-0.994],[290.561,-1.084],[290.62,-1.187],[290.621,-1.35],[290.539,-1.496],[290.043,-4.237],[290.017,-4.181],[289.874,-4.069],[289.819,-3.938],[289.677,-3.799],[289.628,-3.788],[289.484,-3.861],[289.276,-3.78],[289.952,-2.731],[289.938,-2.664],[289.884,-2.704],[289.843,-2.646],[289.802,-2.642],[289.763,-2.552],[289.664,-2.575],[289.721,-2.523],[289.692,-2.496],[289.58,-2.511],[289.464,-2.422],[289.459,-2.494],[289.422,-2.487],[289.34,-2.353],[289.192,-2.286],[289.139,-2.223],[289.086,-2.254],[289.029,-2.223],[289.013,-2.3],[288.916,-2.299],[288.842,-2.37],[288.761,-2.381],[288.744,-2.353],[288.657,-2.395],[288.594,-2.285],[288.57,-2.277],[288.54,-2.352],[288.494,-2.24],[288.381,-2.202],[288.331,-2.229],[288.302,-2.147],[288.187,-2.235],[288.17,-2.3],[288.117,-2.327],[288.112,-2.382],[287.992,-2.357],[287.896,-2.476],[287.87,-2.44],[287.801,-2.451],[287.782,-2.506],[287.746,-2.468],[287.663,-2.479],[287.627,-2.428],[287.493,-2.443],[287.404,-2.407],[287.364,-2.494],[287.317,-2.44],[287.283,-2.475],[287.256,-2.434],[287.194,-2.487],[287.109,-2.503],[287.064,-2.396],[287.035,-2.407],[287.015,-2.378],[286.977,-2.422],[286.964,-2.365],[286.888,-2.338],[286.866,-2.243],[286.912,-2.224],[286.942,-2.14],[286.906,-2.043],[286.912,-1.929],[286.868,-1.908],[286.867,-1.849],[286.801,-1.803],[286.77,-1.852],[286.733,-1.825],[286.7,-1.876],[286.492,-1.748],[286.513,-1.654],[286.557,-1.606],[286.523,-1.525],[286.445,-1.461],[286.444,-1.371],[286.342,-1.282],[286.296,-1.289],[286.273,-1.238],[286.244,-1.294],[286.162,-1.27],[286.132,-1.209],[286.15,-1.17],[286.062,-1.169],[286.047,-1.128],[285.998,-1.124],[285.98,-1.035],[285.922,-1.073],[285.773,-1.028],[285.739,-0.932],[285.702,-0.911],[285.758,-0.889],[285.761,-0.858],[285.724,-0.851],[285.719,-0.808],[285.691,-0.812],[285.653,-0.758],[285.608,-0.534],[285.503,-0.498],[285.392,-0.384],[285.362,-0.41],[285.336,-0.346],[285.293,-0.367],[285.223,-0.204],[285.146,-0.233],[285.069,-0.205],[284.928,-0.073],[284.798,-0.031],[284.766,-0.108],[284.725,-0.123],[284.566,-0.059],[284.402,0.056],[284.372,0.03],[284.258,0.037],[284.064,0.182],[283.957,0.34],[283.903,0.315],[283.884,0.379],[283.716,0.421],[283.668,0.374],[283.593,0.398],[283.591,0.248],[283.45,0.218],[283.288,0.286],[283.267,0.233],[283.131,0.239],[283.065,0.296],[282.97,0.302],[282.92,0.36],[282.781,0.336],[282.621,0.385],[282.576,0.413],[282.547,0.646],[282.458,0.656],[282.36,0.722],[282.322,0.837],[282.19,0.804],[282.11,0.83],[282.09,0.883],[281.908,0.911],[281.759,1.027],[281.652,1.064],[281.531,1.196],[281.439,1.199],[281.405,1.271],[281.322,1.286],[281.19,1.438],[281.084,1.417],[277.083,1.417],[277.083,4.533],[280,4.5],[280.95,6.267],[281.217,6.467],[281.7,6.733],[282.11,7.229],[282.189,7.48],[282.271,7.51],[282.253,7.722],[282.338,7.678],[282.426,7.525],[282.671,7.705],[282.628,7.786],[282.702,7.904],[282.853,7.943],[282.809,7.983],[282.692,8.259],[282.638,8.282],[282.593,8.453],[282.525,8.47],[282.525,8.525],[282.58,8.599],[285.2,7.617]]]}},{"type":"Feature","properties":{"icao":"SKED","name":"UIR BOGOTA","label":[285.692,3.251]},"geometry":{"type":"MultiLineString","coordinates":[[[285.2,7.617],[287.336,8.641],[287.616,8.363],[287.614,8.254],[287.675,8.096],[287.666,8.049],[287.597,8.042],[287.577,7.986],[287.519,7.948],[287.557,7.828],[287.528,7.492],[287.601,7.406],[287.817,7.383],[287.849,7.34],[287.836,7.259],[287.865,7.178],[287.934,7.062],[288,7.019],[288.167,6.987],[288.234,7.006],[288.236,7.032],[288.393,7.06],[288.42,7.031],[288.542,7.016],[288.704,7.033],[288.734,6.988],[288.813,6.963],[288.872,6.999],[288.975,6.984],[289.11,7.075],[289.297,7.108],[289.387,7.073],[289.436,7.089],[289.487,7.016],[289.699,6.939],[289.881,6.976],[290.571,6.119],[290.675,6.154],[290.755,6.081],[290.944,6.216],[291.363,6.134],[291.546,6.191],[291.686,6.167],[291.848,6.223],[292.005,6.208],[292.177,6.309],[292.432,6.265],[292.546,6.193],[292.508,6.119],[292.587,5.992],[292.378,5.788],[292.348,5.676],[292.387,5.539],[292.351,5.478],[292.197,5.386],[292.15,5.308],[292.188,5.218],[292.171,5.112],[292.209,5.055],[292.123,4.549],[292.208,4.427],[292.194,4.227],[292.306,4.026],[292.381,3.763],[292.508,3.726],[292.612,3.493],[292.693,3.456],[292.709,3.398],[292.616,3.259],[292.564,3.254],[292.157,2.868],[292.145,2.79],[292.248,2.84],[292.393,2.796],[292.432,2.683],[292.497,2.677],[292.679,2.468],[292.807,2.392],[292.827,2.342],[292.789,2.241],[292.836,2.136],[292.891,2.094],[292.866,1.988],[293.008,1.696],[293.13,1.221],[292.923,1.173],[292.927,1.625],[292.665,2.111],[292.576,2.144],[292.356,2],[292.194,1.788],[292.085,1.745],[291.995,1.763],[291.911,1.934],[291.829,1.974],[291.813,2.02],[291.723,1.838],[291.771,1.823],[291.767,1.776],[291.824,1.763],[291.847,1.724],[290.622,1.726],[290.444,1.784],[290.369,1.738],[290.283,1.748],[290.213,1.706],[290.154,1.71],[290.158,1.062],[290.235,1.096],[290.295,1.059],[290.398,1.081],[290.554,1.062],[290.579,1.026],[290.656,1.075],[290.73,1.038],[290.807,0.952],[290.797,0.907],[290.86,0.867],[290.817,0.724],[290.875,0.645],[290.713,0.621],[290.706,0.668],[290.65,0.637],[290.536,0.74],[290.433,0.701],[290.392,0.646],[290.322,0.679],[290.202,0.6],[289.956,0.591],[289.942,-0.157],[290.072,-0.309],[290.148,-0.335],[290.254,-0.452],[290.392,-0.517],[290.427,-0.637],[290.385,-0.751],[290.438,-0.808],[290.471,-0.924],[290.565,-0.994],[290.561,-1.084],[290.62,-1.187],[290.621,-1.35],[290.539,-1.496],[290.043,-4.237],[290.017,-4.181],[289.874,-4.069],[289.819,-3.938],[289.677,-3.799],[289.628,-3.788],[289.484,-3.861],[289.276,-3.78],[289.952,-2.731],[289.938,-2.664],[289.884,-2.704],[289.843,-2.646],[289.802,-2.642],[289.763,-2.552],[289.664,-2.575],[289.721,-2.523],[289.692,-2.496],[289.58,-2.511],[289.464,-2.422],[289.459,-2.494],[289.422,-2.487],[289.34,-2.353],[289.192,-2.286],[289.139,-2.223],[289.086,-2.254],[289.029,-2.223],[289.013,-2.3],[288.916,-2.299],[288.842,-2.37],[288.761,-2.381],[288.744,-2.353],[288.657,-2.395],[288.594,-2.285],[288.57,-2.277],[288.54,-2.352],[288.494,-2.24],[288.381,-2.202],[288.331,-2.229],[288.302,-2.147],[288.187,-2.235],[288.17,-2.3],[288.117,-2.327],[288.112,-2.382],[287.992,-2.357],[287.896,-2.476],[287.87,-2.44],[287.801,-2.451],[287.782,-2.506],[287.746,-2.468],[287.663,-2.479],[287.627,-2.428],[287.493,-2.443],[287.404,-2.407],[287.364,-2.494],[287.317,-2.44],[287.283,-2.475],[287.256,-2.434],[287.194,-2.487],[287.109,-2.503],[287.064,-2.396],[287.035,-2.407],[287.015,-2.378],[286.977,-2.422],[286.964,-2.365],[286.888,-2.338],[286.866,-2.243],[286.912,-2.224],[286.942,-2.14],[286.906,-2.043],[286.912,-1.929],[286.868,-1.908],[286.867,-1.849],[286.801,-1.803],[286.77,-1.852],[286.733,-1.825],[286.7,-1.876],[286.492,-1.748],[286.513,-1.654],[286.557,-1.606],[286.523,-1.525],[286.445,-1.461],[286.444,-1.371],[286.342,-1.282],[286.296,-1.289],[286.273,-1.238],[286.244,-1.294],[286.162,-1.27],[286.132,-1.209],[286.15,-1.17],[286.062,-1.169],[286.047,-1.128],[285.998,-1.124],[285.98,-1.035],[285.922,-1.073],[285.773,-1.028],[285.739,-0.932],[285.702,-0.911],[285.758,-0.889],[285.761,-0.858],[285.724,-0.851],[285.719,-0.808],[285.691,-0.812],[285.653,-0.758],[285.608,-0.534],[285.503,-0.498],[285.392,-0.384],[285.362,-0.41],[285.336,-0.346],[285.293,-0.367],[285.223,-0.204],[285.146,-0.233],[285.069,-0.205],[284.928,-0.073],[284.798,-0.031],[284.766,-0.108],[284.725,-0.123],[284.566,-0.059],[284.402,0.056],[284.372,0.03],[284.258,0.037],[284.064,0.182],[283.957,0.34],[283.903,0.315],[283.884,0.379],[283.716,0.421],[283.668,0.374],[283.593,0.398],[283.591,0.248],[283.45,0.218],[283.288,0.286],[283.267,0.233],[283.131,0.239],[283.065,0.296],[282.97,0.302],[282.92,0.36],[282.781,0.336],[282.621,0.385],[282.576,0.413],[282.547,0.646],[282.458,0.656],[282.36,0.722],[282.322,0.837],[282.19,0.804],[282.11,0.83],[282.09,0.883],[281.908,0.911],[281.759,1.027],[281.652,1.064],[281.531,1.196],[281.439,1.199],[281.405,1.271],[281.322,1.286],[281.19,1.438],[281.084,1.417],[277.083,1.417],[277.083,4.533],[280,4.5],[280.95,6.267],[281.217,6.467],[281.7,6.733],[282.11,7.229],[282.189,7.48],[282.271,7.51],[282.253,7.722],[282.338,7.678],[282.426,7.525],[282.671,7.705],[282.628,7.786],[282.702,7.904],[282.853,7.943],[282.809,7.983],[282.692,8.259],[282.638,8.282],[282.593,8.453],[282.525,8.47],[282.525,8.525],[282.58,8.599],[285.2,7.617]]]}},{"type":"Feature","properties":{"icao":"SKED","name":"UIR BOGOTA","label":[285.692,3.251]},"geometry":{"type":"MultiLineString","coordinates":[[[285.2,7.617],[287.336,8.641],[287.616,8.363],[287.614,8.254],[287.675,8.096],[287.666,8.049],[287.597,8.042],[287.577,7.986],[287.519,7.948],[287.557,7.828],[287.528,7.492],[287.601,7.406],[287.817,7.383],[287.849,7.34],[287.836,7.259],[287.865,7.178],[287.934,7.062],[288,7.019],[288.167,6.987],[288.234,7.006],[288.236,7.032],[288.393,7.06],[288.42,7.031],[288.542,7.016],[288.704,7.033],[288.734,6.988],[288.813,6.963],[288.872,6.999],[288.975,6.984],[289.11,7.075],[289.297,7.108],[289.387,7.073],[289.436,7.089],[289.487,7.016],[289.699,6.939],[289.881,6.976],[290.571,6.119],[290.675,6.154],[290.755,6.081],[290.944,6.216],[291.363,6.134],[291.546,6.191],[291.686,6.167],[291.848,6.223],[292.005,6.208],[292.177,6.309],[292.432,6.265],[292.546,6.193],[292.508,6.119],[292.587,5.992],[292.378,5.788],[292.348,5.676],[292.387,5.539],[292.351,5.478],[292.197,5.386],[292.15,5.308],[292.188,5.218],[292.171,5.112],[292.209,5.055],[292.123,4.549],[292.208,4.427],[292.194,4.227],[292.306,4.026],[292.381,3.763],[292.508,3.726],[292.612,3.493],[292.693,3.456],[292.709,3.398],[292.616,3.259],[292.564,3.254],[292.157,2.868],[292.145,2.79],[292.248,2.84],[292.393,2.796],[292.432,2.683],[292.497,2.677],[292.679,2.468],[292.807,2.392],[292.827,2.342],[292.789,2.241],[292.836,2.136],[292.891,2.094],[292.866,1.988],[293.008,1.696],[293.13,1.221],[292.923,1.173],[292.927,1.625],[292.665,2.111],[292.576,2.144],[292.356,2],[292.194,1.788],[292.085,1.745],[291.995,1.763],[291.911,1.934],[291.829,1.974],[291.813,2.02],[291.723,1.838],[291.771,1.823],[291.767,1.776],[291.824,1.763],[291.847,1.724],[290.622,1.726],[290.444,1.784],[290.369,1.738],[290.283,1.748],[290.213,1.706],[290.154,1.71],[290.158,1.062],[290.235,1.096],[290.295,1.059],[290.398,1.081],[290.554,1.062],[290.579,1.026],[290.656,1.075],[290.73,1.038],[290.807,0.952],[290.797,0.907],[290.86,0.867],[290.817,0.724],[290.875,0.645],[290.713,0.621],[290.706,0.668],[290.65,0.637],[290.536,0.74],[290.433,0.701],[290.392,0.646],[290.322,0.679],[290.202,0.6],[289.956,0.591],[289.942,-0.157],[290.072,-0.309],[290.148,-0.335],[290.254,-0.452],[290.392,-0.517],[290.427,-0.637],[290.385,-0.751],[290.438,-0.808],[290.471,-0.924],[290.565,-0.994],[290.561,-1.084],[290.62,-1.187],[290.621,-1.35],[290.539,-1.496],[290.043,-4.237],[290.017,-4.181],[289.874,-4.069],[289.819,-3.938],[289.677,-3.799],[289.628,-3.788],[289.484,-3.861],[289.276,-3.78],[289.952,-2.731],[289.938,-2.664],[289.884,-2.704],[289.843,-2.646],[289.802,-2.642],[289.763,-2.552],[289.664,-2.575],[289.721,-2.523],[289.692,-2.496],[289.58,-2.511],[289.464,-2.422],[289.459,-2.494],[289.422,-2.487],[289.34,-2.353],[289.192,-2.286],[289.139,-2.223],[289.086,-2.254],[289.029,-2.223],[289.013,-2.3],[288.916,-2.299],[288.842,-2.37],[288.761,-2.381],[288.744,-2.353],[288.657,-2.395],[288.594,-2.285],[288.57,-2.277],[288.54,-2.352],[288.494,-2.24],[288.381,-2.202],[288.331,-2.229],[288.302,-2.147],[288.187,-2.235],[288.17,-2.3],[288.117,-2.327],[288.112,-2.382],[287.992,-2.357],[287.896,-2.476],[287.87,-2.44],[287.801,-2.451],[287.782,-2.506],[287.746,-2.468],[287.663,-2.479],[287.627,-2.428],[287.493,-2.443],[287.404,-2.407],[287.364,-2.494],[287.317,-2.44],[287.283,-2.475],[287.256,-2.434],[287.194,-2.487],[287.109,-2.503],[287.064,-2.396],[287.035,-2.407],[287.015,-2.378],[286.977,-2.422],[286.964,-2.365],[286.888,-2.338],[286.866,-2.243],[286.912,-2.224],[286.942,-2.14],[286.906,-2.043],[286.912,-1.929],[286.868,-1.908],[286.867,-1.849],[286.801,-1.803],[286.77,-1.852],[286.733,-1.825],[286.7,-1.876],[286.492,-1.748],[286.513,-1.654],[286.557,-1.606],[286.523,-1.525],[286.445,-1.461],[286.444,-1.371],[286.342,-1.282],[286.296,-1.289],[286.273,-1.238],[286.244,-1.294],[286.162,-1.27],[286.132,-1.209],[286.15,-1.17],[286.062,-1.169],[286.047,-1.128],[285.998,-1.124],[285.98,-1.035],[285.922,-1.073],[285.773,-1.028],[285.739,-0.932],[285.702,-0.911],[285.758,-0.889],[285.761,-0.858],[285.724,-0.851],[285.719,-0.808],[285.691,-0.812],[285.653,-0.758],[285.608,-0.534],[285.503,-0.498],[285.392,-0.384],[285.362,-0.41],[285.336,-0.346],[285.293,-0.367],[285.223,-0.204],[285.146,-0.233],[285.069,-0.205],[284.928,-0.073],[284.798,-0.031],[284.766,-0.108],[284.725,-0.123],[284.566,-0.059],[284.402,0.056],[284.372,0.03],[284.258,0.037],[284.064,0.182],[283.957,0.34],[283.903,0.315],[283.884,0.379],[283.716,0.421],[283.668,0.374],[283.593,0.398],[283.591,0.248],[283.45,0.218],[283.288,0.286],[283.267,0.233],[283.131,0.239],[283.065,0.296],[282.97,0.302],[282.92,0.36],[282.781,0.336],[282.621,0.385],[282.576,0.413],[282.547,0.646],[282.458,0.656],[282.36,0.722],[282.322,0.837],[282.19,0.804],[282.11,0.83],[282.09,0.883],[281.908,0.911],[281.759,1.027],[281.652,1.064],[281.531,1.196],[281.439,1.199],[281.405,1.271],[281.322,1.286],[281.19,1.438],[281.084,1.417],[277.083,1.417],[277.083,4.533],[280,4.5],[280.95,6.267],[281.217,6.467],[281.7,6.733],[282.11,7.229],[282.189,7.48],[282.271,7.51],[282.253,7.722],[282.338,7.678],[282.426,7.525],[282.671,7.705],[282.628,7.786],[282.702,7.904],[282.853,7.943],[282.809,7.983],[282.692,8.259],[282.638,8.282],[282.593,8.453],[282.525,8.47],[282.525,8.525],[282.58,8.599],[285.2,7.617]]]}},{"type":"Feature","properties":{"icao":"SLLF","name":"FIR LA PAZ","label":[295.327,-16.716]},"geometry":{"type":"MultiLineString","coordinates":[[[299.435,-15.105],[299.773,-15.479],[299.84,-16.263],[301.556,-16.33],[301.613,-16.278],[301.672,-16.279],[301.654,-16.506],[301.524,-16.675],[301.602,-17.249],[301.75,-17.326],[301.806,-17.391],[301.878,-17.408],[301.908,-17.456],[301.952,-17.454],[301.977,-17.496],[302.098,-17.462],[302.257,-17.593],[302.221,-17.638],[302.283,-17.728],[302.298,-17.86],[302.479,-18.204],[302.542,-18.206],[302.544,-18.239],[302.444,-18.253],[302.231,-18.903],[302.28,-18.914],[302.295,-19.044],[302.223,-19.048],[301.879,-19.741],[302.151,-19.979],[301.841,-20.168],[301.869,-19.999],[301.849,-19.828],[300.904,-19.349],[299.984,-19.299],[299.387,-19.459],[298.257,-19.645],[298.087,-20.08],[297.731,-20.562],[297.741,-21.057],[297.356,-22.239],[297.211,-22.123],[297.188,-21.997],[296.314,-22.003],[296.299,-22.039],[296.267,-22.003],[296.059,-22.001],[295.873,-22.41],[295.747,-22.568],[295.675,-22.874],[295.64,-22.741],[295.547,-22.648],[295.569,-22.548],[295.434,-22.361],[295.461,-22.276],[295.405,-22.212],[295.012,-22.091],[294.421,-22.085],[294.252,-22.112],[294.074,-21.933],[293.959,-21.917],[293.922,-21.832],[293.777,-21.781],[293.707,-22.083],[293.263,-22.228],[293.225,-22.427],[293.074,-22.478],[293.037,-22.523],[292.977,-22.524],[292.988,-22.643],[292.877,-22.718],[292.816,-22.822],[292.421,-22.901],[292.207,-22.878],[292.124,-22.828],[292.152,-22.549],[292.052,-22.334],[292.078,-22.268],[292.033,-22.163],[292.055,-22.102],[291.916,-21.967],[291.897,-21.753],[291.811,-21.606],[291.811,-21.297],[291.579,-20.939],[291.5,-20.939],[291.442,-20.896],[291.435,-20.73],[291.533,-20.629],[291.303,-20.5],[291.243,-20.407],[291.25,-20.362],[291.332,-20.328],[291.274,-20.231],[291.29,-20.149],[291.23,-20.135],[291.215,-20.098],[291.426,-20.058],[291.477,-19.916],[291.457,-19.84],[291.3,-19.73],[291.519,-19.444],[291.563,-19.43],[291.453,-19.322],[291.349,-19.277],[291.316,-19.207],[291.179,-19.096],[291.105,-19.07],[291.021,-18.946],[291.067,-18.883],[290.97,-18.644],[290.976,-18.477],[290.924,-18.389],[290.939,-18.323],[290.85,-18.156],[290.925,-18.077],[290.925,-18.022],[290.861,-18.028],[290.741,-17.956],[290.701,-17.973],[290.644,-17.746],[290.509,-17.63],[290.499,-17.379],[290.409,-17.295],[290.344,-17.287],[290.382,-17.187],[290.612,-17.055],[290.589,-17.021],[290.657,-16.983],[290.83,-16.724],[290.989,-16.657],[290.958,-16.541],[291.009,-16.42],[291.177,-16.34],[291.159,-16.296],[291.035,-16.209],[290.866,-16.224],[290.788,-16.161],[290.578,-15.618],[290.673,-15.431],[290.724,-15.404],[290.732,-15.327],[290.863,-15.246],[290.619,-14.97],[290.651,-14.895],[290.634,-14.803],[290.758,-14.73],[290.771,-14.576],[290.842,-14.576],[290.842,-14.505],[291.019,-14.379],[291.001,-14.243],[291.147,-14.199],[291.104,-14.034],[291.022,-13.962],[290.997,-13.754],[290.912,-13.657],[290.985,-13.638],[291.038,-13.513],[291.026,-12.863],[291.153,-12.733],[291.243,-12.715],[291.269,-12.67],[291.219,-12.618],[291.326,-12.501],[291.075,-11.997],[290.432,-10.951],[290.605,-10.927],[291.1,-11.015],[291.214,-10.992],[291.252,-11.01],[291.219,-11.065],[291.225,-11.136],[291.417,-11.106],[291.483,-11.054],[291.582,-11.044],[291.609,-11.008],[291.719,-10.98],[291.939,-10.676],[292.154,-10.658],[292.254,-10.713],[292.297,-10.696],[292.326,-10.609],[292.417,-10.504],[292.536,-10.456],[292.582,-10.383],[292.667,-10.37],[292.676,-10.321],[292.826,-10.325],[292.919,-10.272],[293.112,-10.086],[293.352,-9.942],[293.366,-9.907],[293.57,-9.889],[293.648,-9.842],[293.892,-9.804],[293.919,-9.775],[293.964,-9.807],[294.097,-9.764],[294.137,-9.787],[294.176,-9.756],[294.197,-9.785],[294.217,-9.732],[294.236,-9.768],[294.294,-9.75],[294.296,-9.795],[294.43,-9.836],[294.507,-9.719],[294.558,-9.679],[294.61,-9.692],[294.701,-9.843],[294.663,-9.957],[294.712,-10.202],[294.687,-10.294],[294.55,-10.479],[294.563,-10.625],[294.62,-10.68],[294.591,-10.799],[294.677,-10.86],[294.699,-10.967],[294.655,-11.039],[294.666,-11.104],[294.598,-11.17],[294.639,-11.223],[294.607,-11.266],[294.674,-11.332],[294.648,-11.381],[294.679,-11.481],[294.769,-11.51],[294.776,-11.583],[294.831,-11.612],[294.797,-11.74],[294.851,-11.777],[294.879,-11.693],[294.886,-11.74],[294.937,-11.753],[294.961,-11.878],[295.005,-11.915],[294.992,-11.989],[295.188,-12.028],[295.264,-12.153],[295.309,-12.1],[295.32,-12.169],[295.377,-12.209],[295.515,-12.236],[295.504,-12.368],[295.606,-12.462],[295.699,-12.468],[295.719,-12.502],[295.779,-12.476],[295.846,-12.525],[295.877,-12.495],[296.066,-12.55],[296.136,-12.472],[296.328,-12.471],[296.524,-12.564],[296.584,-12.654],[296.669,-12.703],[296.759,-12.704],[296.863,-12.636],[296.925,-12.65],[297.006,-12.839],[297.074,-12.852],[297.221,-13.011],[297.313,-12.967],[297.356,-13.034],[297.526,-13.069],[297.615,-13.146],[297.777,-13.12],[297.824,-13.141],[297.84,-13.118],[297.888,-13.153],[297.89,-13.261],[298.126,-13.452],[298.166,-13.545],[298.406,-13.507],[298.507,-13.553],[298.662,-13.488],[298.754,-13.529],[298.839,-13.527],[298.94,-13.473],[298.965,-13.543],[299.023,-13.546],[299.201,-13.677],[299.529,-13.807],[299.616,-13.984],[299.518,-14.176],[299.693,-14.612],[299.723,-14.621],[299.744,-15.1],[299.435,-15.105]]]}},{"type":"Feature","properties":{"icao":"SMPM","name":"FIR PARAMARIBO","label":[304.288,5.652]},"geometry":{"type":"MultiLineString","coordinates":[[[305.813,5.323],[305.71,5.248],[305.546,5.01],[305.551,4.944],[305.514,4.899],[305.522,4.748],[305.564,4.714],[305.58,4.593],[305.548,4.509],[305.604,4.294],[305.593,4.19],[305.668,4.142],[305.642,4.03],[305.809,3.809],[305.876,3.786],[305.947,3.632],[305.991,3.636],[306.016,3.594],[305.987,3.541],[305.999,3.448],[305.794,3.145],[305.831,3.089],[305.81,3.058],[305.839,2.951],[305.806,2.872],[305.826,2.848],[305.632,2.492],[305.573,2.427],[305.516,2.428],[305.476,2.336],[305.426,2.355],[305.353,2.318],[305.305,2.331],[305.287,2.379],[305.316,2.403],[305.302,2.459],[305.132,2.44],[305.028,2.555],[305.052,2.618],[304.888,2.527],[304.862,2.574],[304.759,2.499],[304.677,2.517],[304.62,2.428],[304.415,2.438],[304.29,2.399],[304.034,2.533],[304.008,2.407],[303.955,2.344],[303.911,2.355],[303.862,2.267],[303.957,2.233],[303.964,2.177],[304.099,2.045],[304.101,1.902],[304.061,1.859],[303.963,1.837],[303.529,1.945],[303.437,2.024],[303.308,2.029],[303.189,2.193],[303.194,2.251],[303.122,2.298],[303.129,2.349],[303.072,2.392],[303.082,2.428],[302.902,2.749],[302.799,2.821],[302.787,2.879],[302.821,2.914],[302.789,2.928],[302.759,3.138],[302.715,3.144],[302.699,3.378],[302.65,3.355],[302.589,3.383],[302.519,3.324],[302.497,3.351],[302.346,3.367],[302.346,3.519],[302.265,3.61],[302.164,3.665],[302.123,3.809],[301.953,4.008],[301.929,4.152],[302.046,4.288],[302.041,4.403],[302.161,4.655],[302.074,4.805],[302.159,4.928],[302.229,4.923],[302.324,5.013],[302.58,4.989],[302.711,5.017],[302.677,5.07],[302.703,5.16],[302.745,5.175],[302.771,5.141],[302.811,5.169],[302.765,5.26],[302.737,5.268],[302.744,5.223],[302.721,5.223],[302.713,5.311],[302.664,5.313],[302.728,5.38],[302.742,5.467],[302.854,5.677],[302.817,5.755],[302.865,5.855],[303,5.967],[303,8.917],[306,9.333],[305.997,5.581],[305.983,5.522],[305.813,5.323]]]}},{"type":"Feature","properties":{"icao":"SMPM","name":"FIR PARAMARIBO","label":[304.288,5.652]},"geometry":{"type":"MultiLineString","coordinates":[[[305.813,5.323],[305.71,5.248],[305.546,5.01],[305.551,4.944],[305.514,4.899],[305.522,4.748],[305.564,4.714],[305.58,4.593],[305.548,4.509],[305.604,4.294],[305.593,4.19],[305.668,4.142],[305.642,4.03],[305.809,3.809],[305.876,3.786],[305.947,3.632],[305.991,3.636],[306.016,3.594],[305.987,3.541],[305.999,3.448],[305.794,3.145],[305.831,3.089],[305.81,3.058],[305.839,2.951],[305.806,2.872],[305.826,2.848],[305.632,2.492],[305.573,2.427],[305.516,2.428],[305.476,2.336],[305.426,2.355],[305.353,2.318],[305.305,2.331],[305.287,2.379],[305.316,2.403],[305.302,2.459],[305.132,2.44],[305.028,2.555],[305.052,2.618],[304.888,2.527],[304.862,2.574],[304.759,2.499],[304.677,2.517],[304.62,2.428],[304.415,2.438],[304.29,2.399],[304.034,2.533],[304.008,2.407],[303.955,2.344],[303.911,2.355],[303.862,2.267],[303.957,2.233],[303.964,2.177],[304.099,2.045],[304.101,1.902],[304.061,1.859],[303.963,1.837],[303.529,1.945],[303.437,2.024],[303.308,2.029],[303.189,2.193],[303.194,2.251],[303.122,2.298],[303.129,2.349],[303.072,2.392],[303.082,2.428],[302.902,2.749],[302.799,2.821],[302.787,2.879],[302.821,2.914],[302.789,2.928],[302.759,3.138],[302.715,3.144],[302.699,3.378],[302.65,3.355],[302.589,3.383],[302.519,3.324],[302.497,3.351],[302.346,3.367],[302.346,3.519],[302.265,3.61],[302.164,3.665],[302.123,3.809],[301.953,4.008],[301.929,4.152],[302.046,4.288],[302.041,4.403],[302.161,4.655],[302.074,4.805],[302.159,4.928],[302.229,4.923],[302.324,5.013],[302.58,4.989],[302.711,5.017],[302.677,5.07],[302.703,5.16],[302.745,5.175],[302.771,5.141],[302.811,5.169],[302.765,5.26],[302.737,5.268],[302.744,5.223],[302.721,5.223],[302.713,5.311],[302.664,5.313],[302.728,5.38],[302.742,5.467],[302.854,5.677],[302.817,5.755],[302.865,5.855],[303,5.967],[303,8.917],[306,9.333],[305.997,5.581],[305.983,5.522],[305.813,5.323]]]}},{"type":"Feature","properties":{"icao":"SMPM","name":"UIR PARAMARIBO","label":[304.288,5.652]},"geometry":{"type":"MultiLineString","coordinates":[[[305.813,5.323],[305.71,5.248],[305.546,5.01],[305.551,4.944],[305.514,4.899],[305.522,4.748],[305.564,4.714],[305.58,4.593],[305.548,4.509],[305.604,4.294],[305.593,4.19],[305.668,4.142],[305.642,4.03],[305.809,3.809],[305.876,3.786],[305.947,3.632],[305.991,3.636],[306.016,3.594],[305.987,3.541],[305.999,3.448],[305.794,3.145],[305.831,3.089],[305.81,3.058],[305.839,2.951],[305.806,2.872],[305.826,2.848],[305.632,2.492],[305.573,2.427],[305.516,2.428],[305.476,2.336],[305.426,2.355],[305.353,2.318],[305.305,2.331],[305.287,2.379],[305.316,2.403],[305.302,2.459],[305.132,2.44],[305.028,2.555],[305.052,2.618],[304.888,2.527],[304.862,2.574],[304.759,2.499],[304.677,2.517],[304.62,2.428],[304.415,2.438],[304.29,2.399],[304.034,2.533],[304.008,2.407],[303.955,2.344],[303.911,2.355],[303.862,2.267],[303.957,2.233],[303.964,2.177],[304.099,2.045],[304.101,1.902],[304.061,1.859],[303.963,1.837],[303.529,1.945],[303.437,2.024],[303.308,2.029],[303.189,2.193],[303.194,2.251],[303.122,2.298],[303.129,2.349],[303.072,2.392],[303.082,2.428],[302.902,2.749],[302.799,2.821],[302.787,2.879],[302.821,2.914],[302.789,2.928],[302.759,3.138],[302.715,3.144],[302.699,3.378],[302.65,3.355],[302.589,3.383],[302.519,3.324],[302.497,3.351],[302.346,3.367],[302.346,3.519],[302.265,3.61],[302.164,3.665],[302.123,3.809],[301.953,4.008],[301.929,4.152],[302.046,4.288],[302.041,4.403],[302.161,4.655],[302.074,4.805],[302.159,4.928],[302.229,4.923],[302.324,5.013],[302.58,4.989],[302.711,5.017],[302.677,5.07],[302.703,5.16],[302.745,5.175],[302.771,5.141],[302.811,5.169],[302.765,5.26],[302.737,5.268],[302.744,5.223],[302.721,5.223],[302.713,5.311],[302.664,5.313],[302.728,5.38],[302.742,5.467],[302.854,5.677],[302.817,5.755],[302.865,5.855],[303,5.967],[303,8.917],[306,9.333],[305.997,5.581],[305.983,5.522],[305.813,5.323]]]}},{"type":"Feature","properties":{"icao":"SOOO","name":"FIR CAYENNE","label":[315.279,7.983]},"geometry":{"type":"MultiLineString","coordinates":[[[309,4.5],[308.45,4.417],[308.341,4.045],[308.225,3.98],[308.188,3.875],[308.022,3.708],[308.001,3.619],[307.78,3.26],[307.722,3.239],[307.655,3.157],[307.666,3.07],[307.589,2.934],[307.604,2.902],[307.561,2.878],[307.467,2.65],[307.436,2.639],[307.461,2.583],[307.438,2.524],[307.325,2.374],[307.153,2.286],[307.09,2.196],[306.999,2.176],[306.881,2.223],[306.728,2.185],[306.783,2.253],[306.672,2.353],[306.541,2.258],[306.47,2.249],[306.266,2.312],[306.281,2.344],[306.255,2.374],[306.113,2.268],[306.068,2.272],[306.059,2.219],[305.987,2.181],[305.939,2.192],[305.889,2.112],[305.819,2.173],[305.751,2.147],[305.672,2.164],[305.634,2.209],[305.536,2.211],[305.462,2.266],[305.485,2.29],[305.458,2.316],[305.396,2.329],[305.426,2.355],[305.476,2.336],[305.516,2.428],[305.573,2.427],[305.625,2.485],[305.687,2.634],[305.799,2.781],[305.839,2.956],[305.81,3.058],[305.825,3.117],[305.794,3.145],[305.999,3.448],[305.987,3.541],[306.016,3.594],[305.991,3.636],[305.947,3.632],[305.876,3.786],[305.809,3.809],[305.642,4.03],[305.668,4.142],[305.593,4.19],[305.604,4.294],[305.548,4.509],[305.58,4.593],[305.564,4.714],[305.522,4.748],[305.514,4.899],[305.624,5.129],[305.71,5.248],[305.859,5.364],[305.997,5.581],[306,9.333],[312,10],[322.5,13.5],[325,7.667],[322.927,6.591],[322.666,6.416],[320,5],[312,5],[309,4.5]]]}},{"type":"Feature","properties":{"icao":"SOOO","name":"FIRCAYENNE","label":[315.279,7.983]},"geometry":{"type":"MultiLineString","coordinates":[[[309,4.5],[308.45,4.417],[308.341,4.045],[308.225,3.98],[308.188,3.875],[308.022,3.708],[308.001,3.619],[307.78,3.26],[307.722,3.239],[307.655,3.157],[307.666,3.07],[307.589,2.934],[307.604,2.902],[307.561,2.878],[307.467,2.65],[307.436,2.639],[307.461,2.583],[307.438,2.524],[307.325,2.374],[307.153,2.286],[307.09,2.196],[306.999,2.176],[306.881,2.223],[306.728,2.185],[306.783,2.253],[306.672,2.353],[306.541,2.258],[306.47,2.249],[306.266,2.312],[306.281,2.344],[306.255,2.374],[306.113,2.268],[306.068,2.272],[306.059,2.219],[305.987,2.181],[305.939,2.192],[305.889,2.112],[305.819,2.173],[305.751,2.147],[305.672,2.164],[305.634,2.209],[305.536,2.211],[305.462,2.266],[305.485,2.29],[305.458,2.316],[305.396,2.329],[305.426,2.355],[305.476,2.336],[305.516,2.428],[305.573,2.427],[305.625,2.485],[305.687,2.634],[305.799,2.781],[305.839,2.956],[305.81,3.058],[305.825,3.117],[305.794,3.145],[305.999,3.448],[305.987,3.541],[306.016,3.594],[305.991,3.636],[305.947,3.632],[305.876,3.786],[305.809,3.809],[305.642,4.03],[305.668,4.142],[305.593,4.19],[305.604,4.294],[305.548,4.509],[305.58,4.593],[305.564,4.714],[305.522,4.748],[305.514,4.899],[305.624,5.129],[305.71,5.248],[305.859,5.364],[305.997,5.581],[306,9.333],[312,10],[322.5,13.5],[325,7.667],[322.925,6.59],[322.667,6.417],[320,5],[312,5],[309,4.5]]]}},{"type":"Feature","properties":{"icao":"SOOO","name":"UIR CAYENNE","label":[315.279,7.983]},"geometry":{"type":"MultiLineString","coordinates":[[[309,4.5],[308.45,4.417],[308.341,4.045],[308.225,3.98],[308.188,3.875],[308.022,3.708],[308.001,3.619],[307.78,3.26],[307.722,3.239],[307.655,3.157],[307.666,3.07],[307.589,2.934],[307.604,2.902],[307.561,2.878],[307.467,2.65],[307.436,2.639],[307.461,2.583],[307.438,2.524],[307.325,2.374],[307.153,2.286],[307.09,2.196],[306.999,2.176],[306.881,2.223],[306.728,2.185],[306.783,2.253],[306.672,2.353],[306.541,2.258],[306.47,2.249],[306.266,2.312],[306.281,2.344],[306.255,2.374],[306.113,2.268],[306.068,2.272],[306.059,2.219],[305.987,2.181],[305.939,2.192],[305.889,2.112],[305.819,2.173],[305.751,2.147],[305.672,2.164],[305.634,2.209],[305.536,2.211],[305.462,2.266],[305.485,2.29],[305.458,2.316],[305.396,2.329],[305.426,2.355],[305.476,2.336],[305.516,2.428],[305.573,2.427],[305.625,2.485],[305.687,2.634],[305.799,2.781],[305.839,2.956],[305.81,3.058],[305.825,3.117],[305.794,3.145],[305.999,3.448],[305.987,3.541],[306.016,3.594],[305.991,3.636],[305.947,3.632],[305.876,3.786],[305.809,3.809],[305.642,4.03],[305.668,4.142],[305.593,4.19],[305.604,4.294],[305.548,4.509],[305.58,4.593],[305.564,4.714],[305.522,4.748],[305.514,4.899],[305.624,5.129],[305.71,5.248],[305.859,5.364],[305.997,5.581],[306,9.333],[312,10],[322.5,13.5],[325,7.667],[322.925,6.59],[322.665,6.416],[320,5],[312,5],[309,4.5]]]}},{"type":"Feature","properties":{"icao":"SPIM","name":"FIR LIMA","label":[279.902,-10.891]},"geometry":{"type":"MultiLineString","coordinates":[[[284.898,-0.078],[285.013,-0.127],[285.059,-0.198],[285.134,-0.232],[285.223,-0.204],[285.293,-0.367],[285.336,-0.346],[285.362,-0.41],[285.392,-0.384],[285.503,-0.498],[285.608,-0.534],[285.653,-0.758],[285.691,-0.812],[285.719,-0.808],[285.724,-0.851],[285.761,-0.858],[285.758,-0.889],[285.702,-0.911],[285.739,-0.932],[285.773,-1.028],[285.922,-1.073],[285.98,-1.035],[285.998,-1.124],[286.047,-1.128],[286.062,-1.169],[286.15,-1.17],[286.132,-1.209],[286.162,-1.27],[286.244,-1.294],[286.273,-1.238],[286.296,-1.289],[286.342,-1.282],[286.444,-1.371],[286.445,-1.461],[286.523,-1.525],[286.557,-1.606],[286.513,-1.654],[286.492,-1.748],[286.7,-1.876],[286.733,-1.825],[286.77,-1.852],[286.801,-1.803],[286.867,-1.849],[286.868,-1.908],[286.912,-1.929],[286.906,-2.043],[286.942,-2.14],[286.912,-2.224],[286.866,-2.243],[286.888,-2.338],[286.964,-2.365],[286.977,-2.422],[287.015,-2.378],[287.035,-2.407],[287.064,-2.396],[287.109,-2.503],[287.194,-2.487],[287.256,-2.434],[287.283,-2.475],[287.317,-2.44],[287.364,-2.494],[287.404,-2.407],[287.493,-2.443],[287.627,-2.428],[287.663,-2.479],[287.746,-2.468],[287.782,-2.506],[287.801,-2.451],[287.87,-2.44],[287.896,-2.476],[287.992,-2.357],[288.112,-2.382],[288.117,-2.327],[288.17,-2.3],[288.187,-2.235],[288.302,-2.147],[288.331,-2.229],[288.381,-2.202],[288.494,-2.24],[288.54,-2.352],[288.57,-2.277],[288.594,-2.285],[288.657,-2.395],[288.744,-2.353],[288.761,-2.381],[288.842,-2.37],[288.916,-2.299],[289.013,-2.3],[289.029,-2.223],[289.086,-2.254],[289.139,-2.223],[289.192,-2.286],[289.34,-2.353],[289.422,-2.487],[289.459,-2.494],[289.464,-2.422],[289.58,-2.511],[289.692,-2.496],[289.721,-2.523],[289.664,-2.575],[289.763,-2.552],[289.802,-2.642],[289.843,-2.646],[289.875,-2.699],[289.928,-2.66],[289.944,-2.676],[289.952,-2.731],[289.276,-3.78],[289.484,-3.861],[289.628,-3.788],[289.677,-3.799],[289.819,-3.938],[289.874,-4.069],[290.043,-4.209],[290.025,-4.307],[289.97,-4.338],[289.893,-4.253],[289.798,-4.332],[289.693,-4.245],[289.676,-4.137],[289.64,-4.166],[289.567,-4.132],[289.488,-4.18],[289.455,-4.139],[289.416,-4.196],[289.371,-4.157],[289.38,-4.115],[289.316,-4.173],[289.234,-4.146],[289.165,-4.188],[289.169,-4.234],[289.05,-4.381],[289.011,-4.341],[288.989,-4.382],[288.917,-4.364],[288.871,-4.399],[288.831,-4.358],[288.8,-4.411],[288.767,-4.375],[288.709,-4.383],[288.705,-4.434],[288.646,-4.457],[288.618,-4.431],[288.529,-4.438],[288.489,-4.481],[288.393,-4.498],[288.377,-4.476],[288.355,-4.509],[288.309,-4.474],[288.098,-4.518],[287.972,-4.612],[287.933,-4.606],[287.871,-4.694],[287.625,-4.784],[287.594,-4.879],[287.391,-5.001],[287.375,-5.054],[287.259,-5.051],[287.102,-5.13],[287.082,-5.151],[287.116,-5.258],[287.037,-5.458],[287.057,-5.543],[287.037,-5.654],[286.874,-5.868],[286.77,-6.094],[286.837,-6.207],[286.876,-6.447],[286.808,-6.553],[286.647,-6.577],[286.256,-6.877],[286.193,-7.101],[286.28,-7.223],[286.297,-7.307],[286.107,-7.375],[286.027,-7.346],[286.072,-7.456],[286.045,-7.524],[285.989,-7.541],[286.171,-7.728],[286.296,-7.779],[286.286,-7.872],[286.215,-7.875],[286.228,-7.948],[286.355,-8.024],[286.467,-8.356],[286.655,-8.475],[286.657,-8.607],[286.727,-8.676],[286.83,-8.71],[286.937,-8.899],[287.036,-8.983],[287.034,-9.143],[286.979,-9.171],[286.976,-9.221],[286.916,-9.244],[286.795,-9.407],[287.27,-9.413],[287.466,-9.486],[287.634,-9.494],[287.694,-9.53],[287.703,-9.606],[287.748,-9.66],[287.729,-9.747],[287.82,-9.801],[287.849,-9.883],[287.814,-10.004],[288.632,-10.004],[288.661,-9.973],[288.701,-9.996],[288.816,-9.937],[288.864,-9.861],[288.998,-9.815],[289.118,-9.67],[289.407,-9.444],[289.485,-9.428],[289.424,-9.528],[289.431,-9.57],[289.385,-9.565],[289.469,-9.726],[289.372,-9.836],[289.369,-11.009],[289.467,-10.932],[289.569,-11.032],[289.671,-11.069],[289.846,-11.03],[290.071,-10.914],[290.219,-10.923],[290.269,-10.965],[290.432,-10.951],[291.075,-11.997],[291.326,-12.501],[291.219,-12.618],[291.269,-12.67],[291.243,-12.715],[291.153,-12.733],[291.026,-12.863],[291.038,-13.513],[290.985,-13.638],[290.912,-13.657],[290.997,-13.754],[291.022,-13.962],[291.104,-14.034],[291.147,-14.199],[291.001,-14.243],[291.019,-14.379],[290.842,-14.505],[290.842,-14.576],[290.771,-14.576],[290.758,-14.73],[290.634,-14.803],[290.651,-14.895],[290.619,-14.97],[290.863,-15.246],[290.732,-15.327],[290.724,-15.404],[290.673,-15.431],[290.578,-15.618],[290.788,-16.161],[290.866,-16.224],[291.035,-16.209],[291.159,-16.296],[291.177,-16.34],[291.009,-16.42],[290.966,-16.473],[290.989,-16.657],[290.83,-16.724],[290.657,-16.983],[290.589,-17.021],[290.612,-17.055],[290.379,-17.191],[290.344,-17.287],[290.409,-17.295],[290.499,-17.379],[290.5,-17.505],[290.316,-17.664],[290.185,-17.652],[290.162,-17.686],[290.15,-17.754],[290.231,-17.953],[290.159,-18.129],[290.012,-18.269],[289.859,-18.323],[289.644,-18.32],[289.595,-18.349],[270,-18.35],[270,-3.4],[279.66,-3.381],[279.746,-3.421],[279.729,-3.471],[279.765,-3.497],[279.759,-3.575],[279.794,-3.627],[279.779,-3.763],[279.85,-3.88],[279.684,-4.013],[279.614,-3.979],[279.533,-3.987],[279.495,-4.081],[279.531,-4.201],[279.558,-4.223],[279.664,-4.199],[279.522,-4.383],[279.522,-4.428],[279.637,-4.468],[279.863,-4.281],[280.038,-4.393],[280.101,-4.393],[280.186,-4.48],[280.363,-4.438],[280.5,-4.524],[280.478,-4.593],[280.555,-4.8],[280.709,-4.963],[280.893,-4.971],[280.945,-5.009],[281.001,-4.956],[281.022,-4.878],[281.107,-4.85],[281.081,-4.745],[281.124,-4.677],[281.334,-4.554],[281.375,-4.437],[281.341,-4.415],[281.328,-4.307],[281.436,-4.096],[281.468,-3.913],[281.604,-3.739],[281.662,-3.423],[281.734,-3.418],[281.741,-3.513],[281.768,-3.519],[281.831,-3.45],[281.782,-3.369],[281.794,-3.339],[282.143,-2.984],[283.339,-2.572],[283.926,-2.131],[284.441,-1.534],[284.597,-0.921],[284.675,-0.981],[284.784,-0.965],[284.707,-0.731],[284.754,-0.554],[284.591,-0.426],[284.514,-0.227],[284.374,-0.175],[284.372,-0.109],[284.479,-0.116],[284.581,-0.165],[284.755,-0.119],[284.798,-0.031],[284.898,-0.078]]]}},{"type":"Feature","properties":{"icao":"SUEO","name":"FIR MONTEVIDEO","label":[-33.434,-36.172]},"geometry":{"type":"MultiLineString","coordinates":[[[-56.811,-30.105],[-56.635,-30.232],[-56.627,-30.29],[-56.568,-30.299],[-56.367,-30.483],[-56.184,-30.597],[-56.002,-30.796],[-55.976,-30.854],[-56.009,-31.08],[-55.837,-31.074],[-55.717,-30.942],[-55.642,-30.942],[-55.636,-30.856],[-55.582,-30.846],[-55.422,-30.963],[-55.236,-31.245],[-55.079,-31.329],[-55.017,-31.271],[-54.843,-31.423],[-54.588,-31.463],[-54.473,-31.577],[-54.463,-31.673],[-54.144,-31.911],[-54.067,-31.875],[-53.916,-31.943],[-53.819,-32.037],[-53.746,-32.055],[-53.638,-32.266],[-53.63,-32.361],[-53.553,-32.446],[-53.409,-32.566],[-53.186,-32.637],[-53.093,-32.73],[-53.287,-32.889],[-53.305,-32.963],[-53.51,-33.116],[-53.53,-33.212],[-53.501,-33.428],[-53.53,-33.673],[-53.434,-33.688],[-53.42,-33.729],[-53,-34],[-10,-34],[-10,-39],[-44.5,-39],[-45,-40],[-53.183,-36.75],[-54.833,-36],[-57.1,-34.883],[-57.833,-34.583],[-58.264,-34.198],[-58.388,-33.997],[-58.47,-33.74],[-58.384,-33.102],[-58.131,-33.042],[-58.199,-32.45],[-58.101,-32.328],[-58.099,-32.259],[-58.183,-32.161],[-58.146,-31.996],[-58.204,-31.892],[-58.033,-31.776],[-57.977,-31.577],[-58.079,-31.461],[-57.991,-31.406],[-57.981,-31.335],[-57.908,-31.235],[-57.91,-31.144],[-57.854,-31.066],[-57.913,-30.939],[-57.798,-30.89],[-57.812,-30.718],[-57.89,-30.604],[-57.887,-30.522],[-57.669,-30.355],[-57.626,-30.286],[-57.644,-30.194],[-57.574,-30.199],[-57.568,-30.253],[-57.528,-30.274],[-57.428,-30.27],[-57.399,-30.301],[-57.326,-30.266],[-57.22,-30.293],[-57.15,-30.243],[-57.141,-30.18],[-57.066,-30.106],[-56.811,-30.105]]]}},{"type":"Feature","properties":{"icao":"SVZM","name":"FIR MAIQUETIA","label":[293.832,8.355]},"geometry":{"type":"MultiLineString","coordinates":[[[295,15],[297.5,11],[298.217,10.733],[297.95,10.083],[298.067,9.983],[298.533,9.983],[300.05,8.917],[299.75,8.917],[300.199,8.275],[300.168,8.229],[300.025,8.181],[299.977,8.041],[299.9,8.041],[299.768,7.967],[299.66,7.838],[299.48,7.815],[299.421,7.727],[299.41,7.637],[299.285,7.546],[299.309,7.456],[299.354,7.437],[299.408,7.339],[299.366,7.258],[299.382,7.194],[299.464,7.124],[299.544,7.196],[299.721,7.121],[299.632,6.93],[299.592,6.948],[299.462,6.858],[299.363,6.836],[299.287,6.758],[299.094,6.813],[299.108,6.763],[299.059,6.723],[298.866,6.711],[298.795,6.581],[298.873,6.438],[298.842,6.334],[298.904,6.272],[298.892,6.197],[298.739,6.109],[298.666,5.976],[298.61,5.94],[299.251,5.223],[299.348,5.178],[299.424,4.964],[299.288,4.781],[299.115,4.712],[299.015,4.521],[298.842,4.493],[298.693,4.523],[298.718,4.451],[298.501,4.403],[298.488,4.298],[298.451,4.252],[298.243,4.247],[298.151,4.161],[298.004,4.17],[297.851,4.093],[297.562,4.184],[297.464,4.124],[297.445,4.027],[297.254,4.032],[297.219,3.902],[297.267,3.682],[297.225,3.607],[297.125,3.56],[297.013,3.601],[296.754,3.904],[296.657,3.961],[296.577,3.966],[296.518,3.858],[296.463,3.871],[296.392,3.944],[296.221,3.931],[296.159,3.96],[295.982,3.886],[295.944,3.911],[295.87,4.113],[295.664,4.154],[295.418,4.122],[295.342,4.247],[295.205,4.281],[295.204,4.193],[295.282,4.153],[295.352,3.993],[295.462,3.863],[295.679,3.733],[295.809,3.594],[295.809,3.505],[295.763,3.427],[295.794,3.258],[295.782,3.123],[295.921,2.924],[296.012,2.724],[295.963,2.471],[296.188,2.425],[296.333,2.446],[296.629,2.423],[296.654,2.406],[296.642,2.27],[296.599,2.146],[296.395,2.107],[296.217,1.973],[296.072,1.979],[295.991,1.945],[295.948,1.891],[295.918,1.628],[295.721,1.463],[295.654,1.364],[295.614,1.41],[295.65,1.484],[295.611,1.514],[295.464,1.43],[295.412,1.336],[295.281,1.251],[295.179,1.281],[294.983,1.134],[294.879,1.134],[294.812,0.929],[294.685,0.919],[294.61,0.831],[294.564,0.695],[294.476,0.649],[294.416,0.726],[294.487,0.834],[294.491,0.899],[294.41,0.989],[294.259,0.982],[294.129,0.908],[294.029,0.804],[293.932,0.787],[293.876,0.734],[293.814,0.765],[293.688,0.751],[293.128,1.222],[293.008,1.696],[292.866,1.988],[292.891,2.094],[292.836,2.136],[292.789,2.241],[292.827,2.342],[292.807,2.392],[292.679,2.468],[292.497,2.677],[292.432,2.683],[292.393,2.796],[292.248,2.84],[292.145,2.79],[292.157,2.868],[292.564,3.254],[292.616,3.259],[292.709,3.398],[292.693,3.456],[292.612,3.493],[292.508,3.726],[292.381,3.763],[292.306,4.026],[292.194,4.227],[292.208,4.427],[292.123,4.549],[292.209,5.055],[292.171,5.112],[292.188,5.218],[292.15,5.308],[292.197,5.386],[292.351,5.478],[292.387,5.539],[292.348,5.676],[292.378,5.788],[292.587,5.992],[292.508,6.119],[292.546,6.193],[292.432,6.265],[292.177,6.309],[292.005,6.208],[291.848,6.223],[291.686,6.167],[291.546,6.191],[291.363,6.134],[290.944,6.216],[290.755,6.081],[290.675,6.154],[290.571,6.119],[289.881,6.976],[289.699,6.939],[289.487,7.016],[289.436,7.089],[289.387,7.073],[289.297,7.108],[289.11,7.075],[288.975,6.984],[288.872,6.999],[288.813,6.963],[288.734,6.988],[288.704,7.033],[288.542,7.016],[288.42,7.031],[288.393,7.06],[288.236,7.032],[288.234,7.006],[288.167,6.987],[288,7.019],[287.934,7.062],[287.865,7.178],[287.836,7.259],[287.849,7.34],[287.817,7.383],[287.601,7.406],[287.528,7.492],[287.557,7.828],[287.519,7.948],[287.577,7.986],[287.597,8.042],[287.666,8.049],[287.675,8.096],[287.614,8.254],[287.616,8.363],[287.336,8.641],[287.21,9.083],[287.232,9.111],[287.183,9.145],[287.058,9.104],[286.994,9.304],[286.781,9.171],[286.628,9.167],[286.616,9.19],[286.702,9.285],[286.832,9.536],[286.907,9.586],[287.038,9.837],[287.013,9.914],[287.095,10.442],[287.507,11.121],[287.659,11.165],[287.74,11.154],[288.023,11.665],[288.597,11.813],[289,12],[288.583,12.5],[289.5,12.5],[292.033,11.4],[292.933,15.683],[295,15]]]}},{"type":"Feature","properties":{"icao":"SYGC","name":"FIR GEORGETOWN","label":[301.226,5.491]},"geometry":{"type":"MultiLineString","coordinates":[[[303,5.967],[302.865,5.855],[302.817,5.755],[302.854,5.677],[302.742,5.467],[302.728,5.38],[302.664,5.313],[302.713,5.311],[302.721,5.223],[302.744,5.223],[302.737,5.268],[302.765,5.26],[302.811,5.169],[302.771,5.141],[302.745,5.175],[302.703,5.16],[302.677,5.07],[302.711,5.017],[302.58,4.989],[302.324,5.013],[302.229,4.923],[302.159,4.928],[302.074,4.805],[302.161,4.655],[302.041,4.403],[302.046,4.288],[301.929,4.152],[301.953,4.008],[302.123,3.809],[302.164,3.665],[302.265,3.61],[302.346,3.519],[302.346,3.367],[302.497,3.351],[302.519,3.324],[302.589,3.383],[302.65,3.355],[302.699,3.378],[302.715,3.144],[302.759,3.138],[302.789,2.928],[302.821,2.914],[302.787,2.879],[302.799,2.821],[302.902,2.749],[303.082,2.428],[303.072,2.392],[303.129,2.349],[303.122,2.298],[303.194,2.251],[303.189,2.193],[303.308,2.029],[303.437,2.024],[303.529,1.945],[303.446,1.903],[303.378,1.94],[303.276,1.921],[303.217,1.872],[303.121,1.893],[303.095,1.929],[302.989,1.926],[302.911,2.023],[302.763,1.947],[302.675,1.975],[302.58,1.913],[302.551,1.814],[302.446,1.701],[302.246,1.721],[302.085,1.642],[302.023,1.66],[301.986,1.512],[301.872,1.518],[301.832,1.566],[301.747,1.566],[301.688,1.603],[301.621,1.534],[301.618,1.479],[301.498,1.455],[301.533,1.344],[301.49,1.27],[301.31,1.288],[301.255,1.213],[301.164,1.19],[301.101,1.23],[301.072,1.303],[300.758,1.384],[300.679,1.52],[300.586,1.563],[300.473,1.717],[300.366,1.727],[300.327,1.763],[300.366,1.846],[300.248,1.865],[300.27,2.278],[300.099,2.377],[300.107,2.457],[300.011,2.687],[300.01,2.823],[300.05,3.072],[300.099,3.126],[300.095,3.204],[300.19,3.362],[300.187,3.435],[300.166,3.427],[300.19,3.491],[300.151,3.596],[300.332,3.7],[300.332,3.761],[300.404,3.79],[300.416,3.894],[300.481,3.953],[300.416,3.972],[300.349,4.077],[300.364,4.146],[300.295,4.167],[300.271,4.211],[300.269,4.293],[300.324,4.389],[300.134,4.49],[300.099,4.473],[300.065,4.508],[299.852,4.517],[299.848,4.573],[299.921,4.608],[299.974,4.707],[300.025,5.093],[299.919,5.162],[299.884,5.247],[299.832,5.231],[299.792,5.274],[299.689,5.199],[299.604,5.214],[299.554,5.175],[299.398,5.213],[299.27,5.205],[298.61,5.94],[298.666,5.976],[298.739,6.109],[298.892,6.197],[298.904,6.272],[298.842,6.334],[298.873,6.438],[298.795,6.581],[298.871,6.714],[299.059,6.723],[299.108,6.763],[299.099,6.814],[299.287,6.758],[299.363,6.836],[299.462,6.858],[299.592,6.948],[299.632,6.93],[299.645,7],[299.711,7.057],[299.721,7.121],[299.633,7.18],[299.544,7.196],[299.464,7.124],[299.382,7.194],[299.366,7.258],[299.408,7.339],[299.354,7.437],[299.309,7.456],[299.285,7.546],[299.41,7.637],[299.421,7.727],[299.48,7.815],[299.66,7.838],[299.768,7.967],[299.9,8.041],[299.977,8.041],[300.025,8.181],[300.168,8.229],[300.199,8.275],[299.75,8.917],[303,8.917],[303,5.967]]]}},{"type":"Feature","properties":{"icao":"SYGC","name":"UIR GEORGETOWN","label":[301.226,5.491]},"geometry":{"type":"MultiLineString","coordinates":[[[303,5.967],[302.865,5.855],[302.817,5.755],[302.854,5.677],[302.742,5.467],[302.728,5.38],[302.664,5.313],[302.713,5.311],[302.721,5.223],[302.744,5.223],[302.737,5.268],[302.765,5.26],[302.811,5.169],[302.771,5.141],[302.745,5.175],[302.703,5.16],[302.677,5.07],[302.711,5.017],[302.58,4.989],[302.324,5.013],[302.229,4.923],[302.159,4.928],[302.074,4.805],[302.161,4.655],[302.041,4.403],[302.046,4.288],[301.929,4.152],[301.953,4.008],[302.123,3.809],[302.164,3.665],[302.265,3.61],[302.346,3.519],[302.346,3.367],[302.497,3.351],[302.519,3.324],[302.589,3.383],[302.65,3.355],[302.699,3.378],[302.715,3.144],[302.759,3.138],[302.789,2.928],[302.821,2.914],[302.787,2.879],[302.799,2.821],[302.902,2.749],[303.082,2.428],[303.072,2.392],[303.129,2.349],[303.122,2.298],[303.194,2.251],[303.189,2.193],[303.308,2.029],[303.437,2.024],[303.529,1.945],[303.446,1.903],[303.378,1.94],[303.276,1.921],[303.217,1.872],[303.121,1.893],[303.095,1.929],[302.989,1.926],[302.911,2.023],[302.763,1.947],[302.675,1.975],[302.58,1.913],[302.551,1.814],[302.446,1.701],[302.246,1.721],[302.085,1.642],[302.023,1.66],[301.986,1.512],[301.872,1.518],[301.832,1.566],[301.747,1.566],[301.688,1.603],[301.621,1.534],[301.618,1.479],[301.498,1.455],[301.533,1.344],[301.49,1.27],[301.31,1.288],[301.255,1.213],[301.164,1.19],[301.101,1.23],[301.072,1.303],[300.758,1.384],[300.679,1.52],[300.586,1.563],[300.473,1.717],[300.366,1.727],[300.327,1.763],[300.366,1.846],[300.248,1.865],[300.27,2.278],[300.099,2.377],[300.107,2.457],[300.011,2.687],[300.01,2.823],[300.05,3.072],[300.099,3.126],[300.095,3.204],[300.19,3.362],[300.187,3.435],[300.166,3.427],[300.19,3.491],[300.151,3.596],[300.332,3.7],[300.332,3.761],[300.404,3.79],[300.416,3.894],[300.481,3.953],[300.416,3.972],[300.349,4.077],[300.364,4.146],[300.295,4.167],[300.271,4.211],[300.269,4.293],[300.324,4.389],[300.134,4.49],[300.099,4.473],[300.065,4.508],[299.852,4.517],[299.848,4.573],[299.921,4.608],[299.974,4.707],[300.025,5.093],[299.919,5.162],[299.884,5.247],[299.832,5.231],[299.792,5.274],[299.689,5.199],[299.604,5.214],[299.554,5.175],[299.398,5.213],[299.27,5.205],[298.61,5.94],[298.666,5.976],[298.739,6.109],[298.892,6.197],[298.904,6.272],[298.842,6.334],[298.873,6.438],[298.795,6.581],[298.871,6.714],[299.059,6.723],[299.108,6.763],[299.099,6.814],[299.287,6.758],[299.363,6.836],[299.462,6.858],[299.592,6.948],[299.632,6.93],[299.645,7],[299.711,7.057],[299.721,7.121],[299.633,7.18],[299.544,7.196],[299.464,7.124],[299.382,7.194],[299.366,7.258],[299.408,7.339],[299.354,7.437],[299.309,7.456],[299.285,7.546],[299.41,7.637],[299.421,7.727],[299.48,7.815],[299.66,7.838],[299.768,7.967],[299.9,8.041],[299.977,8.041],[300.025,8.181],[300.168,8.229],[300.199,8.275],[299.75,8.917],[303,8.917],[303,5.967]]]}},{"type":"Feature","properties":{"icao":"TJZS","name":"FIR SAN JUAN","label":[295.551,19.781]},"geometry":{"type":"MultiLineString","coordinates":[[[296.75,15],[295,15],[292,16],[292,19],[290.85,19.65],[292.35,21.239],[291.973,22.95],[292.771,23.5],[300,23.5],[300,20],[298.5,18],[298,18],[297,17.367],[297,15.333],[296.75,15]]]}},{"type":"Feature","properties":{"icao":"TNCF","name":"FIR CURACAO","label":[289.516,14.417]},"geometry":{"type":"MultiLineString","coordinates":[[[288.333,17],[288.333,16],[292,16],[292.933,15.683],[292.033,11.4],[289.5,12.5],[288.583,12.5],[286,14.333],[286,16],[287,17],[288.333,17]]]}},{"type":"Feature","properties":{"icao":"TTZP","name":"FIR PIARCO","label":[309.228,14.464]},"geometry":{"type":"MultiLineString","coordinates":[[[312,10],[306,9.333],[303,8.917],[300.05,8.917],[298.533,9.983],[298.067,9.983],[297.95,10.083],[298.217,10.733],[297.5,11],[295,15],[296.75,15],[297,15.333],[297,17.367],[298,18],[315,18],[320,22.3],[322.5,17],[322.5,13.5],[312,10]]]}},{"type":"Feature","properties":{"icao":"UAAA","name":"FIR ALMATY","label":[75.312,45.094]},"geometry":{"type":"MultiLineString","coordinates":[[[76.183,48.833],[77.627,46.274],[81.333,46.333],[82.34,45.507],[82.643,45.441],[82.636,45.241],[82.541,45.121],[82.297,45.238],[81.948,45.157],[81.816,45.201],[81.798,45.306],[81.741,45.351],[81.688,45.351],[81.054,45.166],[80.469,45.111],[80.392,45.049],[80.121,45.039],[79.867,44.901],[79.885,44.858],[80.002,44.798],[80.262,44.824],[80.521,44.732],[80.517,44.707],[80.375,44.656],[80.407,44.602],[80.349,44.45],[80.4,44.258],[80.363,44.125],[80.431,44.053],[80.442,43.986],[80.736,43.479],[80.732,43.423],[80.661,43.329],[80.769,43.289],[80.817,43.156],[80.779,43.11],[80.646,43.141],[80.384,43.034],[80.39,42.993],[80.561,42.926],[80.579,42.891],[80.255,42.812],[80.158,42.632],[80.242,42.491],[80.217,42.451],[80.294,42.252],[80.281,42.212],[80.192,42.209],[79.953,42.434],[79.717,42.474],[79.444,42.472],[79.357,42.608],[79.27,42.629],[79.215,42.679],[79.195,42.796],[79.028,42.76],[78.917,42.774],[78.689,42.812],[78.512,42.885],[78.337,42.852],[78.265,42.876],[77.999,42.867],[77.897,42.9],[77.829,42.871],[77.812,42.902],[77.73,42.915],[77.591,42.887],[77.46,42.93],[77.35,42.897],[76.977,42.996],[76.617,42.9],[75.802,42.941],[75.747,42.851],[75.664,42.807],[75.217,42.852],[74.893,42.979],[74.753,42.994],[74.567,43.133],[74.452,43.153],[74.202,43.269],[74.235,43.207],[74.059,43.188],[73.973,43.224],[73.913,43.123],[73.832,43.129],[73.584,43.039],[73.514,42.896],[73.526,42.8],[73.432,42.621],[73.451,42.533],[73.533,42.434],[73.52,42.408],[73.344,42.429],[73.334,42.509],[73.209,42.521],[73.157,42.56],[72.909,42.548],[72.833,42.577],[72.757,42.656],[72.505,42.688],[72.297,42.774],[72.124,42.757],[71.87,42.843],[71.597,42.764],[71.53,42.802],[71.425,42.804],[71.353,42.744],[71.275,42.759],[71.167,42.687],[71.167,42.604],[71.031,42.574],[71.09,42.481],[71.061,42.461],[70.996,42.487],[70.955,42.427],[70.966,42.393],[70.895,42.333],[69.174,43.376],[69.407,45.418],[71.918,45.078],[71.817,48],[74.283,48.133],[76.183,48.833]]]}},{"type":"Feature","properties":{"icao":"UACC","name":"FIR ASTANA","label":[72.396,50.263]},"geometry":{"type":"MultiLineString","coordinates":[[[69.186,55.344],[69.233,55.332],[69.351,55.394],[69.673,55.354],[69.846,55.295],[69.949,55.204],[70.056,55.208],[70.239,55.139],[70.288,55.187],[70.398,55.209],[70.47,55.297],[70.578,55.276],[70.679,55.314],[70.843,55.302],[70.803,55.251],[70.998,55.096],[70.976,54.976],[71,54.956],[70.968,54.893],[71.025,54.849],[71.013,54.797],[71.105,54.736],[71.227,54.734],[71.279,54.69],[71.288,54.634],[71.16,54.596],[71.167,54.484],[71.196,54.471],[71.189,54.419],[71.222,54.41],[71.214,54.326],[70.997,54.339],[70.998,54.278],[71.075,54.271],[71.067,54.194],[71.186,54.103],[71.258,54.126],[71.336,54.215],[71.483,54.194],[71.501,54.113],[71.597,54.137],[71.654,54.11],[71.749,54.154],[71.731,54.213],[71.768,54.255],[72.032,54.236],[72.122,54.133],[72.191,54.136],[72.206,54.2],[72.085,54.229],[72.134,54.315],[72.045,54.363],[72.052,54.388],[72.197,54.374],[72.36,54.244],[72.322,54.186],[72.509,54.143],[72.378,54.087],[72.446,54.026],[72.392,53.931],[72.469,53.909],[72.57,53.987],[72.731,53.962],[72.669,54.064],[72.527,54.051],[72.551,54.108],[72.613,54.145],[72.975,54.128],[73.001,54.054],[73.059,54.043],[73.069,53.989],[73.291,53.954],[73.397,53.949],[73.41,53.982],[73.546,53.959],[73.542,54.015],[73.627,54.039],[73.612,54.077],[73.764,54.066],[73.712,53.875],[73.443,53.876],[73.414,53.836],[73.461,53.816],[73.356,53.79],[73.33,53.693],[73.26,53.683],[73.239,53.644],[73.282,53.614],[73.254,53.58],[73.414,53.528],[73.37,53.467],[73.437,53.436],[73.582,53.52],[73.601,53.573],[73.663,53.568],[73.677,53.619],[73.811,53.598],[73.917,53.654],[74.081,53.632],[74.088,53.574],[74.247,53.602],[74.294,53.561],[74.284,53.527],[74.376,53.472],[74.429,53.479],[74.484,53.584],[74.439,53.61],[74.466,53.693],[74.647,53.688],[74.675,53.764],[74.758,53.767],[74.789,53.836],[74.947,53.839],[75.034,53.807],[75.457,53.994],[75.384,54.067],[75.501,54.115],[75.691,54.11],[76.207,54.259],[76.186,54.296],[76.239,54.359],[76.488,54.326],[76.657,54.368],[76.675,54.43],[76.924,54.476],[76.925,54.437],[76.779,54.394],[76.856,54.359],[76.865,54.318],[76.721,54.153],[76.393,54.164],[76.522,53.994],[77.524,53.506],[77.908,53.271],[78.923,52.176],[79.536,51.45],[79.994,50.813],[80.078,50.758],[80.11,50.764],[80.035,50.833],[80.065,50.861],[80.172,50.829],[80.199,50.888],[80.468,50.968],[80.487,51.059],[80.431,51.119],[80.439,51.198],[80.633,51.215],[80.688,51.315],[80.872,51.259],[80.932,51.284],[80.94,51.221],[81.041,51.181],[81.184,51.196],[81.073,50.952],[81.425,50.966],[81.422,50.928],[81.49,50.841],[81.435,50.769],[81.468,50.742],[81.726,50.747],[81.783,50.793],[81.829,50.768],[82.011,50.771],[82.15,50.711],[82.356,50.76],[82.443,50.758],[82.499,50.721],[82.72,50.811],[82.727,50.899],[82.761,50.911],[83.01,50.889],[83.087,50.924],[83.139,51.002],[83.456,51.002],[83.497,50.962],[83.662,50.932],[83.731,50.886],[83.836,50.881],[83.902,50.814],[83.972,50.802],[83.97,50.716],[84.171,50.596],[84.167,50.557],[84.225,50.51],[84.197,50.453],[84.263,50.354],[84.264,50.275],[84.363,50.212],[84.474,50.257],[84.56,50.196],[84.674,50.197],[84.736,50.146],[84.811,50.144],[84.852,50.092],[85.014,50.076],[85.058,50.014],[84.979,49.998],[84.978,49.913],[85.084,49.881],[85.092,49.82],[85.211,49.716],[85.211,49.647],[85.259,49.591],[85.404,49.623],[85.524,49.591],[85.631,49.627],[85.691,49.564],[85.771,49.58],[85.837,49.544],[85.969,49.566],[85.969,49.489],[86.133,49.533],[86.191,49.472],[86.246,49.501],[86.287,49.586],[86.506,49.676],[86.497,49.716],[86.611,49.761],[86.616,49.797],[86.775,49.789],[86.763,49.734],[86.8,49.702],[86.682,49.67],[86.617,49.587],[86.847,49.522],[86.84,49.452],[86.964,49.392],[86.927,49.353],[87.052,49.254],[87.219,49.246],[87.3,49.211],[87.348,49.093],[87.167,49.133],[86.999,49.099],[86.875,49.111],[86.731,48.972],[86.753,48.9],[86.821,48.847],[86.759,48.794],[86.783,48.728],[86.645,48.616],[86.596,48.536],[86.464,48.494],[86.344,48.495],[86.231,48.425],[85.862,48.425],[85.759,48.388],[85.614,48.158],[85.538,47.96],[85.622,47.621],[85.604,47.519],[85.701,47.384],[85.706,47.284],[85.687,47.212],[85.573,47.177],[85.529,47.06],[85.258,47.051],[84.964,46.864],[84.759,46.826],[84.735,46.837],[84.779,46.932],[84.678,46.994],[84.532,46.975],[84.295,47.008],[83.922,46.974],[83.565,47.061],[83.162,47.224],[83.041,47.212],[83.015,46.96],[82.874,46.764],[82.709,46.354],[82.573,46.173],[82.511,45.902],[82.315,45.545],[81.333,46.333],[77.627,46.274],[76.183,48.833],[74.283,48.133],[71.817,48],[71.918,45.078],[69.407,45.418],[67.996,45.966],[64.544,47.192],[62.686,48.628],[62.415,50.392],[61.479,50.97],[61.549,51.216],[61.686,51.266],[61.582,51.303],[61.501,51.429],[60.978,51.498],[60.934,51.561],[60.943,51.619],[60.528,51.627],[60.519,51.656],[60.387,51.672],[60.374,51.696],[60.462,51.738],[60.497,51.802],[60.316,51.831],[60.167,51.9],[60.142,51.865],[60.064,51.874],[60.002,51.958],[60.026,52.001],[60.223,51.999],[60.487,52.155],[60.715,52.157],[60.782,52.22],[61.062,52.342],[60.979,52.413],[60.971,52.495],[60.835,52.53],[60.835,52.636],[60.736,52.637],[60.694,52.681],[60.732,52.75],[60.858,52.782],[61.081,52.93],[60.997,52.979],[61.203,53.022],[61.376,52.993],[61.463,53.03],[61.621,52.953],[61.685,52.983],[61.862,52.987],[61.967,52.937],[62.11,52.988],[62.145,53.074],[62.105,53.125],[61.781,53.181],[61.676,53.255],[61.538,53.216],[61.39,53.274],[61.227,53.282],[61.167,53.324],[61.152,53.375],[61.238,53.456],[61.242,53.507],[61.312,53.512],[61.434,53.443],[61.577,53.513],[61.539,53.593],[61.395,53.593],[61.344,53.548],[61.148,53.575],[61.094,53.617],[60.901,53.624],[60.917,53.661],[61.06,53.643],[61.074,53.711],[61.135,53.722],[61.227,53.812],[61.119,53.883],[61.001,53.89],[61.004,53.939],[61.167,53.959],[61.223,53.914],[61.253,53.952],[61.216,54.026],[61.303,54.033],[61.326,54.069],[61.451,54.065],[61.487,54.016],[61.573,54.002],[61.584,53.957],[61.631,53.959],[61.642,54.002],[61.815,54.008],[61.855,53.952],[62.026,53.94],[62.025,54.025],[62.458,54.04],[62.47,54.002],[62.406,53.956],[62.547,53.879],[62.574,53.897],[62.553,53.941],[62.609,53.977],[62.566,54.033],[62.669,54.082],[62.834,54.109],[63.11,54.096],[63.149,54.114],[63.132,54.169],[63.155,54.183],[63.405,54.173],[63.726,54.26],[63.899,54.198],[64.02,54.238],[63.98,54.281],[63.993,54.311],[64.411,54.342],[64.6,54.392],[64.738,54.341],[64.958,54.409],[65.106,54.316],[65.216,54.319],[65.241,54.348],[65.201,54.461],[65.219,54.528],[65.356,54.569],[65.476,54.563],[65.483,54.638],[65.757,54.601],[65.844,54.685],[65.967,54.714],[65.991,54.617],[66.495,54.723],[66.723,54.727],[66.809,54.767],[67.246,54.807],[67.323,54.867],[67.581,54.854],[67.766,54.892],[67.832,54.963],[67.93,54.983],[68.034,54.95],[68.205,54.966],[68.259,55.049],[68.33,55.068],[68.21,55.139],[68.22,55.187],[68.626,55.202],[68.639,55.256],[68.705,55.287],[68.731,55.371],[68.88,55.343],[68.933,55.286],[69.002,55.288],[69.001,55.354],[68.939,55.37],[68.923,55.424],[68.952,55.445],[69.168,55.401],[69.186,55.344]]]}},{"type":"Feature","properties":{"icao":"UAFM","name":"FIR BISHKEK","label":[76.187,42.103]},"geometry":{"type":"MultiLineString","coordinates":[[[74.3,43.215],[74.567,43.133],[74.741,42.998],[74.893,42.979],[75.211,42.854],[75.664,42.807],[75.747,42.851],[75.802,42.941],[76.617,42.9],[76.977,42.996],[77.35,42.897],[77.46,42.93],[77.591,42.887],[77.73,42.915],[77.812,42.902],[77.829,42.871],[77.897,42.9],[77.999,42.867],[78.265,42.876],[78.337,42.852],[78.512,42.885],[78.689,42.812],[78.917,42.774],[79.028,42.76],[79.195,42.796],[79.215,42.679],[79.27,42.629],[79.357,42.608],[79.444,42.472],[79.717,42.474],[79.96,42.431],[80.234,42.196],[80.283,42.08],[80.205,42.029],[79.879,42.016],[79.779,41.887],[79.655,41.882],[79.432,41.782],[79.309,41.791],[79.207,41.728],[78.671,41.532],[78.64,41.483],[78.531,41.464],[78.376,41.379],[78.374,41.276],[78.288,41.228],[78.189,41.101],[78.081,41.041],[77.855,41.069],[77.685,41.002],[77.544,40.987],[77.377,41.028],[77.138,41.016],[77.058,41.049],[76.874,41.014],[76.782,40.941],[76.794,40.862],[76.65,40.745],[76.642,40.613],[76.458,40.409],[76.339,40.349],[76.277,40.454],[76.187,40.375],[76.068,40.396],[75.978,40.363],[75.929,40.305],[75.831,40.312],[75.733,41.417],[74.867,41.783],[73.117,42.2],[70.962,42.254],[70.874,42.303],[70.962,42.388],[70.996,42.487],[71.061,42.461],[71.09,42.481],[71.031,42.574],[71.167,42.604],[71.167,42.687],[71.275,42.759],[71.353,42.744],[71.425,42.804],[71.53,42.802],[71.597,42.764],[71.87,42.843],[72.124,42.757],[72.297,42.774],[72.505,42.688],[72.757,42.656],[72.833,42.577],[72.909,42.548],[73.157,42.56],[73.209,42.521],[73.334,42.509],[73.344,42.429],[73.507,42.405],[73.533,42.434],[73.451,42.533],[73.432,42.621],[73.526,42.8],[73.514,42.896],[73.584,43.039],[73.832,43.129],[73.913,43.123],[73.973,43.224],[74.059,43.188],[74.222,43.204],[74.24,43.222],[74.202,43.269],[74.3,43.215]]]}},{"type":"Feature","properties":{"icao":"UAFO","name":"FIR OSH","label":[73.179,40.86]},"geometry":{"type":"MultiLineString","coordinates":[[[75.733,41.417],[75.831,40.312],[75.697,40.299],[75.661,40.398],[75.697,40.445],[75.646,40.487],[75.623,40.598],[75.578,40.648],[75.226,40.447],[75.161,40.47],[75.059,40.448],[74.86,40.519],[74.81,40.42],[74.884,40.328],[74.731,40.34],[74.362,40.1],[74.198,40.114],[73.994,40.046],[73.846,39.811],[73.844,39.756],[73.911,39.725],[73.956,39.598],[73.902,39.57],[73.848,39.475],[73.66,39.452],[73.491,39.47],[73.37,39.442],[73.344,39.395],[73.154,39.353],[73.099,39.382],[73.028,39.352],[72.664,39.402],[72.593,39.364],[72.539,39.382],[72.342,39.336],[72.256,39.192],[72.23,39.245],[72.109,39.288],[72.077,39.375],[71.773,39.278],[71.731,39.337],[71.774,39.391],[71.757,39.462],[71.542,39.461],[71.515,39.499],[71.553,39.567],[71.473,39.621],[71.316,39.565],[71.275,39.517],[71.097,39.51],[71.033,39.412],[70.965,39.405],[70.55,40.033],[70.783,40.1],[71.95,40.2],[72.533,40.517],[72.583,40.667],[72.117,41.133],[71.567,41.25],[71.067,41.583],[70.933,42],[70.971,42.255],[73.117,42.2],[74.867,41.783],[75.733,41.417]]]}},{"type":"Feature","properties":{"icao":"UAII","name":"FIR SHYMKENT","label":[67.88,43.318]},"geometry":{"type":"MultiLineString","coordinates":[[[69.174,43.376],[70.895,42.333],[70.874,42.303],[70.967,42.251],[70.857,42.196],[70.753,42.201],[70.624,42.02],[70.539,42.038],[70.488,42.1],[70.373,42.064],[70.145,41.831],[70.009,41.78],[69.931,41.712],[69.642,41.673],[69.425,41.554],[69.402,41.519],[69.419,41.475],[69.248,41.471],[69.151,41.402],[69.056,41.379],[69.081,41.351],[69.063,41.216],[68.898,41.161],[68.868,41.109],[68.774,41.077],[68.724,40.979],[68.594,40.92],[68.568,40.861],[68.588,40.736],[68.632,40.722],[68.652,40.672],[68.624,40.636],[68.649,40.622],[68.608,40.6],[68.537,40.626],[68.455,40.598],[68.016,40.814],[68.103,40.879],[68.146,40.986],[68.122,41.02],[68.154,41.036],[68.106,41.066],[68.029,41.044],[67.935,41.194],[67.861,41.163],[67.755,41.192],[67.072,41.143],[66.72,41.175],[66.559,41.733],[66.526,42.003],[66.029,42.003],[66.037,42.423],[66.071,42.424],[66.124,42.997],[65.822,42.877],[65.717,43.033],[65.6,44.707],[67.996,45.966],[69.407,45.418],[69.174,43.376]]]}},{"type":"Feature","properties":{"icao":"UAOO","name":"FIR KYZYLORDA","label":[63.879,44.98]},"geometry":{"type":"MultiLineString","coordinates":[[[65.717,43.033],[63.833,42.5],[62.025,43.485],[61.149,44.211],[60.05,44.8],[61.683,46.167],[64.538,47.193],[67.996,45.966],[65.597,44.705],[65.717,43.033]]]}},{"type":"Feature","properties":{"icao":"UATE","name":"FIR AKTAU","label":[53.15,43.978]},"geometry":{"type":"MultiLineString","coordinates":[[[56,45.003],[56.001,41.328],[55.904,41.334],[55.652,41.267],[55.457,41.287],[55.395,41.387],[55.289,41.44],[54.972,41.802],[54.957,41.912],[54.761,42.059],[54.199,42.332],[53.996,42.349],[53.463,42.271],[53.015,42.139],[52.44,41.741],[51.5,42],[49.5,42.833],[49.5,45.917],[54.417,45.25],[56.682,46.648],[57.667,45.733],[57.665,45.4],[56,45.003]]]}},{"type":"Feature","properties":{"icao":"UATT","name":"FIR AKTYUBINSK","label":[55.297,48.365]},"geometry":{"type":"MultiLineString","coordinates":[[[52.373,51.733],[52.501,51.51],[52.603,51.457],[52.678,51.453],[52.77,51.504],[52.944,51.449],[53.048,51.492],[53.148,51.482],[53.156,51.515],[53.294,51.486],[53.364,51.503],[53.639,51.393],[53.596,51.361],[53.678,51.227],[53.957,51.193],[54.042,51.123],[54.133,51.106],[54.167,50.998],[54.301,50.907],[54.506,50.857],[54.438,50.765],[54.398,50.626],[54.453,50.556],[54.524,50.529],[54.61,50.544],[54.702,50.607],[54.658,50.722],[54.676,50.784],[54.648,50.819],[54.674,50.874],[54.519,50.931],[54.567,50.957],[54.558,51.015],[54.647,51.037],[54.829,50.983],[54.948,50.904],[55.082,50.894],[55.088,50.816],[55.293,50.691],[55.37,50.652],[55.498,50.662],[55.545,50.606],[55.701,50.533],[56.116,50.739],[56.178,50.916],[56.356,50.902],[56.373,50.958],[56.453,50.978],[56.439,51.035],[56.503,51.082],[56.626,50.986],[56.729,50.978],[56.7,51.056],[56.774,51.091],[56.873,51.058],[57.186,51.109],[57.219,51.025],[57.297,51.006],[57.351,50.907],[57.482,50.865],[57.569,50.926],[57.742,50.914],[57.75,51.072],[57.794,51.119],[57.961,51.074],[58.076,51.094],[58.172,51.054],[58.215,51.116],[58.338,51.156],[58.391,51.115],[58.391,51.079],[58.543,51.072],[58.61,51.038],[58.624,50.989],[58.567,50.909],[58.597,50.866],[58.67,50.869],[58.666,50.805],[58.77,50.802],[58.809,50.743],[58.94,50.683],[59.235,50.668],[59.296,50.619],[59.492,50.629],[59.586,50.584],[59.576,50.556],[59.5,50.56],[59.466,50.532],[59.542,50.478],[59.651,50.534],[59.82,50.547],[59.946,50.689],[59.939,50.762],[60.019,50.858],[60.165,50.846],[60.17,50.775],[60.32,50.69],[60.761,50.66],[61.411,50.792],[61.475,50.89],[61.479,50.97],[62.415,50.392],[62.682,48.627],[64.538,47.193],[61.683,46.167],[60.05,44.8],[58.57,45.571],[57.666,45.38],[57.667,45.733],[56.683,46.633],[54.417,45.25],[49.5,45.917],[49.433,46.133],[49.433,46.233],[48.918,46.489],[48.834,46.485],[48.74,46.558],[48.561,46.565],[48.584,46.598],[48.554,46.644],[48.476,46.668],[48.522,46.743],[48.603,46.773],[48.711,46.76],[48.765,46.691],[48.941,46.704],[49.027,46.776],[48.721,47.098],[48.547,47.417],[48.444,47.437],[48.223,47.69],[48.065,47.78],[47.691,47.766],[47.436,47.844],[47.383,47.689],[47.137,47.822],[47.183,47.874],[47.062,47.996],[47.215,48.071],[47.122,48.102],[47.138,48.17],[47.096,48.21],[47.133,48.242],[47.123,48.272],[46.499,48.417],[46.779,48.937],[46.954,49.013],[47.063,49.143],[47.026,49.236],[46.796,49.34],[46.929,49.864],[47.188,49.944],[47.302,50.032],[47.357,50.09],[47.281,50.182],[47.343,50.242],[47.317,50.294],[47.416,50.332],[47.491,50.421],[47.634,50.455],[48.017,50.187],[48.127,50.076],[48.166,49.966],[48.249,49.909],[48.252,49.87],[48.332,49.879],[48.377,49.833],[48.451,49.817],[48.828,49.956],[48.917,50.034],[48.88,50.102],[48.791,50.124],[48.811,50.194],[48.723,50.353],[48.697,50.592],[48.596,50.622],[48.594,50.648],[48.83,50.597],[49.031,50.688],[49.158,50.793],[49.426,50.851],[49.441,50.906],[49.364,50.98],[49.462,51.124],[49.804,51.11],[49.968,51.226],[50.363,51.317],[50.354,51.378],[50.397,51.4],[50.385,51.425],[50.549,51.469],[50.544,51.567],[50.595,51.59],[50.603,51.64],[50.717,51.622],[50.683,51.573],[50.811,51.592],[50.814,51.648],[50.759,51.72],[50.773,51.769],[50.863,51.751],[50.939,51.689],[51.258,51.694],[51.302,51.648],[51.39,51.638],[51.391,51.569],[51.259,51.551],[51.303,51.48],[51.437,51.469],[51.591,51.545],[51.649,51.529],[51.65,51.47],[51.682,51.455],[51.803,51.5],[51.783,51.601],[51.894,51.682],[52.106,51.664],[52.177,51.729],[52.309,51.739],[52.329,51.782],[52.373,51.733]]]}},{"type":"Feature","properties":{"icao":"UBBA","name":"FIR BAKU","label":[48.979,40.267]},"geometry":{"type":"MultiLineString","coordinates":[[[46.54,38.876],[46.54,38.876]],[[45.134,39.72],[45.176,39.672],[45.171,39.579],[45.282,39.609],[45.326,39.538],[45.457,39.494],[45.725,39.58],[45.82,39.55],[45.829,39.443],[45.78,39.365],[46,39.264],[45.97,39.166],[46.178,38.841],[46.056,38.878],[45.872,38.88],[45.439,38.998],[45.435,39.051],[45.31,39.198],[45.142,39.217],[45.116,39.312],[44.95,39.436],[44.889,39.606],[44.813,39.631],[44.779,39.706],[44.952,39.726],[45.054,39.78],[45.134,39.72]],[[46.54,38.876],[46.495,38.96],[46.511,39.097],[46.416,39.201],[46.452,39.219],[46.546,39.189],[46.622,39.225],[46.518,39.33],[46.404,39.379],[46.381,39.425],[46.517,39.476],[46.541,39.564],[46.414,39.584],[46.35,39.628],[46.204,39.598],[46.154,39.658],[46.068,39.689],[46.011,39.77],[45.857,39.824],[45.774,39.944],[45.596,39.978],[45.638,40.022],[45.901,40.017],[45.924,40.092],[45.977,40.117],[46.002,40.226],[45.958,40.272],[45.876,40.27],[45.54,40.453],[45.414,40.608],[45.387,40.665],[45.422,40.722],[45.594,40.788],[45.622,40.862],[45.433,40.961],[45.439,41.022],[45.345,41.001],[45.233,41.022],[45.157,41.086],[45.091,41.063],[45.081,41.116],[45.223,41.142],[45.148,41.201],[45.053,41.203],[45.023,41.297],[45.16,41.39],[45.292,41.459],[45.401,41.428],[45.477,41.441],[45.538,41.399],[45.771,41.343],[45.709,41.29],[45.813,41.226],[46.031,41.17],[46.243,41.206],[46.378,41.104],[46.521,41.05],[46.545,41.095],[46.622,41.101],[46.67,41.155],[46.711,41.255],[46.694,41.312],[46.334,41.482],[46.299,41.55],[46.347,41.571],[46.283,41.615],[46.237,41.595],[46.194,41.686],[46.225,41.761],[46.332,41.759],[46.459,41.897],[46.568,41.882],[46.567,41.808],[46.592,41.792],[46.761,41.864],[46.771,41.797],[46.926,41.718],[47.043,41.558],[47.161,41.561],[47.259,41.425],[47.272,41.322],[47.371,41.272],[47.515,41.256],[47.572,41.211],[47.643,41.236],[47.759,41.196],[47.905,41.218],[47.908,41.291],[47.962,41.359],[48.023,41.362],[48.066,41.46],[48.249,41.509],[48.4,41.589],[48.471,41.724],[48.584,41.836],[50,42.633],[51.5,42],[51.5,37.867],[48.885,38.445],[48.789,38.448],[48.623,38.395],[48.454,38.565],[48.442,38.622],[48.328,38.603],[48.244,38.667],[48.244,38.728],[48.021,38.836],[48.014,38.906],[48.071,38.951],[48.312,39.008],[48.328,39.052],[48.294,39.112],[48.135,39.209],[48.12,39.264],[48.189,39.333],[48.36,39.385],[47.977,39.719],[47.931,39.684],[47.807,39.677],[47.533,39.509],[47.392,39.471],[47.292,39.377],[47.1,39.304],[47.026,39.189],[46.949,39.154],[46.838,39.155],[46.54,38.876]]]}},{"type":"Feature","properties":{"icao":"UDDD","name":"FIR YEREVAN ZVARTNOTS","label":[44.947,40.29]},"geometry":{"type":"MultiLineString","coordinates":[[[45.037,41.262],[45.053,41.203],[45.148,41.201],[45.223,41.142],[45.081,41.116],[45.091,41.063],[45.157,41.086],[45.233,41.022],[45.345,41.001],[45.439,41.022],[45.437,40.957],[45.618,40.872],[45.594,40.788],[45.444,40.738],[45.387,40.665],[45.532,40.461],[45.876,40.27],[45.958,40.272],[46.002,40.226],[45.977,40.117],[45.924,40.092],[45.901,40.017],[45.638,40.022],[45.596,39.978],[45.774,39.944],[45.857,39.824],[46.011,39.77],[46.068,39.689],[46.154,39.658],[46.204,39.598],[46.35,39.628],[46.414,39.584],[46.541,39.564],[46.517,39.476],[46.381,39.425],[46.404,39.379],[46.518,39.33],[46.622,39.225],[46.546,39.189],[46.452,39.219],[46.416,39.201],[46.511,39.097],[46.495,38.96],[46.54,38.873],[46.355,38.911],[46.178,38.841],[45.97,39.166],[46,39.264],[45.78,39.365],[45.83,39.449],[45.801,39.562],[45.725,39.58],[45.457,39.494],[45.326,39.538],[45.282,39.609],[45.171,39.579],[45.176,39.672],[45.062,39.779],[44.933,39.721],[44.779,39.706],[44.696,39.79],[44.591,39.833],[44.488,39.963],[44.347,40.024],[44.28,40.046],[44.152,40.014],[43.934,40.014],[43.649,40.12],[43.722,40.163],[43.672,40.22],[43.68,40.264],[43.594,40.337],[43.62,40.419],[43.554,40.471],[43.653,40.531],[43.754,40.676],[43.752,40.74],[43.686,40.842],[43.672,40.928],[43.599,40.992],[43.479,41.025],[43.461,41.113],[43.562,41.136],[43.782,41.116],[43.862,41.162],[44.157,41.188],[44.193,41.236],[44.302,41.195],[44.366,41.22],[44.484,41.188],[44.529,41.214],[44.57,41.185],[44.634,41.232],[44.876,41.219],[44.822,41.262],[44.834,41.287],[44.955,41.262],[45.024,41.297],[45.037,41.262]]]}},{"type":"Feature","properties":{"icao":"UEEE","name":"FIR YAKUTSK","label":[131.753,66.715]},"geometry":{"type":"MultiLineString","coordinates":[[[143.583,73.2],[158,72],[168,72.5],[168,70.5],[162,66.55],[158,66.55],[158,65.75],[149.667,64],[145.6,63.833],[145,62],[142.002,62],[138.168,59.75],[132.001,58],[131,56.167],[129.367,54.85],[128.167,54.667],[122.333,55.5],[119.667,56.69],[119.335,58.415],[114.862,59.6],[113.878,59.323],[109.992,60.408],[108.782,60.708],[107,62],[106.5,69.25],[112,72],[114.733,73.833],[114.717,76.333],[132,74.333],[143.583,73.2]]]}},{"type":"Feature","properties":{"icao":"UGGG","name":"FIR TBILISI","label":[42.972,42.222]},"geometry":{"type":"MultiLineString","coordinates":[[[40.519,43.512],[40.696,43.543],[41.044,43.375],[41.168,43.387],[41.296,43.336],[41.393,43.346],[41.436,43.296],[41.605,43.22],[41.94,43.217],[42.058,43.186],[42.181,43.236],[42.415,43.239],[42.626,43.143],[42.701,43.182],[42.857,43.177],[43.021,43.104],[43.011,43.057],[43.201,42.936],[43.561,42.861],[43.671,42.791],[43.827,42.751],[43.836,42.728],[43.736,42.639],[43.961,42.558],[44.054,42.618],[44.221,42.637],[44.287,42.713],[44.55,42.759],[44.684,42.739],[44.804,42.617],[44.855,42.743],[44.901,42.763],[45.06,42.692],[45.171,42.701],[45.352,42.529],[45.553,42.55],[45.701,42.516],[45.761,42.473],[45.639,42.212],[45.91,42.105],[45.961,42.024],[46.011,42.043],[46.078,42.034],[46.104,41.994],[46.24,42.001],[46.32,41.939],[46.394,41.941],[46.446,41.904],[46.421,41.838],[46.332,41.759],[46.211,41.749],[46.198,41.669],[46.237,41.595],[46.283,41.615],[46.347,41.571],[46.299,41.55],[46.334,41.482],[46.687,41.32],[46.697,41.212],[46.622,41.101],[46.56,41.104],[46.509,41.046],[46.243,41.206],[46.031,41.17],[45.851,41.213],[45.711,41.285],[45.766,41.346],[45.329,41.464],[45.255,41.447],[44.962,41.263],[44.834,41.287],[44.822,41.262],[44.864,41.215],[44.634,41.232],[44.577,41.186],[44.529,41.214],[44.461,41.186],[44.366,41.22],[44.302,41.195],[44.193,41.236],[44.157,41.188],[43.862,41.162],[43.782,41.116],[43.562,41.136],[43.474,41.111],[43.426,41.185],[43.35,41.202],[43.237,41.176],[43.199,41.255],[43.124,41.255],[43.208,41.307],[43.04,41.374],[42.893,41.507],[42.847,41.473],[42.788,41.509],[42.827,41.585],[42.598,41.583],[42.511,41.443],[42.472,41.433],[42.182,41.508],[42.05,41.491],[41.968,41.519],[41.833,41.428],[41.723,41.471],[41.723,41.496],[41.642,41.485],[40.333,41.9],[39.917,43.183],[40.09,43.558],[40.253,43.583],[40.519,43.512]]]}},{"type":"Feature","properties":{"icao":"UHHH","name":"FIR KHABAROVSK","label":[138.905,51.577]},"geometry":{"type":"MultiLineString","coordinates":[[[143.417,56.433],[146,56],[150,56],[150,45],[146.833,43],[145.833,43.33],[145.854,43.402],[145.412,43.641],[145.327,43.859],[145.733,44.45],[145.667,44.5],[142,45.75],[140,45.75],[135.933,40.5],[131.517,41.667],[130.655,42.314],[130.655,42.386],[130.559,42.507],[130.618,42.579],[130.605,42.62],[130.539,42.682],[130.404,42.713],[130.638,42.832],[130.771,42.832],[130.819,42.876],[131.015,42.855],[131.046,42.902],[131.123,42.911],[131.105,43.036],[131.214,43.133],[131.191,43.197],[131.261,43.264],[131.274,43.363],[131.311,43.392],[131.304,43.456],[131.187,43.553],[131.221,43.595],[131.199,43.819],[131.246,43.918],[131.231,43.974],[131.247,44.027],[131.298,44.052],[131.096,44.691],[130.954,44.846],[131.042,44.863],[131.118,44.926],[131.212,44.911],[131.35,44.975],[131.467,44.967],[131.644,45.106],[131.646,45.199],[131.754,45.213],[131.865,45.346],[131.989,45.242],[132.923,45.022],[133.122,45.129],[133.092,45.244],[133.149,45.451],[133.191,45.504],[133.417,45.569],[133.419,45.607],[133.468,45.622],[133.453,45.647],[133.489,45.683],[133.442,45.698],[133.508,45.778],[133.475,45.82],[133.522,45.887],[133.583,45.871],[133.611,45.932],[133.66,45.935],[133.725,46.065],[133.687,46.143],[133.9,46.25],[133.884,46.294],[133.91,46.314],[133.862,46.331],[133.929,46.392],[133.85,46.44],[133.846,46.476],[133.902,46.572],[134.019,46.667],[134.046,46.765],[134.012,46.824],[134.067,46.916],[134.063,46.975],[134.131,47.074],[134.222,47.111],[134.195,47.207],[134.148,47.249],[134.182,47.323],[134.315,47.421],[134.479,47.428],[134.552,47.467],[134.674,47.572],[134.684,47.63],[134.767,47.707],[134.77,47.739],[134.684,47.801],[134.662,47.874],[134.599,47.905],[134.557,47.995],[134.584,48.063],[134.668,48.107],[134.681,48.221],[134.741,48.267],[134.611,48.307],[134.572,48.364],[134.483,48.35],[134.415,48.391],[134.046,48.325],[133.978,48.26],[133.751,48.25],[133.696,48.187],[133.594,48.172],[133.507,48.071],[133.387,48.105],[133.089,48.102],[133.018,48.035],[132.884,48.009],[132.809,47.942],[132.671,47.95],[132.66,47.866],[132.584,47.79],[132.582,47.736],[132.521,47.71],[132.341,47.742],[131.919,47.67],[131.678,47.699],[131.576,47.656],[131.537,47.719],[131.417,47.739],[131.261,47.729],[131.095,47.672],[130.989,47.689],[130.937,47.725],[130.946,47.801],[130.89,47.9],[130.681,48.046],[130.659,48.099],[130.831,48.291],[130.737,48.418],[130.764,48.479],[130.627,48.477],[130.617,48.562],[130.522,48.608],[130.672,48.865],[130.504,48.852],[130.418,48.896],[130.222,48.865],[129.907,49.037],[129.916,49.079],[129.833,49.118],[129.847,49.158],[129.733,49.193],[129.722,49.266],[129.545,49.293],[129.523,49.391],[129.483,49.418],[129.384,49.425],[129.354,49.342],[129.2,49.391],[129.103,49.347],[129.051,49.365],[128.993,49.442],[128.875,49.478],[128.752,49.468],[128.802,49.559],[128.669,49.612],[128.626,49.57],[128.402,49.577],[128.323,49.538],[128.191,49.534],[128.103,49.537],[127.974,49.602],[127.838,49.587],[127.691,49.667],[127.672,49.749],[127.529,49.789],[127.504,49.841],[127.531,49.92],[127.488,49.981],[127.488,50.042],[127.57,50.128],[127.586,50.209],[127.331,50.319],[127.354,50.413],[127.289,50.46],[127.368,50.571],[127.28,50.681],[127.297,50.732],[127.217,50.784],[127.127,50.916],[126.931,51.06],[126.899,51.187],[126.973,51.318],[126.861,51.307],[126.893,51.239],[126.816,51.266],[126.821,51.33],[126.902,51.339],[126.915,51.379],[126.791,51.424],[126.825,51.501],[126.802,51.537],[126.673,51.575],[126.729,51.638],[126.721,51.709],[126.641,51.745],[126.442,51.988],[126.512,52.039],[126.557,52.131],[126.319,52.192],[126.32,52.229],[126.436,52.281],[126.32,52.308],[126.34,52.389],[126.267,52.459],[126.198,52.464],[126.214,52.513],[126.186,52.541],[126.085,52.59],[126.031,52.563],[125.989,52.582],[125.973,52.642],[126.064,52.676],[126.036,52.721],[126.096,52.764],[126.051,52.786],[125.971,52.763],[125.859,52.852],[125.845,52.899],[125.647,52.879],[125.649,52.913],[125.719,52.942],[125.729,52.979],[125.616,53.053],[125.506,53.038],[125.466,53.084],[125.134,53.197],[124.912,53.17],[124.876,53.144],[124.89,53.095],[124.852,53.089],[124.805,53.133],[124.706,53.134],[124.653,53.186],[124.402,53.212],[124.255,53.357],[124.104,53.341],[123.911,53.465],[123.697,53.496],[123.619,53.543],[123.529,53.499],[123.543,53.534],[123.497,53.547],[123.479,53.499],[123.246,53.553],[123.153,53.501],[122.824,53.45],[122.401,53.439],[122.332,53.484],[121.983,53.967],[122.333,55.5],[128.168,54.667],[129.368,54.85],[131,56.167],[132,58],[138.167,59.75],[142,62],[145,62],[146,61],[145.75,58],[143.417,56.433]]]}},{"type":"Feature","properties":{"icao":"UHMM","name":"FIR MAGADAN OCEANIC EAST","label":[155.118,78.001]},"geometry":{"type":"MultiLineString","coordinates":[[[180,72.257],[168,72.5],[158,72],[143.583,73.2],[132,74.333],[114.717,76.333],[114.75,78],[180,86.224]]]}},{"type":"Feature","properties":{"icao":"UHMM","name":"FIR MAGADAN OCEANIC WEST","label":[185.61,79.508]},"geometry":{"type":"MultiLineString","coordinates":[[[191,72],[180,72.257]],[[180,86.115],[191,87.633],[191,72]]]}},{"type":"Feature","properties":{"icao":"UHMM","name":"FIR MAGADAN SOKOL EAST","label":[163.245,60.428]},"geometry":{"type":"MultiLineString","coordinates":[[[180,60],[170.2,54.817],[169,54],[159,50.083],[150,45],[150,56],[146,56],[143.417,56.433],[145.75,58],[146,61],[145,62],[145.6,63.833],[149.667,64],[158,65.75],[158,66.55],[162,66.55],[168,70.5],[168,72.5],[180,72.257]]]}},{"type":"Feature","properties":{"icao":"UHMM","name":"FIR MAGADAN SOKOL WEST","label":[184.965,67.319]},"geometry":{"type":"MultiLineString","coordinates":[[[187.8,64.05],[180,60]],[[180,72.257],[191,72],[191,65],[187.8,64.05]]]}},{"type":"Feature","properties":{"icao":"UIII","name":"FIR IRKUTSK","label":[109.78,54.859]},"geometry":{"type":"MultiLineString","coordinates":[[[112.827,59.635],[113.878,59.323],[114.862,59.6],[119.335,58.415],[119.667,56.69],[122.333,55.5],[121.983,53.967],[122.332,53.484],[122.062,53.412],[121.83,53.413],[121.474,53.324],[121.325,53.318],[121.208,53.271],[120.864,53.28],[120.273,52.858],[120.029,52.768],[120.031,52.617],[120.073,52.59],[120.189,52.58],[120.44,52.637],[120.718,52.541],[120.623,52.34],[120.759,52.239],[120.783,52.155],[120.753,52.079],[120.695,52.049],[120.713,51.982],[120.652,51.914],[120.489,51.877],[120.176,51.672],[120.097,51.661],[120.049,51.548],[119.983,51.493],[119.957,51.39],[119.891,51.374],[119.921,51.336],[119.81,51.264],[119.818,51.214],[119.755,51.207],[119.781,51.166],[119.747,51.074],[119.522,50.905],[119.502,50.742],[119.287,50.594],[119.242,50.445],[119.139,50.395],[119.198,50.345],[119.359,50.342],[119.368,50.31],[119.329,50.274],[119.347,50.147],[119.314,50.089],[119.174,50.001],[118.583,49.927],[118.465,49.824],[118.386,49.817],[118.366,49.778],[117.896,49.55],[117.872,49.51],[117.494,49.623],[117.259,49.631],[116.983,49.709],[116.715,49.827],[116.616,49.931],[116.246,50.027],[116.07,50.003],[115.755,49.884],[115.415,49.898],[115.221,49.988],[115.04,50.142],[114.854,50.228],[114.676,50.264],[114.444,50.245],[114.313,50.284],[114.176,50.248],[113.875,50.087],[113.782,50.087],[113.586,50.016],[113.217,49.819],[113.101,49.679],[113.091,49.599],[112.767,49.501],[112.492,49.541],[111.964,49.407],[111.682,49.407],[111.498,49.349],[111.371,49.374],[110.956,49.191],[110.7,49.142],[110.461,49.207],[110.401,49.255],[110.319,49.196],[110.208,49.169],[109.993,49.202],[109.85,49.19],[109.739,49.235],[109.544,49.232],[109.352,49.337],[109.207,49.36],[109.075,49.334],[108.951,49.358],[108.555,49.336],[108.369,49.438],[108.272,49.536],[108.072,49.59],[108.03,49.622],[108.032,49.675],[107.949,49.678],[107.989,49.745],[107.955,49.852],[107.977,49.944],[107.813,49.949],[107.747,49.981],[107.409,49.979],[107.319,50.022],[107.272,50.001],[107.182,50.024],[107.078,50.085],[107.006,50.201],[106.795,50.308],[106.663,50.339],[106.253,50.298],[106.078,50.342],[106.069,50.375],[105.989,50.411],[105.644,50.425],[105.336,50.484],[105.132,50.398],[104.967,50.405],[104.626,50.318],[104.426,50.311],[104.25,50.185],[104.102,50.15],[103.821,50.201],[103.729,50.143],[103.657,50.136],[103.454,50.206],[103.324,50.197],[103.282,50.218],[103.246,50.303],[102.919,50.315],[102.78,50.387],[102.613,50.414],[102.537,50.513],[102.328,50.57],[102.294,50.643],[102.356,50.722],[102.233,50.826],[102.265,50.893],[102.258,50.981],[102.168,51.12],[102.154,51.245],[102.225,51.306],[102.219,51.334],[102.077,51.391],[101.601,51.484],[101.377,51.453],[101.274,51.521],[101.143,51.535],[100.554,51.736],[99.97,51.746],[99.722,51.893],[99.345,51.942],[99.027,52.061],[98.997,52.104],[99,53],[96,54],[98,55.933],[97.533,57.45],[100.683,57.934],[102.5,58.051],[103.233,58.567],[106.7,60.767],[105,61.333],[105.5,62],[107,62],[108.782,60.708],[109.992,60.408],[112.827,59.635]]]}},{"type":"Feature","properties":{"icao":"UKBV","name":"FIR KYIV","label":[30.888,50.083]},"geometry":{"type":"MultiLineString","coordinates":[[[27.239,50.514],[27.75,51.383],[27.76,51.481],[27.819,51.535],[27.812,51.589],[27.861,51.623],[27.975,51.568],[28.088,51.565],[28.259,51.661],[28.261,51.618],[28.359,51.531],[28.476,51.58],[28.627,51.566],[28.661,51.452],[28.719,51.452],[28.753,51.411],[28.766,51.485],[28.829,51.546],[28.986,51.572],[29.052,51.631],[29.118,51.637],[29.181,51.618],[29.243,51.538],[29.236,51.466],[29.339,51.373],[29.41,51.403],[29.483,51.39],[29.524,51.454],[29.594,51.453],[29.67,51.499],[29.718,51.494],[29.759,51.441],[29.851,51.436],[29.983,51.486],[30.184,51.491],[30.348,51.405],[30.335,51.345],[30.384,51.307],[30.551,51.252],[30.571,51.302],[30.644,51.333],[30.644,51.371],[30.582,51.43],[30.616,51.458],[30.566,51.516],[30.582,51.537],[30.53,51.551],[30.517,51.598],[30.557,51.625],[30.574,51.697],[30.628,51.711],[30.646,51.749],[30.617,51.764],[30.657,51.774],[30.665,51.827],[30.796,51.903],[30.801,51.947],[30.972,52.006],[30.93,52.03],[30.943,52.074],[31.132,52.086],[31.252,52.046],[31.362,52.117],[31.832,52.111],[31.905,52.092],[31.926,52.037],[32.124,52.044],[32.303,52.112],[32.341,52.221],[32.385,52.25],[32.357,52.302],[32.384,52.333],[32.924,52.247],[33.205,52.38],[33.449,52.344],[33.498,52.367],[33.535,52.293],[33.696,52.362],[33.839,52.361],[33.962,52.236],[34.057,52.201],[34.098,52.152],[34.073,52.06],[34.128,51.99],[34.109,51.96],[34.169,51.96],[34.258,51.879],[34.303,51.887],[34.384,51.843],[34.443,51.761],[34.406,51.719],[34.099,51.666],[34.234,51.547],[34.239,51.428],[34.204,51.407],[34.315,51.351],[34.274,51.286],[34.209,51.259],[34.305,51.231],[34.382,51.264],[34.461,51.247],[33.885,50.213],[33.617,49.313],[33.367,48.95],[32.742,48.688],[32.601,48.524],[32.65,48.383],[32.89,48.125],[32.833,47.767],[29.884,48.191],[29.249,47.78],[29.193,47.804],[29.258,47.875],[29.194,47.895],[29.149,47.982],[29.081,47.983],[29.039,47.934],[28.975,47.939],[28.852,48.032],[28.803,48.127],[28.561,48.163],[28.483,48.124],[28.463,48.071],[28.419,48.169],[28.346,48.127],[28.313,48.139],[28.371,48.196],[28.357,48.241],[28.222,48.205],[28.166,48.258],[28.089,48.231],[28.086,48.307],[27.949,48.33],[27.827,48.411],[27.85,49.762],[27.043,50.182],[27.239,50.514]]]}},{"type":"Feature","properties":{"icao":"UKDV","name":"FIR DNIPROPETROVS'K","label":[36.355,48.775]},"geometry":{"type":"MultiLineString","coordinates":[[[32.735,48.681],[33.367,48.95],[33.617,49.313],[33.885,50.213],[34.461,51.247],[34.64,51.241],[34.67,51.179],[34.735,51.172],[35.074,51.221],[35.119,51.205],[35.171,51.055],[35.372,51.041],[35.295,50.996],[35.305,50.944],[35.365,50.92],[35.398,50.803],[35.457,50.773],[35.458,50.694],[35.489,50.676],[35.394,50.638],[35.435,50.525],[35.467,50.48],[35.567,50.453],[35.583,50.383],[35.645,50.354],[35.729,50.353],[35.739,50.383],[35.85,50.429],[36.139,50.425],[36.297,50.284],[36.413,50.322],[36.563,50.276],[36.562,50.222],[36.64,50.212],[36.701,50.267],[36.884,50.336],[37.131,50.348],[37.316,50.428],[37.459,50.44],[37.494,50.351],[37.624,50.305],[37.605,50.217],[37.733,50.088],[37.925,50.025],[38.013,49.901],[38.185,49.951],[38.184,50.066],[38.308,50.074],[38.376,49.987],[38.499,49.952],[38.687,49.979],[38.696,49.927],[38.889,49.868],[38.945,49.807],[39.069,49.818],[39.184,49.88],[39.274,49.752],[39.581,49.731],[39.64,49.616],[39.797,49.553],[39.922,49.566],[40.005,49.614],[40.14,49.601],[40.141,49.559],[40.074,49.527],[40.053,49.478],[40.18,49.327],[40.167,49.249],[39.966,49.124],[39.939,49.055],[39.699,49.023],[39.694,48.973],[39.767,48.904],[39.971,48.86],[40.03,48.896],[40.077,48.875],[39.985,48.791],[39.804,48.818],[39.727,48.762],[39.657,48.617],[39.67,48.588],[39.853,48.555],[39.867,48.5],[39.838,48.484],[39.922,48.368],[39.838,48.312],[39.913,48.278],[40.012,48.285],[40.002,48.243],[39.933,48.213],[39.848,48.113],[39.869,48.041],[39.776,48.026],[39.82,47.97],[39.781,47.842],[39.724,47.818],[38.872,47.866],[38.817,47.832],[38.755,47.686],[38.35,47.608],[38.281,47.506],[38.286,47.396],[38.208,47.312],[38.316,47.292],[38.313,47.256],[38.214,47.183],[38.333,46.983],[37.5,46.783],[37.368,46.573],[36.7,46.583],[36,46.967],[35.917,47.108],[34.8,47.45],[32.833,47.767],[32.89,48.125],[32.65,48.383],[32.601,48.524],[32.735,48.681]]]}},{"type":"Feature","properties":{"icao":"UKFV","name":"FIR SIMFEROPOL","label":[33.904,44.875]},"geometry":{"type":"MultiLineString","coordinates":[[[30.15,44.767],[30.08,44.913],[30.358,44.875],[32.908,46.125],[32.833,46.767],[33.05,47.733],[34.8,47.45],[35.917,47.108],[36,46.967],[36.7,46.583],[37.368,46.573],[36.683,45.45],[36.683,45.378],[36.595,45.307],[36.595,45.245],[36.533,45.205],[36.61,44.937],[36.667,44.517],[36.267,42.733],[34,42.783],[30.75,42.8],[30.4,44.25],[30.15,44.767]]]}},{"type":"Feature","properties":{"icao":"UKLV","name":"FIR L VIV","label":[25.292,49.768]},"geometry":{"type":"MultiLineString","coordinates":[[[25.262,51.956],[25.44,51.922],[26.092,51.917],[26.181,51.861],[26.437,51.857],[26.457,51.813],[26.65,51.82],[26.933,51.75],[27.18,51.763],[27.207,51.743],[27.2,51.67],[27.299,51.654],[27.279,51.598],[27.446,51.601],[27.482,51.632],[27.728,51.584],[27.68,51.494],[27.76,51.481],[27.75,51.383],[27.043,50.182],[27.85,49.762],[27.827,48.411],[27.756,48.451],[27.621,48.45],[27.6,48.487],[27.419,48.417],[27.343,48.443],[27.245,48.369],[27.054,48.407],[27.049,48.365],[26.969,48.359],[26.854,48.405],[26.791,48.382],[26.803,48.297],[26.751,48.299],[26.703,48.345],[26.609,48.236],[26.315,48.186],[26.272,48.076],[26.167,47.988],[25.326,47.915],[25.23,47.881],[25.11,47.755],[24.919,47.712],[24.816,47.813],[24.694,47.849],[24.668,47.902],[24.556,47.953],[24.428,47.959],[24.244,47.904],[23.97,47.961],[23.861,47.929],[23.765,47.984],[23.384,47.999],[23.265,48.088],[23.168,48.109],[23.084,48.011],[23.029,47.989],[22.942,48.013],[22.94,47.968],[22.896,47.954],[22.851,47.981],[22.882,48.047],[22.797,48.115],[22.621,48.102],[22.575,48.194],[22.504,48.247],[22.379,48.246],[22.319,48.314],[22.319,48.362],[22.26,48.361],[22.269,48.407],[22.151,48.412],[22.159,48.58],[22.329,48.687],[22.348,48.764],[22.389,48.797],[22.377,48.852],[22.467,48.979],[22.537,48.996],[22.563,49.085],[22.886,49.003],[22.876,49.09],[22.735,49.177],[22.7,49.166],[22.76,49.295],[22.656,49.52],[22.681,49.572],[23.146,49.983],[23.677,50.324],[23.704,50.378],[23.992,50.407],[24.026,50.494],[24.133,50.544],[24.08,50.705],[23.952,50.795],[23.973,50.828],[24.115,50.831],[24.145,50.858],[23.966,50.949],[23.863,51.098],[23.867,51.149],[23.636,51.301],[23.693,51.405],[23.639,51.449],[23.654,51.485],[23.611,51.503],[23.605,51.528],[23.647,51.534],[23.615,51.618],[23.768,51.652],[23.902,51.634],[23.954,51.585],[24.008,51.596],[24.279,51.738],[24.313,51.822],[24.397,51.887],[24.891,51.9],[25.262,51.956]]]}},{"type":"Feature","properties":{"icao":"UKOV","name":"FIR ODESA","label":[30.862,46.609]},"geometry":{"type":"MultiLineString","coordinates":[[[32.833,46.767],[32.908,46.125],[30.358,44.875],[30.08,44.913],[29.967,45.15],[29.66,45.214],[29.671,45.287],[29.637,45.35],[29.423,45.435],[29.217,45.425],[29.171,45.384],[28.968,45.321],[28.941,45.277],[28.792,45.324],[28.794,45.288],[28.756,45.269],[28.797,45.235],[28.695,45.22],[28.343,45.316],[28.279,45.431],[28.215,45.449],[28.284,45.525],[28.523,45.518],[28.511,45.569],[28.556,45.587],[28.489,45.665],[28.527,45.714],[28.582,45.72],[28.584,45.763],[28.675,45.775],[28.689,45.819],[28.755,45.839],[28.756,45.96],[28.972,46.007],[28.957,46.106],[29.041,46.194],[28.947,46.282],[28.965,46.312],[28.932,46.428],[28.994,46.478],[29.203,46.545],[29.228,46.485],[29.201,46.381],[29.224,46.365],[29.307,46.402],[29.324,46.476],[29.393,46.416],[29.478,46.492],[29.508,46.481],[29.5,46.432],[29.576,46.42],[29.627,46.369],[29.673,46.391],[29.663,46.429],[29.733,46.439],[29.733,46.478],[29.848,46.348],[30.129,46.402],[29.899,46.53],[29.896,46.552],[29.969,46.575],[29.95,46.814],[29.574,46.946],[29.624,47.046],[29.614,47.084],[29.57,47.099],[29.539,47.067],[29.497,47.118],[29.573,47.145],[29.557,47.233],[29.601,47.272],[29.579,47.329],[29.501,47.346],[29.479,47.294],[29.416,47.288],[29.38,47.358],[29.253,47.455],[29.187,47.44],[29.131,47.544],[29.198,47.612],[29.208,47.718],[29.253,47.778],[29.884,48.191],[33.05,47.733],[32.833,46.767]]]}},{"type":"Feature","properties":{"icao":"ULLL","name":"FIR SANKT-PETERBURG","label":[46.942,65.92]},"geometry":{"type":"MultiLineString","coordinates":[[[66.783,68.867],[68,68.433],[67.367,67.75],[66.067,67.167],[63.433,66.467],[62.533,66],[60.3,64.617],[59.5,62],[57,62],[57.183,61.233],[53.333,60],[50,60],[48.667,60.333],[46.333,60.067],[45.467,59.533],[45,58.767],[35.833,58.583],[33.9,57.983],[31.15,56.983],[30.932,55.622],[30.769,55.594],[30.727,55.656],[30.637,55.665],[30.603,55.729],[30.494,55.764],[30.49,55.8],[30.226,55.866],[30.141,55.828],[29.928,55.852],[29.823,55.775],[29.719,55.782],[29.494,55.689],[29.359,55.789],[29.407,55.896],[29.464,55.911],[29.412,55.958],[29.059,56.033],[28.869,55.981],[28.847,55.942],[28.754,55.954],[28.646,56.094],[28.387,56.096],[28.312,56.05],[28.169,56.149],[28.238,56.271],[28.184,56.375],[28.19,56.441],[28.113,56.506],[28.152,56.554],[28.036,56.591],[28.005,56.691],[27.886,56.747],[27.935,56.827],[27.816,56.878],[27.64,56.848],[27.777,57.066],[27.701,57.119],[27.841,57.164],[27.861,57.302],[27.527,57.439],[27.547,57.536],[27.372,57.536],[27.347,57.591],[27.406,57.614],[27.413,57.691],[27.527,57.723],[27.516,57.773],[27.573,57.803],[27.546,57.818],[27.753,57.839],[27.823,57.874],[27.684,57.926],[27.697,58.001],[27.642,58.021],[27.677,58.074],[27.554,58.133],[27.474,58.214],[27.465,58.298],[27.539,58.362],[27.542,58.414],[27.429,58.819],[27.494,58.882],[27.725,58.988],[27.913,59.272],[28.144,59.291],[28.194,59.376],[28.026,59.475],[27.637,59.612],[25.867,59.883],[26.55,60.133],[27.3,60.2],[28.158,60.77],[28.521,60.952],[28.639,60.966],[28.821,61.107],[29.214,61.253],[29.486,61.426],[29.526,61.483],[29.809,61.608],[29.832,61.653],[29.991,61.729],[30.65,62.195],[30.94,62.307],[31.26,62.508],[31.468,62.806],[31.589,62.914],[31.515,62.987],[31.282,63.109],[31.22,63.223],[30.962,63.31],[30.796,63.402],[30.482,63.479],[29.993,63.744],[30.256,63.818],[30.345,63.91],[30.595,64.047],[30.611,64.102],[30.547,64.18],[30.578,64.221],[30.39,64.309],[30.156,64.354],[30.052,64.405],[30.087,64.483],[30.01,64.513],[29.975,64.581],[30.199,64.65],[30.197,64.686],[30.121,64.731],[30.141,64.774],[29.805,64.794],[29.637,64.928],[29.607,65.002],[29.629,65.063],[29.874,65.121],[29.823,65.149],[29.87,65.187],[29.854,65.216],[29.596,65.249],[29.747,65.342],[29.746,65.514],[29.86,65.566],[29.722,65.638],[30.024,65.691],[30.124,65.665],[30.134,65.719],[30.097,65.833],[29.977,65.981],[29.91,66.127],[29.639,66.322],[29.548,66.496],[29.421,66.585],[29.33,66.7],[29.107,66.838],[29.075,66.896],[29.088,66.97],[29.134,67.014],[29.53,67.3],[29.933,67.514],[29.978,67.572],[29.99,67.672],[30.029,67.695],[29.692,67.815],[29.357,68.082],[28.697,68.193],[28.457,68.532],[28.739,68.734],[28.821,68.844],[28.738,68.876],[28.432,68.897],[28.878,69.036],[29.13,69.048],[29.254,69.12],[29.322,69.246],[29.31,69.315],[29.945,69.431],[30.098,69.503],[30.185,69.583],[30.143,69.628],[30.073,69.631],[30.103,69.663],[30.204,69.664],[30.529,69.546],[30.91,69.549],[30.946,69.582],[30.955,69.681],[30.898,69.706],[30.901,69.742],[30.833,69.8],[31.133,70],[32.083,70.167],[32.083,71.5],[43.267,68.667],[48.617,73],[70.683,74.5],[70.917,73.667],[68.667,73.667],[65.667,70.833],[66.783,68.867]]]}},{"type":"Feature","properties":{"icao":"ULMM","name":"FIR MURMANSK OCEANIC EAST","label":[90.898,83.198]},"geometry":{"type":"MultiLineString","coordinates":[[[114.75,78],[89.5,77.333],[81.833,75.333],[70.683,74.5],[48.617,73],[43.267,68.667],[32.083,71.5],[32.083,74],[35,74],[35,81],[32,81],[32,90],[180,90]],[[180,86.224],[114.75,78]]]}},{"type":"Feature","properties":{"icao":"ULMM","name":"FIR MURMANSK OCEANIC WEST","label":[185.055,88.406]},"geometry":{"type":"MultiLineString","coordinates":[[[191,87.633],[180,86.115]],[[180,90],[191,90],[191,87.633]]]}},{"type":"Feature","properties":{"icao":"UMKK","name":"FIR KALININGRAD","label":[20.258,55.046]},"geometry":{"type":"MultiLineString","coordinates":[[[20.985,55.277],[21.264,55.249],[21.381,55.287],[21.504,55.193],[21.64,55.185],[21.863,55.092],[22.01,55.088],[22.062,55.027],[22.197,55.062],[22.599,55.071],[22.641,54.966],[22.732,54.962],[22.771,54.939],[22.756,54.921],[22.835,54.902],[22.869,54.823],[22.842,54.777],[22.741,54.728],[22.698,54.589],[22.694,54.473],[22.786,54.364],[21.412,54.326],[19.651,54.456],[17.55,55.85],[18.021,56.094],[20.985,55.277]]]}},{"type":"Feature","properties":{"icao":"UMKK","name":"UIR KALININGRAD","label":[20.258,55.046]},"geometry":{"type":"MultiLineString","coordinates":[[[20.985,55.277],[21.264,55.249],[21.381,55.287],[21.504,55.193],[21.64,55.185],[21.863,55.092],[22.01,55.088],[22.062,55.027],[22.197,55.062],[22.599,55.071],[22.641,54.966],[22.732,54.962],[22.771,54.939],[22.756,54.921],[22.835,54.902],[22.869,54.823],[22.842,54.777],[22.741,54.728],[22.698,54.589],[22.694,54.473],[22.786,54.364],[21.412,54.326],[19.651,54.456],[17.55,55.85],[18.021,56.094],[20.985,55.277]]]}},{"type":"Feature","properties":{"icao":"UMMV","name":"FIR MINSK","label":[28.048,53.539]},"geometry":{"type":"MultiLineString","coordinates":[[[26.316,55.152],[26.616,55.125],[26.669,55.218],[26.82,55.281],[26.767,55.314],[26.456,55.341],[26.569,55.468],[26.547,55.52],[26.627,55.593],[26.633,55.695],[26.85,55.711],[26.99,55.835],[27.156,55.846],[27.282,55.787],[27.351,55.826],[27.599,55.792],[27.647,55.924],[27.791,55.989],[27.796,56.025],[27.929,56.113],[28.118,56.167],[28.312,56.05],[28.387,56.096],[28.646,56.094],[28.754,55.954],[28.847,55.942],[28.869,55.981],[29.059,56.033],[29.412,55.958],[29.464,55.911],[29.407,55.896],[29.359,55.789],[29.494,55.689],[29.719,55.782],[29.823,55.775],[29.859,55.822],[29.946,55.854],[30.141,55.828],[30.226,55.866],[30.49,55.8],[30.494,55.764],[30.612,55.72],[30.609,55.681],[30.727,55.656],[30.757,55.597],[30.926,55.603],[30.939,55.492],[30.901,55.459],[30.939,55.399],[30.814,55.293],[31.005,55.143],[30.987,55.112],[31.03,55.043],[30.925,55.033],[30.947,54.969],[30.834,54.944],[30.845,54.881],[30.781,54.794],[31.005,54.712],[31.025,54.652],[31.189,54.639],[31.084,54.499],[31.232,54.457],[31.312,54.351],[31.332,54.237],[31.544,54.143],[31.762,54.103],[31.793,54.053],[31.844,54.064],[31.861,53.963],[31.764,53.803],[31.902,53.778],[32.12,53.82],[32.329,53.762],[32.377,53.719],[32.48,53.714],[32.504,53.672],[32.415,53.646],[32.439,53.578],[32.597,53.491],[32.671,53.497],[32.661,53.467],[32.738,53.466],[32.737,53.342],[32.462,53.308],[32.498,53.278],[32.43,53.201],[32.137,53.089],[31.816,53.12],[31.776,53.194],[31.63,53.217],[31.405,53.196],[31.386,53.099],[31.266,53.022],[31.356,52.978],[31.415,52.893],[31.537,52.856],[31.581,52.803],[31.595,52.738],[31.5,52.69],[31.653,52.553],[31.582,52.551],[31.565,52.516],[31.609,52.491],[31.602,52.406],[31.63,52.371],[31.587,52.319],[31.717,52.262],[31.704,52.199],[31.782,52.166],[31.784,52.108],[31.362,52.117],[31.252,52.046],[31.132,52.086],[30.943,52.074],[30.93,52.03],[30.972,52.006],[30.801,51.947],[30.796,51.903],[30.665,51.827],[30.657,51.774],[30.617,51.764],[30.646,51.749],[30.628,51.711],[30.574,51.697],[30.557,51.625],[30.517,51.598],[30.53,51.551],[30.582,51.537],[30.566,51.516],[30.616,51.458],[30.582,51.43],[30.644,51.371],[30.644,51.333],[30.571,51.302],[30.551,51.252],[30.384,51.307],[30.335,51.345],[30.348,51.405],[30.176,51.492],[29.983,51.486],[29.851,51.436],[29.759,51.441],[29.718,51.494],[29.67,51.499],[29.594,51.453],[29.524,51.454],[29.483,51.39],[29.41,51.403],[29.339,51.373],[29.236,51.466],[29.243,51.538],[29.181,51.618],[29.118,51.637],[29.052,51.631],[28.986,51.572],[28.829,51.546],[28.766,51.485],[28.753,51.411],[28.719,51.452],[28.661,51.452],[28.627,51.566],[28.476,51.58],[28.359,51.531],[28.261,51.618],[28.259,51.661],[28.088,51.565],[27.975,51.568],[27.851,51.62],[27.812,51.589],[27.817,51.531],[27.747,51.466],[27.68,51.494],[27.728,51.572],[27.712,51.597],[27.482,51.632],[27.446,51.601],[27.279,51.598],[27.299,51.654],[27.2,51.67],[27.197,51.759],[26.92,51.751],[26.65,51.82],[26.445,51.815],[26.437,51.857],[26.181,51.861],[26.092,51.917],[25.776,51.939],[25.44,51.922],[25.179,51.96],[24.891,51.9],[24.397,51.887],[24.313,51.822],[24.279,51.738],[24.043,51.61],[23.954,51.585],[23.897,51.636],[23.667,51.641],[23.609,51.608],[23.646,51.521],[23.561,51.542],[23.535,51.654],[23.556,51.749],[23.629,51.805],[23.595,51.834],[23.612,51.914],[23.673,51.991],[23.639,52.079],[23.515,52.124],[23.493,52.174],[23.206,52.225],[23.165,52.282],[23.397,52.514],[23.597,52.596],[23.754,52.616],[23.929,52.706],[23.915,52.919],[23.939,52.962],[23.878,53.076],[23.911,53.167],[23.815,53.254],[23.675,53.491],[23.504,53.947],[23.664,53.905],[24.176,53.967],[24.278,53.9],[24.387,53.889],[24.612,53.992],[24.821,53.977],[24.841,54.034],[24.796,54.101],[24.84,54.142],[24.969,54.159],[25.072,54.135],[25.179,54.186],[25.213,54.263],[25.392,54.256],[25.472,54.306],[25.577,54.24],[25.518,54.226],[25.548,54.203],[25.505,54.183],[25.534,54.147],[25.785,54.161],[25.808,54.248],[25.727,54.291],[25.711,54.334],[25.547,54.329],[25.636,54.427],[25.649,54.517],[25.764,54.579],[25.727,54.667],[25.737,54.789],[25.804,54.814],[25.789,54.87],[25.877,54.942],[26.161,54.977],[26.248,55.071],[26.253,55.124],[26.316,55.152]]]}},{"type":"Feature","properties":{"icao":"UNKL","name":"FIR KRASNOYARSK","label":[94.974,67.294]},"geometry":{"type":"MultiLineString","coordinates":[[[99,53],[98.999,52.109],[98.93,52.144],[98.892,52.127],[98.806,51.942],[98.674,51.803],[98.315,51.704],[98.248,51.581],[98.26,51.516],[98.232,51.46],[98.053,51.461],[97.938,51.312],[97.959,51.223],[97.828,51.001],[97.877,50.93],[98.013,50.856],[97.964,50.778],[98.063,50.631],[98.161,50.571],[98.315,50.532],[98.292,50.299],[98.107,50.049],[97.864,49.933],[97.786,49.969],[97.594,49.927],[97.586,49.844],[97.356,49.739],[97.169,49.762],[96.997,49.894],[96.722,49.921],[96.592,49.865],[96.547,49.926],[96.379,49.894],[96.294,49.947],[96.074,50.007],[95.96,49.944],[95.907,50.014],[95.817,50.022],[95.742,49.957],[95.592,49.941],[95.529,49.893],[95.422,49.956],[95.066,49.962],[94.976,50.056],[94.635,50.024],[94.511,50.165],[94.39,50.214],[94.352,50.415],[94.275,50.569],[93.558,50.59],[93.449,50.622],[93.033,50.609],[92.971,50.666],[92.999,50.751],[92.975,50.791],[92.803,50.794],[92.76,50.712],[92.661,50.682],[92.574,50.758],[92.473,50.785],[92.393,50.875],[92.327,50.855],[92.295,50.754],[92.221,50.706],[91.906,50.715],[91.772,50.69],[91.659,50.637],[91.607,50.573],[91.468,50.527],[91.447,50.471],[91.03,50.433],[90.87,50.326],[90.749,50.297],[90.699,50.219],[90.51,50.224],[90.379,50.186],[90.244,50.12],[90.051,50.082],[89.985,49.972],[89.726,49.941],[89.64,49.899],[89.45,51],[88.283,51.533],[89.05,52.833],[88.667,54.583],[89.083,56.067],[88.167,57.35],[87.933,58.75],[83,60.917],[84.8,63.45],[82.783,66.55],[80,68.667],[78.583,70.867],[76,71.883],[74.467,72.983],[70.917,73.667],[70.683,74.5],[81.833,75.333],[89.5,77.333],[114.75,78],[114.717,76.333],[114.733,73.833],[112,72],[106.5,69.25],[107,62],[105.5,62],[105,61.333],[106.7,60.767],[103.233,58.567],[102.5,58.05],[100.749,57.938],[97.533,57.45],[98,55.933],[96,54],[99,53]]]}},{"type":"Feature","properties":{"icao":"UNNT","name":"FIR NOVOSIBIRSK","label":[81.058,55.645]},"geometry":{"type":"MultiLineString","coordinates":[[[83,60.917],[87.933,58.75],[88.167,57.35],[89.083,56.067],[88.667,54.583],[89.05,52.833],[88.283,51.533],[89.45,51],[89.637,49.855],[89.671,49.821],[89.654,49.79],[89.736,49.749],[89.711,49.715],[89.46,49.65],[89.372,49.58],[89.227,49.638],[89.197,49.611],[89.231,49.537],[89.013,49.464],[88.929,49.546],[88.887,49.544],[88.9,49.443],[88.731,49.451],[88.651,49.501],[88.221,49.462],[88.132,49.368],[88.171,49.28],[87.989,49.177],[87.714,49.165],[87.412,49.078],[87.348,49.093],[87.305,49.207],[87.266,49.228],[87.046,49.258],[86.927,49.353],[86.962,49.397],[86.84,49.452],[86.847,49.522],[86.617,49.587],[86.682,49.67],[86.8,49.702],[86.763,49.734],[86.775,49.789],[86.616,49.797],[86.611,49.761],[86.497,49.716],[86.506,49.676],[86.287,49.586],[86.246,49.501],[86.191,49.472],[86.133,49.533],[85.969,49.489],[85.969,49.566],[85.837,49.544],[85.771,49.58],[85.691,49.564],[85.631,49.627],[85.524,49.591],[85.404,49.623],[85.259,49.591],[85.211,49.647],[85.211,49.716],[85.092,49.82],[85.084,49.881],[84.978,49.913],[84.979,49.998],[85.058,50.014],[85.014,50.076],[84.852,50.092],[84.811,50.144],[84.736,50.146],[84.674,50.197],[84.56,50.196],[84.474,50.257],[84.363,50.212],[84.264,50.275],[84.263,50.354],[84.197,50.453],[84.225,50.51],[84.167,50.557],[84.171,50.596],[83.97,50.716],[83.972,50.802],[83.902,50.814],[83.836,50.881],[83.731,50.886],[83.662,50.932],[83.497,50.962],[83.456,51.002],[83.139,51.002],[83.087,50.924],[83.01,50.889],[82.761,50.911],[82.727,50.899],[82.72,50.811],[82.499,50.721],[82.443,50.758],[82.356,50.76],[82.15,50.711],[82.011,50.771],[81.829,50.768],[81.783,50.793],[81.726,50.747],[81.468,50.742],[81.435,50.769],[81.49,50.841],[81.422,50.928],[81.425,50.966],[81.073,50.952],[81.184,51.196],[81.041,51.181],[80.94,51.221],[80.932,51.284],[80.872,51.259],[80.688,51.315],[80.633,51.215],[80.439,51.198],[80.431,51.119],[80.487,51.059],[80.468,50.968],[80.199,50.888],[80.172,50.829],[80.065,50.861],[80.035,50.833],[80.11,50.764],[80.078,50.758],[79.994,50.813],[79.536,51.45],[78.923,52.176],[77.908,53.271],[77.524,53.506],[76.522,53.994],[76.393,54.164],[76.721,54.153],[76.865,54.318],[76.856,54.359],[76.779,54.394],[76.925,54.437],[76.924,54.476],[76.707,54.447],[76.657,54.368],[76.488,54.326],[76.239,54.359],[76.186,54.296],[76.207,54.259],[75.691,54.11],[75.501,54.115],[75.384,54.067],[75.457,53.994],[75.034,53.807],[74.947,53.839],[74.789,53.836],[74.758,53.767],[74.675,53.764],[74.647,53.688],[74.466,53.693],[74.439,53.61],[74.484,53.584],[74.429,53.479],[74.376,53.472],[74.284,53.527],[74.294,53.561],[74.247,53.602],[74.088,53.574],[74.081,53.632],[73.917,53.654],[73.811,53.598],[73.677,53.619],[73.663,53.568],[73.601,53.573],[73.582,53.52],[73.437,53.436],[73.37,53.467],[73.414,53.528],[73.254,53.58],[73.282,53.614],[73.239,53.644],[73.26,53.683],[73.33,53.693],[73.356,53.79],[73.461,53.816],[73.414,53.836],[73.443,53.876],[73.712,53.875],[73.764,54.066],[73.7,54.056],[73.692,54.085],[73.546,53.959],[73.41,53.982],[73.397,53.949],[73.291,53.954],[73.069,53.989],[73.059,54.043],[73.001,54.054],[72.975,54.128],[72.613,54.145],[72.551,54.108],[72.527,54.051],[72.669,54.064],[72.731,53.962],[72.57,53.987],[72.469,53.909],[72.392,53.931],[72.446,54.026],[72.378,54.087],[72.509,54.143],[72.322,54.186],[72.36,54.244],[72.197,54.374],[72.052,54.388],[72.045,54.363],[72.134,54.315],[72.085,54.229],[72.206,54.2],[72.191,54.136],[72.122,54.133],[72.032,54.236],[71.768,54.255],[71.731,54.213],[71.749,54.154],[71.654,54.11],[71.597,54.137],[71.501,54.113],[71.483,54.194],[71.336,54.215],[71.258,54.126],[71.186,54.103],[71.067,54.194],[71.075,54.271],[70.998,54.278],[70.997,54.339],[71.214,54.326],[71.222,54.41],[71.189,54.419],[71.196,54.471],[71.167,54.484],[71.16,54.596],[71.288,54.634],[71.279,54.69],[71.227,54.734],[71.105,54.736],[71.013,54.797],[71.025,54.849],[70.968,54.893],[71,54.956],[70.976,54.976],[70.998,55.096],[70.803,55.251],[70.843,55.302],[70.679,55.314],[70.578,55.276],[70.47,55.297],[70.398,55.209],[70.288,55.187],[70.239,55.139],[70.056,55.208],[69.949,55.204],[69.846,55.295],[69.673,55.354],[69.351,55.394],[69.233,55.332],[69.186,55.344],[69.168,55.401],[69.216,55.667],[71.167,57.7],[72.8,58.167],[73.875,59.005],[75.396,59.797],[77.5,60.833],[80.167,60.667],[83,60.917]]]}},{"type":"Feature","properties":{"icao":"URRV","name":"FIR ROSTOV-NA-DONU","label":[43.485,45.975]},"geometry":{"type":"MultiLineString","coordinates":[[[46.9,50.517],[48.713,50.398],[48.751,50.263],[48.811,50.194],[48.791,50.124],[48.88,50.102],[48.917,50.034],[48.784,49.937],[48.451,49.817],[48.377,49.833],[48.332,49.879],[48.246,49.873],[48.249,49.909],[48.14,50.009],[48.111,50.099],[47.761,50.375],[47.62,50.46],[47.491,50.421],[47.416,50.332],[47.317,50.294],[47.343,50.242],[47.281,50.182],[47.357,50.09],[47.302,50.032],[47.188,49.944],[46.929,49.864],[46.796,49.34],[47.026,49.236],[47.063,49.143],[46.954,49.013],[46.779,48.937],[46.499,48.417],[47.123,48.272],[47.133,48.242],[47.096,48.21],[47.138,48.17],[47.122,48.102],[47.215,48.071],[47.062,47.996],[47.183,47.874],[47.137,47.822],[47.383,47.689],[47.436,47.844],[47.663,47.769],[48.047,47.782],[48.152,47.745],[48.444,47.437],[48.547,47.417],[48.721,47.098],[49.027,46.776],[48.941,46.704],[48.765,46.691],[48.691,46.768],[48.539,46.752],[48.476,46.668],[48.554,46.644],[48.584,46.598],[48.561,46.565],[48.74,46.558],[48.834,46.485],[48.918,46.489],[49.433,46.233],[49.433,46.133],[49.5,45.917],[49.5,42.833],[50,42.633],[48.584,41.836],[48.471,41.724],[48.4,41.589],[48.231,41.502],[48.074,41.468],[48.023,41.362],[47.962,41.359],[47.908,41.291],[47.92,41.226],[47.767,41.196],[47.66,41.236],[47.572,41.211],[47.522,41.254],[47.371,41.272],[47.276,41.319],[47.259,41.425],[47.161,41.561],[47.043,41.558],[46.926,41.718],[46.771,41.797],[46.761,41.864],[46.592,41.792],[46.563,41.886],[46.326,41.936],[46.24,42.001],[46.104,41.994],[46.078,42.034],[46.011,42.043],[45.961,42.024],[45.91,42.105],[45.663,42.195],[45.639,42.229],[45.757,42.482],[45.553,42.55],[45.352,42.529],[45.159,42.706],[45.06,42.692],[44.887,42.76],[44.797,42.616],[44.684,42.739],[44.55,42.759],[44.287,42.713],[44.221,42.637],[44.054,42.618],[43.961,42.558],[43.736,42.639],[43.836,42.728],[43.827,42.751],[43.671,42.791],[43.561,42.861],[43.201,42.936],[43.011,43.057],[43.021,43.104],[42.857,43.177],[42.701,43.182],[42.626,43.143],[42.415,43.239],[42.181,43.236],[42.058,43.186],[41.94,43.217],[41.59,43.223],[41.393,43.346],[41.296,43.336],[41.168,43.387],[41.044,43.375],[40.685,43.546],[40.543,43.509],[40.253,43.583],[40.107,43.566],[40.021,43.444],[39.917,43.183],[40.333,41.9],[37.717,42.683],[36.267,42.733],[36.667,44.517],[36.617,44.933],[36.533,45.205],[36.595,45.245],[36.59,45.307],[36.683,45.378],[36.683,45.45],[37.5,46.783],[38.333,46.983],[38.214,47.183],[38.313,47.256],[38.316,47.292],[38.208,47.312],[38.286,47.396],[38.281,47.506],[38.339,47.601],[38.606,47.638],[38.691,47.694],[38.755,47.686],[38.817,47.832],[38.872,47.866],[39.724,47.818],[39.796,47.857],[39.82,47.97],[39.776,48.026],[39.869,48.041],[39.848,48.113],[39.933,48.213],[40.002,48.243],[40.012,48.285],[39.913,48.278],[39.838,48.312],[39.922,48.368],[39.838,48.484],[39.867,48.5],[39.853,48.555],[39.67,48.588],[39.657,48.617],[39.727,48.762],[39.804,48.818],[39.985,48.791],[40.077,48.875],[40.03,48.896],[39.971,48.86],[39.767,48.904],[39.694,48.973],[39.699,49.023],[39.939,49.055],[39.966,49.124],[40.167,49.249],[40.18,49.327],[40.147,49.382],[43.033,50.75],[43.633,51.1],[44.983,51.2],[45.783,50.617],[46.9,50.517]]]}},{"type":"Feature","properties":{"icao":"USSS","name":"FIR YEKATERINBURG","label":[57.112,57.949]},"geometry":{"type":"MultiLineString","coordinates":[[[63.2,62.083],[64.133,59.5],[63.733,59.033],[64.15,57.8],[63.75,57],[62.933,56.267],[65.483,55.617],[64.824,54.372],[64.771,54.348],[64.696,54.346],[64.6,54.392],[64.411,54.342],[63.993,54.311],[63.98,54.281],[64.02,54.238],[63.899,54.198],[63.726,54.26],[63.405,54.173],[63.155,54.183],[63.132,54.169],[63.149,54.114],[63.11,54.096],[62.834,54.109],[62.669,54.082],[62.566,54.033],[62.609,53.977],[62.553,53.941],[62.574,53.897],[62.547,53.879],[62.406,53.956],[62.47,54.002],[62.458,54.04],[62.025,54.025],[62.026,53.94],[61.855,53.952],[61.815,54.008],[61.642,54.002],[61.631,53.959],[61.584,53.957],[61.573,54.002],[61.487,54.016],[61.451,54.065],[61.326,54.069],[61.303,54.033],[61.216,54.026],[61.253,53.952],[61.223,53.914],[61.167,53.959],[61.014,53.947],[61.001,53.89],[61.119,53.883],[61.227,53.812],[61.135,53.722],[61.074,53.711],[61.06,53.643],[60.908,53.66],[60.906,53.62],[61.094,53.617],[61.148,53.575],[61.344,53.548],[61.395,53.593],[61.539,53.593],[61.577,53.513],[61.425,53.442],[61.312,53.512],[61.242,53.507],[61.238,53.456],[61.152,53.375],[61.185,53.307],[61.538,53.216],[61.676,53.255],[61.781,53.181],[62.105,53.125],[62.144,53.081],[62.118,53.004],[61.967,52.937],[61.862,52.987],[61.685,52.983],[61.621,52.953],[61.463,53.03],[61.376,52.993],[61.203,53.022],[60.997,52.979],[61.081,52.93],[60.858,52.782],[60.732,52.75],[60.694,52.681],[60.736,52.637],[60.835,52.636],[60.835,52.53],[60.971,52.495],[60.979,52.413],[61.062,52.342],[60.782,52.22],[60.715,52.157],[60.46,52.145],[60.223,51.999],[60.026,52.001],[58.317,52.583],[57.55,53.3],[58.5,53.75],[58.8,54.033],[57.883,55.7],[56.083,56.5],[52.2,56.417],[51.083,56.233],[47.917,57.3],[46.75,57.233],[46.933,58.167],[45,58.767],[45.467,59.533],[46.333,60.067],[48.667,60.333],[50,60],[53.333,60],[57.183,61.233],[57,62],[59.5,62],[63.2,62.083]]]}},{"type":"Feature","properties":{"icao":"USTR","name":"FIR TYUMEN ROSCHINO","label":[71.895,64.548]},"geometry":{"type":"MultiLineString","coordinates":[[[84.8,63.45],[83,60.917],[80.167,60.667],[77.5,60.833],[75.344,59.77],[73.867,59],[72.8,58.167],[71.167,57.7],[69.216,55.667],[69.168,55.401],[68.926,55.429],[68.939,55.37],[69.001,55.354],[69.002,55.288],[68.933,55.286],[68.88,55.343],[68.731,55.371],[68.705,55.287],[68.639,55.256],[68.626,55.202],[68.22,55.187],[68.21,55.139],[68.33,55.068],[68.259,55.049],[68.205,54.966],[68.034,54.95],[67.93,54.983],[67.832,54.963],[67.766,54.892],[67.581,54.854],[67.323,54.867],[67.246,54.807],[66.809,54.767],[66.723,54.727],[66.495,54.723],[65.991,54.617],[65.967,54.714],[65.844,54.685],[65.757,54.601],[65.483,54.638],[65.476,54.563],[65.356,54.569],[65.223,54.532],[65.201,54.461],[65.239,54.341],[65.126,54.312],[64.958,54.409],[64.824,54.372],[65.483,55.617],[62.933,56.267],[63.75,57],[64.15,57.8],[63.733,59.033],[64.133,59.5],[63.2,62.083],[59.5,62],[60.3,64.617],[62.535,66.001],[63.433,66.467],[66.067,67.167],[67.367,67.75],[68,68.433],[66.783,68.867],[65.667,70.833],[68.667,73.667],[70.917,73.667],[74.467,72.983],[76,71.883],[78.583,70.867],[80,68.667],[82.783,66.55],[84.8,63.45]]]}},{"type":"Feature","properties":{"icao":"UTAA","name":"FIR ASHGABAT","label":[58.92,38.688]},"geometry":{"type":"MultiLineString","coordinates":[[[61.385,38.655],[62,37.5],[61.463,36.627],[61.277,35.607],[61.229,35.678],[61.262,35.813],[61.245,35.897],[61.124,35.976],[61.17,35.995],[61.165,36.035],[61.229,36.127],[61.184,36.287],[61.15,36.315],[61.142,36.393],[61.19,36.568],[61.157,36.65],[60.333,36.656],[60.278,36.763],[60.029,37.037],[59.915,37.059],[59.813,37.125],[59.671,37.156],[59.62,37.132],[59.567,37.209],[59.477,37.219],[59.491,37.248],[59.393,37.323],[59.381,37.486],[59.339,37.539],[59.25,37.513],[59.06,37.63],[58.823,37.704],[58.804,37.667],[58.713,37.649],[58.562,37.709],[58.498,37.648],[58.389,37.636],[58.227,37.681],[58.203,37.783],[58.174,37.796],[58.047,37.809],[57.708,37.927],[57.45,37.939],[57.353,37.989],[57.371,38.093],[57.288,38.171],[57.244,38.271],[57.205,38.283],[57.059,38.194],[56.846,38.232],[56.756,38.286],[56.614,38.241],[56.443,38.26],[56.322,38.185],[56.353,38.139],[56.333,38.086],[56.223,38.07],[56.164,38.095],[55.983,38.072],[55.756,38.125],[55.463,38.089],[55.567,39.283],[56.452,40.055],[57.617,40.317],[60.267,40.433],[60.287,39.895],[61.385,38.655]]]}},{"type":"Feature","properties":{"icao":"UTAK","name":"FIR TURKMENBASHI","label":[53.784,39.88]},"geometry":{"type":"MultiLineString","coordinates":[[[54.056,42.349],[54.226,42.322],[54.761,42.059],[54.934,41.93],[54.965,41.901],[54.972,41.802],[55.289,41.44],[55.395,41.387],[55.457,41.287],[55.652,41.267],[55.904,41.334],[56.001,41.328],[57.617,40.317],[56.452,40.055],[55.567,39.283],[55.463,38.089],[55.205,37.96],[55.146,37.958],[54.833,37.746],[54.781,37.641],[54.81,37.579],[54.787,37.519],[54.676,37.441],[54.552,37.446],[54.232,37.327],[53.906,37.351],[51.5,37.867],[51.5,42],[52.44,41.741],[52.997,42.132],[53.463,42.271],[54.056,42.349]]]}},{"type":"Feature","properties":{"icao":"UTAT","name":"FIR DASHOGUZ","label":[58.996,41.275]},"geometry":{"type":"MultiLineString","coordinates":[[[58.781,42.658],[58.974,42.533],[59.156,42.541],[59.259,42.452],[59.285,42.348],[59.457,42.293],[59.858,42.316],[60.06,42.197],[59.992,42.132],[60.025,42.015],[59.928,41.971],[60.129,41.919],[60.276,41.793],[60.257,41.772],[60.122,41.805],[60.07,41.758],[60.186,41.599],[60.099,41.538],[60.078,41.454],[60.14,41.381],[60.488,41.219],[60.812,41.258],[60.956,41.249],[61.002,41.208],[61.033,41.246],[61.047,41.221],[61.142,41.232],[61.273,41.161],[61.369,41.199],[61.403,41.292],[61.438,41.304],[61.626,41.262],[61.874,41.126],[61.975,41],[62.047,40.715],[62.201,40.486],[57.617,40.317],[56.001,41.328],[56.827,41.299],[57.045,41.26],[57.092,41.322],[57.188,41.371],[57.096,41.401],[57.043,41.467],[57.036,41.575],[56.976,41.665],[56.987,41.893],[57.12,41.942],[57.246,42.095],[57.387,42.162],[57.664,42.154],[57.869,42.191],[57.848,42.238],[57.905,42.261],[57.964,42.367],[57.924,42.442],[58.027,42.505],[58.325,42.447],[58.406,42.398],[58.412,42.297],[58.511,42.301],[58.311,42.552],[58.153,42.608],[58.164,42.652],[58.294,42.697],[58.563,42.662],[58.61,42.798],[58.781,42.658]]]}},{"type":"Feature","properties":{"icao":"UTAV","name":"FIR TURKMENABAT","label":[63.038,37.917]},"geometry":{"type":"MultiLineString","coordinates":[[[64.182,38.952],[64.34,38.991],[64.632,38.761],[64.987,38.627],[65.292,38.411],[65.597,38.254],[65.749,38.226],[65.895,38.281],[66.26,38.152],[66.319,38.085],[66.424,38.044],[66.644,38.003],[66.666,37.937],[66.538,37.773],[66.517,37.522],[66.572,37.464],[66.517,37.405],[66.538,37.366],[66.447,37.319],[66.408,37.346],[66.29,37.325],[66.222,37.374],[66.16,37.372],[66.091,37.432],[65.845,37.504],[65.782,37.572],[65.772,37.538],[65.681,37.517],[65.644,37.449],[65.651,37.356],[65.554,37.256],[65.073,37.244],[64.798,37.125],[64.777,37.071],[64.797,36.929],[64.634,36.684],[64.61,36.597],[64.624,36.447],[64.504,36.281],[64.322,36.216],[64.288,36.154],[64.181,36.171],[64.095,36.123],[64.06,36.088],[64.064,36],[63.921,36.038],[63.778,35.981],[63.601,35.964],[63.528,35.905],[63.342,35.857],[63.119,35.862],[63.13,35.775],[63.24,35.699],[63.095,35.626],[63.127,35.534],[63.105,35.451],[62.922,35.384],[62.722,35.255],[62.554,35.234],[62.465,35.289],[62.309,35.142],[62.259,35.298],[62.158,35.339],[62.03,35.449],[61.959,35.458],[61.802,35.411],[61.596,35.444],[61.406,35.564],[61.379,35.635],[61.277,35.607],[61.463,36.627],[62,37.5],[61.385,38.655],[60.287,39.895],[60.267,40.433],[62.275,40.469],[62.35,40.429],[62.394,40.324],[62.441,40.184],[62.418,40.105],[62.442,40.031],[62.56,39.927],[63.479,39.423],[63.713,39.206],[64.182,38.952]]]}},{"type":"Feature","properties":{"icao":"UTDD","name":"FIR DUSHANBE","label":[71.058,38.336]},"geometry":{"type":"MultiLineString","coordinates":[[[70.965,39.405],[71.033,39.412],[71.097,39.51],[71.275,39.517],[71.316,39.565],[71.473,39.621],[71.553,39.567],[71.515,39.499],[71.542,39.461],[71.757,39.462],[71.774,39.391],[71.731,39.337],[71.773,39.278],[72.077,39.375],[72.109,39.288],[72.23,39.245],[72.256,39.192],[72.342,39.336],[72.416,39.359],[72.593,39.364],[72.664,39.402],[73.028,39.352],[73.099,39.382],[73.154,39.353],[73.344,39.395],[73.37,39.442],[73.491,39.47],[73.654,39.461],[73.67,39.344],[73.617,39.232],[73.722,39.082],[73.853,38.969],[73.833,38.939],[73.743,38.927],[73.705,38.881],[73.762,38.801],[73.758,38.73],[73.81,38.618],[73.942,38.539],[74.069,38.537],[74.061,38.605],[74.111,38.622],[74.134,38.673],[74.355,38.674],[74.718,38.529],[74.789,38.527],[74.852,38.475],[74.865,38.389],[74.794,38.306],[74.815,38.079],[74.914,38.018],[74.908,37.91],[74.937,37.889],[74.903,37.847],[74.991,37.784],[74.903,37.647],[74.949,37.563],[75.187,37.407],[75.111,37.384],[75.097,37.322],[74.958,37.282],[74.916,37.237],[74.833,37.325],[74.684,37.4],[74.542,37.382],[74.364,37.428],[74.24,37.407],[74.237,37.361],[74.197,37.339],[73.739,37.222],[73.62,37.262],[73.649,37.304],[73.769,37.341],[73.776,37.434],[73.456,37.476],[73.372,37.447],[73.307,37.463],[73.151,37.4],[73.069,37.314],[72.794,37.226],[72.659,37.021],[72.306,36.978],[71.843,36.692],[71.677,36.676],[71.555,36.761],[71.457,36.945],[71.429,37.076],[71.49,37.284],[71.479,37.41],[71.514,37.468],[71.496,37.558],[71.529,37.764],[71.589,37.816],[71.592,37.903],[71.515,37.948],[71.335,37.888],[71.253,37.922],[71.359,38.162],[71.363,38.248],[70.953,38.472],[70.93,38.43],[70.874,38.453],[70.672,38.414],[70.686,38.375],[70.598,38.342],[70.584,38.278],[70.464,38.111],[70.247,37.964],[70.247,37.932],[70.161,37.933],[70.166,37.872],[70.247,37.813],[70.286,37.702],[70.254,37.616],[70.216,37.616],[70.156,37.536],[70.014,37.546],[69.899,37.615],[69.807,37.583],[69.516,37.581],[69.38,37.451],[69.411,37.241],[69.451,37.225],[69.315,37.115],[69.247,37.094],[69.125,37.163],[69,37.308],[68.888,37.339],[68.919,37.276],[68.838,37.327],[68.807,37.318],[68.822,37.245],[68.664,37.275],[68.63,37.204],[68.412,37.148],[68.413,37.104],[68.295,37.108],[68.275,37.012],[68.187,37.021],[68.051,36.929],[68.016,36.925],[67.886,37.061],[67.792,37.088],[67.774,37.114],[67.883,38.167],[67.7,38.25],[67.45,38.767],[67.45,39.517],[68.917,39.333],[70.783,39.667],[70.965,39.405]]]}},{"type":"Feature","properties":{"icao":"UTNR","name":"FIR NUKUS","label":[59.526,43.12]},"geometry":{"type":"MultiLineString","coordinates":[[[62.025,43.485],[63.833,42.5],[63.9,41.4],[62.201,40.486],[62.042,40.724],[61.953,41.038],[61.874,41.126],[61.626,41.262],[61.419,41.301],[61.369,41.199],[61.273,41.161],[61.142,41.232],[61.047,41.221],[61.033,41.246],[61.002,41.208],[60.956,41.249],[60.812,41.258],[60.488,41.219],[60.091,41.41],[60.099,41.538],[60.186,41.594],[60.07,41.758],[60.122,41.805],[60.257,41.772],[60.276,41.793],[60.129,41.919],[59.928,41.971],[60.025,42.015],[59.992,42.132],[60.06,42.197],[59.858,42.316],[59.457,42.293],[59.285,42.348],[59.259,42.452],[59.156,42.541],[58.952,42.541],[58.617,42.797],[58.563,42.662],[58.294,42.697],[58.143,42.631],[58.315,42.548],[58.511,42.301],[58.412,42.297],[58.406,42.398],[58.325,42.447],[58.027,42.505],[57.924,42.442],[57.964,42.367],[57.905,42.261],[57.848,42.238],[57.869,42.191],[57.664,42.154],[57.387,42.162],[57.246,42.095],[57.12,41.942],[56.978,41.885],[56.976,41.665],[57.036,41.575],[57.043,41.467],[57.096,41.401],[57.188,41.371],[57.092,41.322],[57.055,41.266],[56.001,41.328],[56,45.003],[58.57,45.571],[61.149,44.211],[62.025,43.485]]]}},{"type":"Feature","properties":{"icao":"UTSD","name":"FIR SAMARKAND","label":[65.438,39.618]},"geometry":{"type":"MultiLineString","coordinates":[[[67.45,39],[67.45,38.767],[67.7,38.25],[67.883,38.167],[67.78,37.186],[67.755,37.221],[67.643,37.247],[67.557,37.216],[67.492,37.281],[67.397,37.217],[67.24,37.186],[67.186,37.258],[67.117,37.28],[67.096,37.34],[67.004,37.382],[66.672,37.338],[66.538,37.366],[66.517,37.405],[66.572,37.464],[66.517,37.522],[66.538,37.773],[66.666,37.937],[66.644,38.003],[66.424,38.044],[66.319,38.085],[66.26,38.152],[65.895,38.281],[65.749,38.226],[65.597,38.254],[65.292,38.411],[64.987,38.627],[64.632,38.761],[64.34,38.991],[64.174,38.955],[63.713,39.206],[63.511,39.404],[62.551,39.934],[62.44,40.034],[62.418,40.105],[62.441,40.184],[62.35,40.429],[62.201,40.486],[63.9,41.4],[66,41],[67.8,40.117],[67.45,39.517],[67.45,39]]]}},{"type":"Feature","properties":{"icao":"UTTR","name":"FIR TASHKENT","label":[68.233,41.018]},"geometry":{"type":"MultiLineString","coordinates":[[[65.748,42.989],[65.822,42.877],[66.124,42.997],[66.071,42.424],[66.037,42.423],[66.029,42.003],[66.526,42.003],[66.559,41.733],[66.72,41.175],[67.072,41.143],[67.755,41.192],[67.861,41.163],[67.935,41.194],[68.029,41.044],[68.106,41.066],[68.154,41.036],[68.122,41.02],[68.146,40.986],[68.103,40.879],[68.016,40.814],[68.455,40.598],[68.537,40.626],[68.608,40.6],[68.649,40.622],[68.624,40.636],[68.652,40.672],[68.632,40.722],[68.588,40.736],[68.568,40.861],[68.594,40.92],[68.724,40.979],[68.774,41.077],[68.868,41.109],[68.898,41.161],[69.063,41.216],[69.081,41.351],[69.056,41.379],[69.151,41.402],[69.248,41.471],[69.419,41.475],[69.402,41.519],[69.425,41.554],[69.642,41.673],[69.931,41.712],[70.009,41.78],[70.145,41.831],[70.373,42.064],[70.488,42.1],[70.539,42.038],[70.631,42.022],[70.753,42.201],[70.857,42.196],[70.971,42.255],[70.933,42],[71.067,41.583],[71.567,41.25],[72.117,41.133],[72.583,40.667],[72.533,40.517],[71.95,40.2],[70.783,40.1],[70.55,40.033],[70.783,39.667],[68.917,39.333],[67.45,39.517],[67.8,40.117],[66,41],[63.9,41.4],[63.833,42.5],[65.717,43.033],[65.748,42.989]]]}},{"type":"Feature","properties":{"icao":"UUWV","name":"FIR MOSCOW","label":[38.66,54.836]},"geometry":{"type":"MultiLineString","coordinates":[[[33.099,52.313],[33.099,52.313]],[[33.099,52.313],[33.14,52.337],[33.099,52.313]],[[33.14,52.337],[33.18,52.361],[32.924,52.247],[32.394,52.335],[32.357,52.302],[32.385,52.25],[32.341,52.221],[32.299,52.109],[32.124,52.044],[31.926,52.037],[31.898,52.096],[31.784,52.108],[31.782,52.166],[31.704,52.199],[31.717,52.262],[31.587,52.319],[31.63,52.371],[31.602,52.406],[31.609,52.491],[31.565,52.516],[31.582,52.551],[31.653,52.553],[31.5,52.69],[31.595,52.738],[31.581,52.803],[31.537,52.856],[31.415,52.893],[31.356,52.978],[31.266,53.022],[31.386,53.099],[31.395,53.181],[31.439,53.212],[31.769,53.196],[31.801,53.126],[31.931,53.096],[32.223,53.106],[32.226,53.133],[32.299,53.132],[32.44,53.209],[32.498,53.278],[32.462,53.308],[32.737,53.342],[32.741,53.459],[32.661,53.467],[32.671,53.497],[32.597,53.491],[32.444,53.572],[32.415,53.646],[32.511,53.684],[32.452,53.726],[32.377,53.719],[32.329,53.762],[32.12,53.82],[31.902,53.778],[31.764,53.803],[31.861,53.963],[31.844,54.064],[31.793,54.053],[31.762,54.103],[31.544,54.143],[31.332,54.237],[31.312,54.351],[31.232,54.457],[31.084,54.499],[31.189,54.639],[31.025,54.652],[31.005,54.712],[30.781,54.794],[30.845,54.881],[30.834,54.944],[30.947,54.969],[30.925,55.033],[31.03,55.043],[30.987,55.112],[31.005,55.143],[30.813,55.301],[30.939,55.399],[30.901,55.467],[30.939,55.492],[30.926,55.603],[31.15,56.983],[33.9,57.983],[35.833,58.583],[45,58.767],[46.933,58.167],[46.417,55.517],[46,54.783],[43.85,54.633],[42.467,53.5],[42.867,52.333],[42.583,51.533],[43.033,50.75],[40.142,49.376],[40.053,49.478],[40.074,49.527],[40.141,49.559],[40.14,49.601],[40.005,49.614],[39.922,49.566],[39.797,49.553],[39.64,49.616],[39.581,49.731],[39.274,49.752],[39.184,49.88],[39.069,49.818],[38.945,49.807],[38.889,49.868],[38.696,49.927],[38.687,49.979],[38.499,49.952],[38.376,49.987],[38.308,50.074],[38.184,50.066],[38.185,49.951],[38.013,49.901],[37.925,50.025],[37.733,50.088],[37.605,50.217],[37.624,50.305],[37.494,50.351],[37.459,50.44],[37.316,50.428],[37.131,50.348],[36.884,50.336],[36.701,50.267],[36.64,50.212],[36.562,50.222],[36.563,50.276],[36.413,50.322],[36.297,50.284],[36.139,50.425],[35.866,50.431],[35.72,50.35],[35.607,50.369],[35.567,50.453],[35.458,50.488],[35.393,50.634],[35.489,50.676],[35.458,50.694],[35.457,50.773],[35.398,50.803],[35.361,50.872],[35.361,50.926],[35.304,50.948],[35.297,51],[35.377,51.036],[35.171,51.055],[35.111,51.21],[34.958,51.222],[34.735,51.172],[34.67,51.179],[34.634,51.242],[34.382,51.264],[34.305,51.231],[34.209,51.259],[34.274,51.286],[34.315,51.351],[34.204,51.407],[34.239,51.428],[34.234,51.547],[34.16,51.629],[34.101,51.647],[34.103,51.674],[34.406,51.719],[34.443,51.761],[34.384,51.843],[34.303,51.887],[34.258,51.879],[34.169,51.96],[34.109,51.96],[34.128,51.99],[34.073,52.06],[34.101,52.146],[34.057,52.201],[33.968,52.231],[33.818,52.367],[33.681,52.358],[33.535,52.293],[33.498,52.367],[33.449,52.344],[33.205,52.38],[33.14,52.337]]]}},{"type":"Feature","properties":{"icao":"UWWW","name":"FIR SAMARA","label":[51.238,53.498]},"geometry":{"type":"MultiLineString","coordinates":[[[47.917,57.3],[51.083,56.233],[52.2,56.417],[56.083,56.5],[57.883,55.7],[58.8,54.033],[58.5,53.75],[57.55,53.3],[58.317,52.583],[60.026,52.001],[60.002,51.958],[60.064,51.874],[60.142,51.865],[60.167,51.9],[60.316,51.831],[60.486,51.809],[60.502,51.792],[60.462,51.738],[60.374,51.696],[60.387,51.672],[60.519,51.656],[60.528,51.627],[60.943,51.619],[60.934,51.561],[60.978,51.498],[61.501,51.429],[61.582,51.303],[61.686,51.266],[61.549,51.216],[61.462,50.873],[61.411,50.792],[60.698,50.662],[60.312,50.692],[60.17,50.775],[60.165,50.846],[60.044,50.863],[59.984,50.838],[59.939,50.762],[59.946,50.689],[59.82,50.547],[59.651,50.534],[59.552,50.479],[59.466,50.532],[59.5,50.56],[59.576,50.556],[59.584,50.59],[59.492,50.629],[59.296,50.619],[59.235,50.668],[58.94,50.683],[58.809,50.743],[58.77,50.802],[58.666,50.805],[58.67,50.869],[58.597,50.866],[58.567,50.909],[58.624,50.989],[58.61,51.038],[58.543,51.072],[58.391,51.079],[58.391,51.115],[58.338,51.156],[58.215,51.116],[58.172,51.054],[58.076,51.094],[57.961,51.074],[57.794,51.119],[57.75,51.072],[57.742,50.914],[57.569,50.926],[57.482,50.865],[57.351,50.907],[57.297,51.006],[57.219,51.025],[57.186,51.109],[56.873,51.058],[56.774,51.091],[56.7,51.056],[56.729,50.978],[56.626,50.986],[56.503,51.082],[56.439,51.035],[56.453,50.978],[56.373,50.958],[56.356,50.902],[56.178,50.916],[56.116,50.739],[55.701,50.533],[55.545,50.606],[55.498,50.662],[55.37,50.652],[55.293,50.691],[55.088,50.816],[55.082,50.894],[54.948,50.904],[54.829,50.983],[54.647,51.037],[54.558,51.015],[54.567,50.957],[54.519,50.931],[54.674,50.874],[54.648,50.819],[54.676,50.784],[54.658,50.722],[54.702,50.607],[54.61,50.544],[54.524,50.529],[54.453,50.556],[54.398,50.626],[54.438,50.765],[54.506,50.857],[54.301,50.907],[54.167,50.998],[54.133,51.106],[54.042,51.123],[53.957,51.193],[53.678,51.227],[53.596,51.361],[53.639,51.393],[53.429,51.492],[53.156,51.515],[53.148,51.482],[53.048,51.492],[52.944,51.449],[52.77,51.504],[52.678,51.453],[52.603,51.457],[52.501,51.51],[52.338,51.782],[52.297,51.733],[52.177,51.729],[52.106,51.664],[51.874,51.674],[51.781,51.594],[51.803,51.5],[51.691,51.455],[51.65,51.47],[51.649,51.529],[51.591,51.545],[51.437,51.469],[51.303,51.48],[51.259,51.551],[51.391,51.569],[51.39,51.638],[51.302,51.648],[51.258,51.694],[50.939,51.689],[50.863,51.751],[50.773,51.769],[50.759,51.72],[50.814,51.648],[50.811,51.592],[50.683,51.573],[50.717,51.622],[50.603,51.64],[50.595,51.59],[50.544,51.567],[50.549,51.469],[50.385,51.425],[50.397,51.4],[50.354,51.378],[50.363,51.317],[49.968,51.226],[49.804,51.11],[49.462,51.124],[49.364,50.98],[49.441,50.906],[49.426,50.851],[49.158,50.793],[49.031,50.688],[48.83,50.597],[48.599,50.652],[48.596,50.622],[48.697,50.592],[48.713,50.398],[45.783,50.617],[44.983,51.2],[43.633,51.1],[43.033,50.75],[42.583,51.533],[42.867,52.333],[42.467,53.5],[43.85,54.633],[46,54.783],[46.417,55.517],[46.75,57.233],[47.917,57.3]]]}},{"type":"Feature","properties":{"icao":"VABF","name":"FIR MUMBAI","label":[67.909,12.124]},"geometry":{"type":"MultiLineString","coordinates":[[[82,25],[82,17.25],[81,18],[76,18],[76,15],[72,15],[72,7.5],[70,7.5],[70,3.083],[68,0],[68,-6],[60,-6],[60,19.8],[64.499,23.502],[68.171,23.496],[68.115,23.539],[68.111,23.601],[68.186,23.688],[68.214,23.868],[68.282,23.898],[68.291,23.944],[68.326,23.912],[68.362,23.974],[68.376,23.944],[68.391,23.967],[68.747,23.97],[68.745,24.316],[68.783,24.333],[68.825,24.333],[68.858,24.242],[68.927,24.326],[68.988,24.257],[69.08,24.297],[69.189,24.258],[69.311,24.297],[69.599,24.281],[69.724,24.171],[70.015,24.17],[70.071,24.198],[70.12,24.309],[70.567,24.436],[70.601,24.415],[70.568,24.371],[70.58,24.287],[70.628,24.251],[70.762,24.236],[70.886,24.274],[70.864,24.317],[70.928,24.362],[71.029,24.364],[71.108,24.423],[70.996,24.481],[70.984,24.621],[71.087,24.687],[70.919,25.003],[82,25]]]}},{"type":"Feature","properties":{"icao":"VCCC","name":"FIR COLOMBO","label":[84.63,3.239]},"geometry":{"type":"MultiLineString","coordinates":[[[92,6],[92,-2],[78,-2],[78,6],[76.5,6],[78.5,7],[80,10],[82,10],[92,6]]]}},{"type":"Feature","properties":{"icao":"VCCC","name":"FIR COLOMBO","label":[77.882,7.21]},"geometry":{"type":"MultiLineString","coordinates":[[[76.5,6],[76,6],[79.482,8.965],[78.5,7],[76.5,6]]]}},{"type":"Feature","properties":{"icao":"VDPP","name":"FIR PHNOM PENH","label":[104.925,12.717]},"geometry":{"type":"MultiLineString","coordinates":[[[107.556,14.646],[107.484,14.438],[107.416,14.429],[107.378,14.353],[107.384,14.234],[107.342,14.124],[107.381,14.006],[107.458,13.985],[107.482,13.91],[107.461,13.792],[107.533,13.722],[107.629,13.543],[107.636,13.382],[107.483,13.021],[107.511,12.879],[107.569,12.796],[107.593,12.604],[107.556,12.374],[107.434,12.252],[107.35,12.334],[107.167,12.278],[106.981,12.086],[106.789,12.073],[106.72,11.97],[106.42,11.974],[106.47,11.871],[106.422,11.761],[106.458,11.666],[106.391,11.698],[106.306,11.678],[106.261,11.726],[106.046,11.777],[105.962,11.643],[105.851,11.66],[105.815,11.609],[105.882,11.545],[105.902,11.438],[105.87,11.297],[106.11,11.061],[106.159,11.094],[106.191,11.053],[106.214,10.976],[106.153,10.974],[106.146,10.916],[106.203,10.771],[106.082,10.803],[105.957,10.9],[105.933,10.834],[105.872,10.85],[105.779,11.023],[105.543,10.948],[105.427,10.965],[105.347,10.843],[105.277,10.889],[105.115,10.918],[105.102,10.956],[105.037,10.884],[105.095,10.711],[104.961,10.638],[104.872,10.526],[104.595,10.533],[104.502,10.413],[104.353,10.492],[104.297,10.477],[104.251,10.567],[104.184,10.538],[104.167,10.562],[104.09,10.548],[103.935,10.586],[103.864,10.694],[103.864,10.609],[103.824,10.541],[103.703,10.559],[103.738,10.496],[103.623,10.496],[103.608,10.551],[103.575,10.541],[103.498,10.616],[103.559,10.716],[103.684,10.741],[103.663,10.761],[103.722,10.866],[103.669,11.065],[103.605,11.086],[103.555,11.157],[103.469,11.148],[103.447,11.089],[103.475,11.087],[103.411,10.959],[103.42,10.89],[103.352,10.869],[103.276,10.929],[103.217,10.873],[103.123,10.874],[103.095,10.938],[103.117,11.153],[103.054,11.225],[103.078,11.283],[103.154,11.303],[103.135,11.353],[103.096,11.356],[103.064,11.444],[103.126,11.46],[103.171,11.428],[103.135,11.505],[103.111,11.464],[103.064,11.502],[103.053,11.59],[103.033,11.599],[103.029,11.542],[102.956,11.551],[103.001,11.55],[102.989,11.635],[103.044,11.63],[102.983,11.668],[102.969,11.637],[102.967,11.675],[103.018,11.72],[103.054,11.701],[103.084,11.724],[102.976,11.711],[102.893,11.828],[102.967,11.718],[102.954,11.57],[102.916,11.636],[102.914,11.752],[102.847,11.836],[102.716,12.166],[102.741,12.363],[102.788,12.44],[102.636,12.601],[102.507,12.672],[102.535,12.805],[102.49,12.936],[102.519,12.998],[102.417,13.117],[102.346,13.277],[102.341,13.558],[102.538,13.569],[102.623,13.607],[102.562,13.679],[102.724,13.766],[102.792,13.937],[102.904,14.022],[102.96,14.205],[103.144,14.317],[103.396,14.359],[103.442,14.395],[103.467,14.372],[103.572,14.426],[103.619,14.406],[103.659,14.448],[103.696,14.44],[103.706,14.388],[103.845,14.381],[103.922,14.339],[103.946,14.369],[104.03,14.344],[104.129,14.386],[104.167,14.37],[104.206,14.413],[104.223,14.382],[104.279,14.409],[104.473,14.357],[104.509,14.381],[104.576,14.365],[104.646,14.43],[104.687,14.408],[104.723,14.438],[104.736,14.41],[104.806,14.448],[105.002,14.383],[104.993,14.317],[105.069,14.218],[105.147,14.246],[105.178,14.343],[105.211,14.35],[105.21,14.284],[105.364,14.109],[105.47,14.114],[105.559,14.168],[105.643,14.107],[105.669,14.123],[105.784,14.081],[105.797,14.026],[105.91,13.933],[106.095,13.921],[106.108,13.994],[106.174,14.072],[106.034,14.237],[106.005,14.373],[106.082,14.352],[106.098,14.381],[106.216,14.377],[106.254,14.494],[106.331,14.445],[106.408,14.456],[106.433,14.523],[106.483,14.52],[106.469,14.559],[106.541,14.599],[106.572,14.514],[106.63,14.465],[106.734,14.442],[106.854,14.303],[106.909,14.343],[106.981,14.331],[107.05,14.443],[107.121,14.405],[107.204,14.503],[107.254,14.507],[107.304,14.603],[107.43,14.545],[107.534,14.701],[107.556,14.646]]]}},{"type":"Feature","properties":{"icao":"VECF","name":"FIR KOLKATA","label":[88.076,21.807]},"geometry":{"type":"MultiLineString","coordinates":[[[88.863,25.344],[89.009,25.301],[88.934,25.194],[88.946,25.168],[88.838,25.204],[88.806,25.166],[88.705,25.195],[88.62,25.198],[88.581,25.169],[88.456,25.191],[88.46,25.069],[88.342,24.87],[88.267,24.885],[88.221,24.954],[88.138,24.921],[88.171,24.852],[88.077,24.764],[88.043,24.684],[88.126,24.509],[88.324,24.434],[88.498,24.321],[88.697,24.31],[88.753,24.214],[88.7,24.147],[88.701,24.079],[88.759,24.036],[88.723,23.998],[88.737,23.92],[88.603,23.862],[88.564,23.652],[88.749,23.467],[88.793,23.494],[88.711,23.309],[88.721,23.252],[88.986,23.208],[88.87,23.088],[88.862,22.973],[88.971,22.847],[88.93,22.748],[88.959,22.591],[88.929,22.548],[88.998,22.466],[89.007,22.276],[89.097,22.143],[89.058,22.094],[89.09,21.973],[89.041,21.903],[89.064,21.836],[89.046,21.784],[89.167,21.633],[91.999,21.012],[92,14],[83,16.5],[82,17.25],[82,25],[83,25],[83,27.167],[83.667,27.283],[83.677,27.437],[83.864,27.353],[83.876,27.381],[83.835,27.438],[84.04,27.445],[84.099,27.516],[84.143,27.524],[84.298,27.388],[84.634,27.315],[84.686,27.197],[84.651,27.042],[84.844,27.015],[84.953,26.958],[84.973,26.903],[85.041,26.887],[85.041,26.848],[85.184,26.867],[85.202,26.773],[85.328,26.736],[85.412,26.795],[85.453,26.787],[85.63,26.867],[85.726,26.802],[85.741,26.654],[85.856,26.57],[86.029,26.663],[86.207,26.586],[86.326,26.614],[86.332,26.585],[86.535,26.528],[86.738,26.42],[86.886,26.469],[87.061,26.588],[87.094,26.456],[87.137,26.41],[87.245,26.412],[87.328,26.348],[87.371,26.403],[87.447,26.432],[87.6,26.38],[87.697,26.429],[87.766,26.409],[87.786,26.456],[87.843,26.439],[87.891,26.473],[88.015,26.365],[88.096,26.439],[88.102,26.53],[88.195,26.754],[88.119,26.984],[87.993,27.114],[88.06,27.328],[88.039,27.376],[88.067,27.437],[88.057,27.533],[88.119,27.608],[88.189,27.788],[88.194,27.847],[88.123,27.892],[88.146,27.955],[88.534,28.029],[88.629,28.119],[88.832,28.013],[88.881,27.837],[88.834,27.661],[88.763,27.543],[88.783,27.438],[88.917,27.321],[88.971,27.474],[89.126,27.567],[89.128,27.623],[89.226,27.795],[89.36,27.872],[89.487,28.058],[89.624,28.158],[89.793,28.194],[89.894,28.306],[89.95,28.292],[90,28.324],[90.382,28.251],[90.396,28.199],[90.35,28.112],[90.371,28.08],[90.608,28.064],[90.699,28.096],[90.91,28.049],[91.011,27.98],[91.087,27.97],[91.214,28.073],[91.315,28.097],[91.338,28.052],[91.419,28.011],[91.667,27.942],[91.658,27.765],[92.014,27.735],[92.118,27.813],[92.254,27.816],[92.268,27.875],[92.306,27.798],[92.358,27.844],[92.387,27.805],[92.415,27.86],[92.452,27.826],[92.718,27.974],[92.728,28.036],[92.675,28.081],[92.753,28.169],[92.83,28.213],[92.841,28.189],[92.887,28.199],[92.992,28.263],[93.01,28.242],[93.046,28.31],[93.222,28.319],[93.238,28.387],[93.193,28.432],[93.282,28.493],[93.352,28.619],[93.494,28.652],[93.502,28.679],[93.647,28.647],[93.859,28.69],[93.981,28.645],[93.962,28.669],[94.012,28.747],[94.021,28.836],[94.152,28.931],[94.235,29.073],[94.428,29.216],[94.581,29.232],[94.648,29.333],[94.697,29.337],[94.792,29.261],[94.833,29.168],[95.009,29.124],[94.985,29.174],[95.388,29.035],[95.461,29.052],[95.496,29.141],[95.547,29.139],[95.534,29.212],[95.578,29.22],[95.591,29.255],[96.077,29.469],[96.235,29.254],[96.289,29.241],[96.362,29.291],[96.395,29.255],[96.349,29.18],[96.257,29.164],[96.119,29.079],[96.182,28.995],[96.149,28.943],[96.169,28.904],[96.344,29.032],[96.512,29.07],[96.476,28.975],[96.51,28.964],[96.616,28.79],[96.606,28.739],[96.471,28.688],[96.478,28.639],[96.431,28.59],[96.345,28.557],[96.366,28.481],[96.263,28.411],[96.362,28.393],[96.408,28.351],[96.461,28.422],[96.597,28.469],[96.741,28.426],[96.784,28.373],[96.89,28.379],[96.985,28.332],[97.135,28.381],[97.36,28.204],[97.316,28.089],[97.394,28.019],[97.368,27.897],[97.317,27.878],[97.299,27.917],[97.249,27.907],[96.889,27.617],[96.905,27.452],[97.126,27.191],[97.16,27.132],[97.137,27.086],[97.06,27.093],[96.888,27.178],[96.861,27.21],[96.884,27.255],[96.729,27.366],[96.66,27.339],[96.61,27.367],[96.524,27.294],[96.194,27.271],[96.036,27.192],[95.931,27.046],[95.804,27.001],[95.718,26.891],[95.658,26.895],[95.611,26.821],[95.519,26.823],[95.441,26.709],[95.271,26.645],[95.246,26.68],[95.141,26.612],[95.148,26.566],[95.066,26.48],[95.095,26.41],[95.065,26.326],[95.084,26.223],[95.121,26.202],[95.113,26.109],[95.178,26.059],[95.087,25.956],[95.022,25.929],[95.034,25.742],[94.992,25.729],[94.885,25.572],[94.789,25.497],[94.695,25.472],[94.626,25.398],[94.576,25.214],[94.599,25.178],[94.729,25.136],[94.734,25.025],[94.598,24.725],[94.539,24.709],[94.515,24.619],[94.389,24.48],[94.151,23.855],[93.927,23.956],[93.819,23.935],[93.753,24.007],[93.621,24.016],[93.596,23.972],[93.482,23.965],[93.406,24.076],[93.337,24.073],[93.328,23.982],[93.384,23.921],[93.401,23.736],[93.433,23.679],[93.403,23.378],[93.366,23.349],[93.387,23.14],[93.294,23.009],[93.229,23.013],[93.201,23.059],[93.127,23.026],[93.161,22.919],[93.116,22.866],[93.097,22.665],[93.134,22.607],[93.136,22.474],[93.181,22.441],[93.199,22.267],[93.142,22.237],[93.154,22.187],[93.047,22.206],[93.053,22.119],[93.016,22.115],[92.989,22.061],[93.006,22.004],[92.943,22.028],[92.901,21.954],[92.866,22.049],[92.719,22.16],[92.699,22.095],[92.678,22.1],[92.68,22.027],[92.601,21.982],[92.562,22.133],[92.606,22.163],[92.516,22.716],[92.471,22.756],[92.444,22.889],[92.375,22.942],[92.349,23.224],[92.388,23.29],[92.278,23.605],[92.273,23.716],[92.212,23.652],[92.194,23.72],[92.152,23.735],[92.031,23.645],[91.95,23.732],[91.964,23.497],[91.933,23.444],[91.845,23.41],[91.769,23.274],[91.818,23.087],[91.725,22.995],[91.647,22.986],[91.614,22.943],[91.547,23.003],[91.493,23.187],[91.426,23.262],[91.393,23.263],[91.378,23.212],[91.402,23.069],[91.349,23.091],[91.289,23.328],[91.315,23.364],[91.282,23.373],[91.159,23.641],[91.2,23.678],[91.159,23.701],[91.159,23.737],[91.216,23.756],[91.251,23.83],[91.238,23.908],[91.298,23.994],[91.361,23.995],[91.373,24.102],[91.612,24.102],[91.657,24.224],[91.695,24.157],[91.735,24.148],[91.758,24.239],[91.832,24.226],[91.892,24.15],[91.924,24.335],[91.948,24.35],[91.989,24.319],[91.975,24.379],[92.121,24.393],[92.132,24.514],[92.191,24.565],[92.257,24.774],[92.248,24.896],[92.294,24.905],[92.402,24.84],[92.494,24.879],[92.483,24.93],[92.417,24.972],[92.406,25.031],[92.041,25.188],[91.757,25.174],[91.649,25.127],[91.59,25.173],[91.482,25.139],[91.258,25.208],[90.848,25.149],[90.653,25.181],[90.438,25.147],[90.111,25.225],[89.917,25.31],[89.845,25.289],[89.816,25.367],[89.864,25.641],[89.807,25.823],[89.865,25.937],[89.821,25.947],[89.856,25.981],[89.778,26.042],[89.739,26.156],[89.682,26.159],[89.639,26.228],[89.602,26.227],[89.609,26.178],[89.56,26.161],[89.602,26.069],[89.541,25.996],[89.394,26.048],[89.32,26.025],[89.13,26.159],[89.074,26.383],[88.939,26.446],[88.907,26.375],[88.976,26.334],[88.982,26.296],[89.041,26.282],[89.02,26.235],[88.883,26.285],[88.824,26.233],[88.767,26.299],[88.669,26.261],[88.68,26.307],[88.73,26.321],[88.692,26.343],[88.681,26.42],[88.433,26.551],[88.409,26.632],[88.338,26.474],[88.354,26.452],[88.371,26.489],[88.483,26.461],[88.526,26.36],[88.457,26.369],[88.356,26.284],[88.355,26.223],[88.184,26.152],[88.156,26.092],[88.183,26.034],[88.096,25.915],[88.111,25.836],[88.152,25.779],[88.28,25.802],[88.447,25.666],[88.451,25.594],[88.547,25.504],[88.694,25.468],[88.8,25.511],[88.839,25.468],[88.821,25.407],[88.863,25.344]]]}},{"type":"Feature","properties":{"icao":"VGFR","name":"FIR DHAKA","label":[90.357,23.531]},"geometry":{"type":"MultiLineString","coordinates":[[[88.517,26.508],[88.681,26.42],[88.692,26.343],[88.73,26.321],[88.68,26.307],[88.669,26.261],[88.767,26.299],[88.824,26.233],[88.883,26.285],[89.02,26.235],[89.041,26.282],[88.982,26.296],[88.909,26.393],[88.939,26.446],[89.067,26.388],[89.13,26.159],[89.343,26.017],[89.394,26.048],[89.541,25.996],[89.602,26.069],[89.56,26.161],[89.609,26.178],[89.602,26.227],[89.639,26.228],[89.682,26.159],[89.739,26.156],[89.778,26.042],[89.856,25.981],[89.821,25.947],[89.865,25.937],[89.807,25.823],[89.864,25.641],[89.816,25.367],[89.845,25.289],[89.917,25.31],[90.111,25.225],[90.438,25.147],[90.653,25.181],[90.848,25.149],[91.258,25.208],[91.482,25.139],[91.59,25.173],[91.649,25.127],[91.757,25.174],[92.041,25.188],[92.332,25.079],[92.483,24.93],[92.492,24.876],[92.402,24.84],[92.294,24.905],[92.248,24.896],[92.257,24.774],[92.191,24.565],[92.132,24.514],[92.135,24.414],[92.086,24.375],[91.975,24.379],[91.989,24.319],[91.948,24.35],[91.924,24.335],[91.892,24.15],[91.832,24.226],[91.758,24.239],[91.735,24.148],[91.695,24.157],[91.657,24.224],[91.612,24.102],[91.373,24.102],[91.367,24.004],[91.27,23.971],[91.223,23.764],[91.157,23.732],[91.2,23.678],[91.159,23.641],[91.207,23.512],[91.249,23.481],[91.282,23.373],[91.315,23.364],[91.289,23.328],[91.34,23.105],[91.402,23.069],[91.378,23.212],[91.393,23.263],[91.426,23.262],[91.493,23.187],[91.547,23.003],[91.614,22.943],[91.647,22.986],[91.725,22.995],[91.818,23.087],[91.769,23.274],[91.845,23.41],[91.933,23.444],[91.964,23.497],[91.95,23.732],[92.031,23.645],[92.158,23.736],[92.194,23.72],[92.212,23.652],[92.252,23.722],[92.289,23.696],[92.278,23.605],[92.388,23.29],[92.349,23.224],[92.375,22.942],[92.444,22.889],[92.471,22.756],[92.516,22.716],[92.606,22.163],[92.562,22.133],[92.601,21.982],[92.533,21.95],[92,21],[89.167,21.633],[89.046,21.784],[89.064,21.836],[89.041,21.903],[89.09,21.973],[89.058,22.094],[89.097,22.143],[89.007,22.276],[88.998,22.466],[88.929,22.548],[88.959,22.591],[88.93,22.748],[88.971,22.847],[88.862,22.973],[88.87,23.088],[88.986,23.208],[88.721,23.252],[88.711,23.309],[88.793,23.494],[88.749,23.467],[88.564,23.652],[88.603,23.862],[88.737,23.92],[88.723,23.998],[88.759,24.036],[88.701,24.079],[88.7,24.147],[88.753,24.214],[88.697,24.31],[88.498,24.321],[88.324,24.434],[88.126,24.509],[88.043,24.684],[88.077,24.764],[88.171,24.852],[88.138,24.921],[88.221,24.954],[88.267,24.885],[88.342,24.87],[88.46,25.069],[88.451,25.188],[88.581,25.169],[88.62,25.198],[88.705,25.195],[88.806,25.166],[88.838,25.204],[88.941,25.166],[88.954,25.234],[89.009,25.288],[88.844,25.362],[88.821,25.407],[88.839,25.468],[88.8,25.511],[88.694,25.468],[88.547,25.504],[88.451,25.594],[88.447,25.666],[88.28,25.802],[88.152,25.779],[88.111,25.836],[88.096,25.915],[88.183,26.034],[88.156,26.092],[88.184,26.152],[88.355,26.223],[88.356,26.284],[88.457,26.369],[88.526,26.36],[88.483,26.461],[88.371,26.489],[88.354,26.452],[88.338,26.474],[88.401,26.625],[88.429,26.555],[88.517,26.508]]]}},{"type":"Feature","properties":{"icao":"VHHK","name":"FIR HONG KONG","label":[114.499,20.308]},"geometry":{"type":"MultiLineString","coordinates":[[[114.476,22.491],[114.53,22.334],[114.746,22.475],[114.889,22.414],[115.156,22.655],[115.577,22.529],[115.646,22.563],[115.703,22.666],[115.799,22.619],[116.105,22.71],[116.317,22.842],[116.542,22.834],[116.638,22.943],[116.695,23.074],[116.855,23.134],[116.895,23.181],[116.897,23.326],[117.124,23.301],[117.247,23.339],[117.226,23.521],[117.329,23.607],[117.5,23.5],[117.5,21],[114,16.667],[111.5,19.5],[111.5,21.401],[111.683,21.41],[111.761,21.492],[112.075,21.571],[112.187,21.496],[112.474,21.539],[112.778,21.48],[112.937,21.497],[113.064,21.779],[113.221,21.791],[113.552,21.988],[113.534,22.214],[113.702,22.16],[113.825,22.407],[113.869,22.41],[113.932,22.53],[114.052,22.504],[114.147,22.563],[114.235,22.555],[114.4,22.61],[114.485,22.535],[114.476,22.491]]]}},{"type":"Feature","properties":{"icao":"VIDF","name":"FIR DELHI","label":[76.59,29.591]},"geometry":{"type":"MultiLineString","coordinates":[[[74.714,37.045],[74.839,37.011],[74.895,36.911],[74.96,36.98],[75.138,37.002],[75.371,36.927],[75.425,36.862],[75.449,36.733],[75.523,36.729],[75.546,36.77],[75.639,36.764],[75.836,36.68],[75.903,36.624],[76.011,36.439],[75.991,36.314],[76.042,36.238],[75.994,36.208],[75.994,36.16],[75.92,36.119],[75.955,36.026],[76.111,35.99],[76.183,35.813],[76.332,35.811],[76.57,35.911],[76.59,35.757],[76.712,35.715],[76.778,35.655],[76.864,35.649],[76.932,35.592],[77.076,35.588],[77.187,35.528],[77.308,35.535],[77.431,35.472],[77.701,35.461],[77.788,35.505],[77.907,35.487],[77.972,35.574],[78.137,35.543],[78.172,35.619],[78.299,35.702],[78.626,35.817],[78.742,35.92],[78.934,35.892],[79.343,35.986],[79.442,35.956],[79.462,35.858],[79.581,35.87],[79.659,35.819],[79.634,35.759],[79.694,35.651],[79.813,35.629],[79.859,35.566],[79.919,35.617],[79.964,35.596],[80.057,35.408],[80.148,35.457],[80.207,35.562],[80.298,35.503],[80.387,35.506],[80.379,35.412],[80.28,35.316],[80.292,35.194],[80.19,35.088],[80.202,34.894],[80.102,34.775],[80.071,34.669],[79.887,34.663],[79.844,34.574],[79.725,34.53],[79.764,34.455],[79.723,34.421],[79.539,34.43],[79.578,34.209],[79.512,34.19],[79.525,34.118],[79.429,34.022],[78.967,34.016],[78.905,33.961],[78.949,33.832],[79.019,33.754],[79.041,33.639],[78.916,33.629],[78.941,33.392],[78.996,33.315],[79.091,33.275],[79.104,33.22],[79.163,33.235],[79.406,33.162],[79.354,32.972],[79.45,32.882],[79.471,32.794],[79.53,32.754],[79.514,32.672],[79.314,32.497],[79.253,32.516],[79.166,32.493],[79.125,32.467],[79.099,32.376],[78.971,32.351],[78.78,32.479],[78.761,32.636],[78.639,32.578],[78.496,32.582],[78.395,32.538],[78.477,32.425],[78.45,32.387],[78.478,32.35],[78.475,32.236],[78.545,32.209],[78.681,32.035],[78.771,31.981],[78.692,31.774],[78.75,31.677],[78.786,31.678],[78.844,31.61],[78.713,31.51],[78.793,31.443],[78.771,31.305],[78.878,31.292],[78.942,31.36],[79.006,31.326],[79.019,31.411],[79.092,31.437],[79.217,31.341],[79.24,31.244],[79.29,31.218],[79.304,31.146],[79.398,31.099],[79.422,31.027],[79.494,31.024],[79.599,30.936],[79.749,30.99],[79.879,30.959],[79.924,30.889],[80.042,30.847],[80.084,30.792],[80.178,30.799],[80.25,30.74],[80.231,30.691],[80.187,30.676],[80.228,30.622],[80.204,30.565],[80.311,30.567],[80.539,30.464],[80.607,30.475],[80.752,30.395],[80.804,30.327],[80.989,30.267],[81.029,30.22],[80.943,30.181],[80.893,30.211],[80.859,30.175],[80.873,30.139],[80.746,30.021],[80.599,29.955],[80.54,29.846],[80.377,29.749],[80.407,29.596],[80.236,29.425],[80.307,29.311],[80.288,29.206],[80.24,29.215],[80.257,29.145],[80.147,29.108],[80.13,28.993],[80.055,28.917],[80.059,28.831],[80.246,28.751],[80.358,28.629],[80.44,28.629],[80.509,28.567],[80.506,28.658],[80.577,28.686],[80.585,28.654],[80.662,28.633],[80.798,28.524],[80.892,28.506],[80.939,28.441],[81.007,28.443],[81.019,28.404],[81.194,28.367],[81.312,28.193],[81.32,28.13],[81.422,28.166],[81.48,28.08],[81.88,27.857],[81.978,27.917],[82.043,27.919],[82.435,27.676],[82.701,27.711],[82.769,27.502],[83.176,27.449],[83.309,27.336],[83.39,27.397],[83.396,27.479],[83.608,27.469],[83.677,27.437],[83.667,27.283],[83,27.167],[83,25],[70.919,25.003],[70.88,25.156],[70.753,25.274],[70.677,25.402],[70.666,25.698],[70.606,25.714],[70.386,25.675],[70.293,25.701],[70.117,25.919],[70.093,26.08],[70.174,26.244],[70.172,26.553],[70.071,26.596],[69.821,26.588],[69.723,26.665],[69.509,26.75],[69.485,26.817],[69.51,26.992],[69.583,27.178],[69.867,27.409],[70.037,27.6],[70.128,27.829],[70.368,28.021],[70.487,28.046],[70.583,28.007],[70.664,27.928],[70.662,27.863],[70.738,27.731],[70.829,27.706],[71.226,27.846],[71.627,27.876],[71.897,27.962],[71.92,28.121],[72.207,28.402],[72.292,28.68],[72.39,28.785],[72.948,29.036],[72.989,29.142],[73.086,29.246],[73.265,29.553],[73.397,29.943],[73.933,30.136],[73.964,30.235],[73.934,30.314],[73.859,30.36],[73.872,30.39],[73.934,30.416],[73.996,30.505],[74.05,30.515],[74.049,30.599],[74.161,30.662],[74.317,30.889],[74.401,30.884],[74.432,30.943],[74.555,30.995],[74.561,31.046],[74.695,31.054],[74.705,31.1],[74.624,31.124],[74.557,31.076],[74.523,31.175],[74.548,31.354],[74.655,31.428],[74.598,31.489],[74.61,31.554],[74.489,31.722],[74.549,31.744],[74.605,31.877],[74.833,31.963],[74.903,32.053],[75.041,32.041],[75.194,32.074],[75.224,32.117],[75.257,32.093],[75.307,32.134],[75.329,32.209],[75.381,32.214],[75.391,32.242],[75.329,32.293],[75.319,32.348],[75.066,32.472],[74.939,32.449],[74.862,32.485],[74.744,32.465],[74.704,32.486],[74.654,32.593],[74.695,32.783],[74.584,32.717],[74.249,32.847],[73.668,33.146],[73.584,33.867],[73.417,34.4],[73.467,34.5],[73.667,34.583],[73.75,34.75],[74,34.833],[74.117,35.083],[73.717,35.25],[73.75,35.55],[73.25,35.583],[73.117,35.833],[72.584,35.85],[72.567,36.083],[72.5,36.083],[72.584,36.233],[72.917,36.333],[73.084,36.5],[73.084,36.667],[73.25,36.75],[73.873,36.75],[74.121,36.839],[74.152,36.904],[74.252,36.899],[74.42,37.001],[74.489,37.01],[74.546,36.959],[74.576,37.033],[74.714,37.045]]]}},{"type":"Feature","properties":{"icao":"VLVT","name":"FIR VIENTIANE","label":[103.764,18.502]},"geometry":{"type":"MultiLineString","coordinates":[[[101.876,22.383],[101.931,22.439],[102.031,22.455],[102.119,22.43],[102.238,22.242],[102.516,22.029],[102.506,21.962],[102.608,21.926],[102.677,21.656],[102.753,21.669],[102.813,21.726],[102.822,21.847],[102.858,21.827],[102.867,21.711],[102.973,21.744],[103,21.581],[102.875,21.433],[102.947,21.449],[102.901,21.303],[102.823,21.257],[102.919,21.232],[102.91,21.171],[102.946,21.157],[102.967,21.079],[103.037,21.054],[103.086,20.94],[103.171,20.847],[103.289,20.838],[103.389,20.784],[103.459,20.825],[103.511,20.758],[103.607,20.739],[103.694,20.657],[103.738,20.67],[103.733,20.729],[103.789,20.749],[103.806,20.848],[104.035,20.905],[104.109,20.977],[104.314,20.89],[104.409,20.778],[104.483,20.768],[104.499,20.714],[104.644,20.66],[104.552,20.517],[104.471,20.539],[104.382,20.445],[104.514,20.407],[104.622,20.414],[104.711,20.337],[104.683,20.217],[104.748,20.202],[104.832,20.229],[104.944,20.181],[104.932,20.136],[104.992,20.093],[104.965,20.064],[104.979,20.005],[104.896,19.991],[104.786,19.887],[104.787,19.861],[104.846,19.853],[104.838,19.794],[104.713,19.746],[104.64,19.612],[104.516,19.606],[104.414,19.693],[104.321,19.66],[104.246,19.704],[104.135,19.659],[104.037,19.693],[104.037,19.611],[104.102,19.56],[104.122,19.494],[104.086,19.476],[104.071,19.412],[103.965,19.389],[103.879,19.294],[103.916,19.3],[103.999,19.23],[104.059,19.24],[104.171,19.193],[104.224,19.151],[104.221,19.111],[104.378,19.059],[104.447,18.983],[104.526,18.977],[104.573,18.901],[104.741,18.797],[104.914,18.78],[104.942,18.738],[105.139,18.703],[105.194,18.61],[105.146,18.594],[105.104,18.451],[105.192,18.378],[105.185,18.318],[105.259,18.254],[105.319,18.26],[105.322,18.197],[105.394,18.15],[105.434,18.208],[105.5,18.18],[105.503,18.129],[105.634,17.977],[105.615,17.871],[105.68,17.821],[105.754,17.67],[105.861,17.619],[106.039,17.407],[106.212,17.262],[106.26,17.247],[106.312,17.291],[106.326,17.199],[106.42,17.075],[106.444,16.987],[106.561,16.997],[106.56,16.677],[106.598,16.609],[106.67,16.584],[106.686,16.458],[106.761,16.421],[106.845,16.536],[106.881,16.536],[106.882,16.419],[106.981,16.342],[106.989,16.298],[107.094,16.301],[107.149,16.261],[107.161,16.188],[107.257,16.144],[107.334,16.057],[107.465,16.079],[107.475,16.021],[107.398,15.914],[107.204,15.86],[107.175,15.795],[107.255,15.724],[107.263,15.648],[107.343,15.603],[107.397,15.497],[107.47,15.517],[107.508,15.495],[107.518,15.426],[107.604,15.412],[107.613,15.347],[107.695,15.271],[107.608,15.104],[107.615,15.062],[107.468,15.025],[107.483,14.966],[107.589,14.888],[107.514,14.804],[107.549,14.711],[107.471,14.637],[107.451,14.553],[107.371,14.561],[107.313,14.607],[107.254,14.507],[107.204,14.503],[107.121,14.405],[107.05,14.443],[106.981,14.331],[106.909,14.343],[106.854,14.303],[106.734,14.442],[106.63,14.465],[106.572,14.514],[106.541,14.599],[106.469,14.559],[106.483,14.52],[106.433,14.523],[106.408,14.456],[106.331,14.445],[106.251,14.493],[106.216,14.377],[105.996,14.361],[106.034,14.237],[106.174,14.072],[106.108,13.994],[106.095,13.921],[105.91,13.933],[105.797,14.026],[105.784,14.081],[105.669,14.123],[105.643,14.107],[105.559,14.168],[105.47,14.114],[105.381,14.105],[105.283,14.178],[105.21,14.284],[105.211,14.35],[105.442,14.432],[105.536,14.563],[105.513,14.809],[105.551,14.841],[105.541,14.88],[105.58,14.895],[105.557,14.954],[105.62,14.985],[105.469,15.113],[105.489,15.201],[105.596,15.275],[105.588,15.336],[105.505,15.327],[105.475,15.361],[105.6,15.433],[105.632,15.679],[105.596,15.728],[105.505,15.767],[105.449,15.757],[105.401,15.807],[105.346,15.93],[105.42,16.014],[105.077,16.097],[105.012,16.252],[104.906,16.35],[104.852,16.452],[104.753,16.517],[104.768,16.864],[104.741,17.007],[104.809,17.19],[104.806,17.382],[104.699,17.523],[104.468,17.643],[104.357,17.811],[104.278,17.85],[104.198,18.018],[104.103,18.105],[104.072,18.2],[103.972,18.329],[103.869,18.28],[103.815,18.333],[103.692,18.339],[103.508,18.422],[103.305,18.421],[103.236,18.354],[103.283,18.287],[103.159,18.239],[103.141,18.165],[103.066,18.119],[103.045,17.994],[102.952,18.007],[102.859,17.975],[102.672,17.862],[102.67,17.802],[102.59,17.842],[102.604,17.95],[102.419,17.984],[102.295,18.05],[102.179,18.194],[102.089,18.215],[101.907,18.034],[101.78,18.063],[101.727,17.909],[101.628,17.887],[101.604,17.849],[101.58,17.864],[101.56,17.814],[101.586,17.791],[101.514,17.765],[101.497,17.726],[101.484,17.756],[101.408,17.731],[101.434,17.716],[101.412,17.685],[101.271,17.601],[101.163,17.46],[100.913,17.575],[100.987,17.719],[100.99,17.806],[101.029,17.833],[101.024,17.896],[101.191,18.054],[101.167,18.12],[101.188,18.203],[101.152,18.254],[101.182,18.331],[101.094,18.375],[101.056,18.44],[101.267,18.681],[101.229,18.725],[101.252,18.89],[101.354,19.039],[101.258,19.128],[101.241,19.334],[101.202,19.354],[101.211,19.459],[101.269,19.477],[101.281,19.562],[101.219,19.596],[101.121,19.568],[101.036,19.619],[100.9,19.623],[100.775,19.484],[100.652,19.552],[100.583,19.493],[100.504,19.527],[100.404,19.754],[100.509,19.882],[100.58,20.158],[100.521,20.145],[100.454,20.191],[100.333,20.389],[100.256,20.385],[100.215,20.313],[100.163,20.288],[100.16,20.235],[100.097,20.256],[100.091,20.349],[100.175,20.635],[100.254,20.746],[100.369,20.827],[100.532,20.805],[100.647,20.871],[100.634,20.892],[100.526,20.871],[100.52,20.949],[100.546,21.025],[100.621,21.052],[100.672,21.128],[100.723,21.308],[100.835,21.302],[100.997,21.396],[101.162,21.531],[101.148,21.573],[101.216,21.546],[101.194,21.413],[101.265,21.376],[101.228,21.312],[101.282,21.18],[101.569,21.247],[101.615,21.228],[101.607,21.18],[101.67,21.2],[101.73,21.14],[101.787,21.144],[101.782,21.207],[101.838,21.211],[101.851,21.249],[101.739,21.316],[101.749,21.482],[101.777,21.515],[101.763,21.578],[101.833,21.621],[101.783,21.651],[101.752,21.724],[101.785,21.825],[101.709,21.929],[101.626,21.972],[101.574,22.109],[101.597,22.162],[101.539,22.244],[101.627,22.282],[101.681,22.379],[101.672,22.446],[101.738,22.497],[101.8,22.489],[101.876,22.383]]]}},{"type":"Feature","properties":{"icao":"VNSM","name":"FIR KATHMANDU","label":[83.938,28.255]},"geometry":{"type":"MultiLineString","coordinates":[[[81.78,30.378],[82.113,30.336],[82.107,30.231],[82.179,30.191],[82.15,30.126],[82.17,30.07],[82.231,30.075],[82.558,29.943],[82.656,29.835],[82.716,29.832],[82.711,29.79],[82.855,29.669],[82.909,29.694],[82.992,29.672],[83.093,29.583],[83.117,29.621],[83.195,29.631],[83.283,29.551],[83.284,29.474],[83.346,29.497],[83.379,29.466],[83.381,29.416],[83.527,29.269],[83.553,29.186],[83.672,29.16],[83.721,29.229],[83.912,29.29],[84.114,29.262],[84.137,29.214],[84.186,29.206],[84.158,29.135],[84.202,29.057],[84.256,29.042],[84.237,28.919],[84.396,28.859],[84.481,28.737],[84.636,28.703],[84.707,28.661],[84.706,28.601],[84.775,28.599],[84.847,28.544],[84.955,28.544],[85.06,28.641],[85.19,28.603],[85.182,28.53],[85.102,28.447],[85.115,28.304],[85.199,28.312],[85.237,28.279],[85.333,28.289],[85.377,28.264],[85.459,28.302],[85.62,28.251],[85.718,28.339],[85.747,28.237],[85.886,28.152],[85.919,28.033],[85.978,27.99],[85.996,27.89],[86.089,27.891],[86.137,27.932],[86.094,28.086],[86.184,28.164],[86.226,28.007],[86.445,27.908],[86.535,27.955],[86.572,28.106],[86.637,28.086],[86.686,28.112],[86.758,28.08],[86.764,28.027],[86.874,28.018],[86.933,27.951],[87.039,27.961],[87.137,27.846],[87.193,27.823],[87.306,27.816],[87.404,27.861],[87.394,27.809],[87.546,27.846],[87.598,27.81],[87.661,27.829],[87.721,27.805],[87.797,27.837],[87.869,27.919],[88.189,27.851],[88.124,27.617],[88.048,27.502],[88.06,27.328],[87.993,27.114],[88.119,26.984],[88.194,26.767],[88.102,26.53],[88.096,26.439],[88.015,26.365],[87.891,26.473],[87.843,26.439],[87.786,26.456],[87.766,26.409],[87.697,26.429],[87.6,26.38],[87.463,26.435],[87.371,26.403],[87.328,26.348],[87.245,26.412],[87.137,26.41],[87.094,26.456],[87.061,26.588],[86.886,26.469],[86.738,26.42],[86.535,26.528],[86.332,26.585],[86.326,26.614],[86.207,26.586],[86.029,26.663],[85.856,26.57],[85.741,26.654],[85.726,26.802],[85.63,26.867],[85.453,26.787],[85.412,26.795],[85.328,26.736],[85.202,26.773],[85.184,26.867],[85.041,26.848],[85.041,26.887],[84.973,26.903],[84.953,26.958],[84.844,27.015],[84.651,27.042],[84.686,27.197],[84.634,27.315],[84.298,27.388],[84.143,27.524],[84.099,27.516],[84.04,27.445],[83.835,27.438],[83.876,27.381],[83.858,27.352],[83.608,27.469],[83.396,27.479],[83.377,27.375],[83.291,27.338],[83.176,27.449],[82.769,27.502],[82.701,27.711],[82.435,27.676],[82.077,27.91],[81.978,27.917],[81.886,27.855],[81.48,28.08],[81.422,28.166],[81.32,28.13],[81.312,28.193],[81.194,28.367],[81.019,28.404],[81.007,28.443],[80.939,28.441],[80.892,28.506],[80.798,28.524],[80.662,28.633],[80.585,28.654],[80.577,28.686],[80.506,28.658],[80.515,28.567],[80.44,28.629],[80.358,28.629],[80.246,28.751],[80.059,28.831],[80.052,28.901],[80.13,28.993],[80.15,29.112],[80.257,29.145],[80.24,29.215],[80.288,29.206],[80.307,29.311],[80.236,29.425],[80.407,29.596],[80.377,29.749],[80.54,29.846],[80.599,29.955],[80.746,30.021],[80.873,30.139],[80.859,30.175],[80.898,30.214],[80.936,30.181],[81.025,30.204],[81.108,30.027],[81.224,30.01],[81.302,30.084],[81.291,30.131],[81.384,30.178],[81.411,30.381],[81.461,30.364],[81.623,30.425],[81.78,30.378]]]}},{"type":"Feature","properties":{"icao":"VOMF","name":"FIR CHENNAI","label":[82.78,11.723]},"geometry":{"type":"MultiLineString","coordinates":[[[94.417,10],[94.417,6],[92,6],[82,10],[80,10],[78.5,7],[76.5,6],[74,6],[74,7.5],[72,7.5],[72,15],[76,15],[76,18],[81,18],[83,16.5],[92,14],[94.417,13.5],[94.417,11],[96,10],[94.417,10]]]}},{"type":"Feature","properties":{"icao":"VRMF","name":"FIR MALE","label":[73.06,0.321]},"geometry":{"type":"MultiLineString","coordinates":[[[74,7.5],[74,6],[78,6],[78,-2],[75,-6],[68,-6],[68,0],[70,3.083],[70,7.5],[74,7.5]]]}},{"type":"Feature","properties":{"icao":"VTBB","name":"FIR BANGKOK","label":[100.937,13.162]},"geometry":{"type":"MultiLineString","coordinates":[[[100.023,20.382],[100.066,20.383],[100.104,20.321],[100.097,20.256],[100.16,20.235],[100.163,20.288],[100.215,20.313],[100.256,20.385],[100.333,20.389],[100.454,20.191],[100.521,20.145],[100.58,20.158],[100.509,19.882],[100.404,19.754],[100.504,19.527],[100.583,19.493],[100.652,19.552],[100.775,19.484],[100.9,19.623],[101.036,19.619],[101.121,19.568],[101.219,19.596],[101.281,19.562],[101.269,19.477],[101.211,19.459],[101.202,19.354],[101.241,19.334],[101.258,19.128],[101.354,19.039],[101.252,18.89],[101.229,18.725],[101.267,18.681],[101.056,18.44],[101.094,18.375],[101.182,18.331],[101.152,18.254],[101.188,18.203],[101.167,18.12],[101.191,18.054],[101.024,17.896],[101.029,17.833],[100.99,17.806],[100.987,17.719],[100.917,17.571],[101.028,17.544],[101.163,17.46],[101.271,17.601],[101.412,17.685],[101.434,17.716],[101.408,17.731],[101.484,17.756],[101.497,17.726],[101.514,17.765],[101.586,17.791],[101.56,17.814],[101.58,17.864],[101.604,17.849],[101.628,17.887],[101.727,17.909],[101.78,18.063],[101.907,18.034],[102.089,18.215],[102.179,18.194],[102.295,18.05],[102.419,17.984],[102.604,17.95],[102.59,17.842],[102.67,17.802],[102.672,17.862],[102.859,17.975],[102.952,18.007],[103.045,17.994],[103.066,18.119],[103.141,18.165],[103.159,18.239],[103.283,18.287],[103.236,18.354],[103.305,18.421],[103.508,18.422],[103.692,18.339],[103.815,18.333],[103.869,18.28],[103.972,18.329],[104.072,18.2],[104.103,18.105],[104.198,18.018],[104.278,17.85],[104.357,17.811],[104.468,17.643],[104.699,17.523],[104.806,17.382],[104.809,17.19],[104.741,17.007],[104.768,16.864],[104.753,16.517],[104.852,16.452],[104.906,16.35],[105.012,16.252],[105.077,16.097],[105.42,16.014],[105.346,15.93],[105.401,15.807],[105.449,15.757],[105.505,15.767],[105.596,15.728],[105.639,15.645],[105.6,15.433],[105.475,15.361],[105.505,15.327],[105.588,15.336],[105.596,15.275],[105.489,15.201],[105.469,15.113],[105.62,14.985],[105.554,14.945],[105.58,14.895],[105.541,14.88],[105.551,14.841],[105.512,14.806],[105.536,14.563],[105.442,14.432],[105.185,14.348],[105.147,14.246],[105.077,14.217],[104.993,14.317],[105.002,14.383],[104.806,14.448],[104.736,14.41],[104.723,14.438],[104.687,14.408],[104.646,14.43],[104.576,14.365],[104.509,14.381],[104.473,14.357],[104.279,14.409],[104.223,14.382],[104.206,14.413],[104.167,14.37],[104.129,14.386],[104.03,14.344],[103.946,14.369],[103.922,14.339],[103.845,14.381],[103.706,14.388],[103.696,14.44],[103.659,14.448],[103.612,14.404],[103.572,14.426],[103.467,14.372],[103.442,14.395],[103.396,14.359],[103.181,14.33],[102.945,14.191],[102.904,14.022],[102.792,13.937],[102.724,13.766],[102.562,13.679],[102.623,13.607],[102.538,13.569],[102.368,13.577],[102.339,13.553],[102.346,13.277],[102.417,13.117],[102.519,12.998],[102.49,12.936],[102.535,12.805],[102.507,12.672],[102.636,12.601],[102.788,12.44],[102.741,12.363],[102.716,12.166],[102.781,12.047],[102.783,11.982],[102.914,11.752],[102.916,11.636],[102.959,11.573],[102.967,11.718],[102.896,11.83],[102.976,11.711],[103.084,11.724],[103.054,11.701],[103.018,11.72],[102.967,11.675],[102.969,11.637],[102.983,11.668],[103.044,11.63],[102.989,11.635],[103.001,11.55],[102.956,11.551],[103.029,11.542],[103.033,11.599],[103.053,11.59],[103.064,11.502],[103.111,11.464],[103.135,11.505],[103.171,11.428],[103.126,11.46],[103.064,11.444],[103.096,11.356],[103.135,11.353],[103.154,11.303],[103.078,11.283],[103.054,11.225],[103.117,11.153],[103.095,10.938],[103.123,10.874],[103.217,10.873],[103.276,10.929],[103.352,10.869],[103.42,10.89],[103.411,10.959],[103.475,11.087],[103.447,11.089],[103.469,11.148],[103.555,11.157],[103.605,11.086],[103.669,11.065],[103.722,10.866],[103.663,10.761],[103.684,10.741],[103.559,10.716],[103.498,10.616],[103.575,10.541],[103.608,10.551],[103.623,10.496],[103.738,10.496],[103.703,10.559],[103.824,10.541],[103.864,10.609],[103.864,10.694],[103.935,10.586],[104.09,10.548],[104.167,10.562],[104.184,10.538],[104.251,10.567],[104.295,10.478],[104.353,10.492],[104.445,10.423],[104.047,10.148],[104.087,10.249],[104.084,10.362],[104.055,10.402],[103.995,10.448],[103.929,10.362],[103.841,10.374],[103.864,10.3],[103.949,10.244],[103.989,10.11],[103.633,10.233],[102.667,9],[103,7],[102.667,6.75],[102.095,6.236],[102.092,6.111],[101.948,5.969],[101.944,5.862],[101.834,5.743],[101.762,5.789],[101.692,5.764],[101.659,5.861],[101.57,5.917],[101.415,5.862],[101.352,5.808],[101.29,5.811],[101.256,5.706],[101.146,5.631],[100.99,5.788],[101.036,5.896],[101.101,5.927],[101.119,5.984],[101.12,6.098],[101.076,6.151],[101.122,6.187],[101.116,6.249],[101.033,6.244],[100.99,6.278],[100.951,6.24],[100.857,6.234],[100.834,6.419],[100.766,6.452],[100.754,6.502],[100.661,6.448],[100.499,6.523],[100.437,6.516],[100.337,6.583],[100.303,6.699],[100.248,6.683],[100.215,6.711],[100.175,6.626],[100.194,6.569],[100.171,6.477],[100.127,6.425],[100.024,6.423],[99.897,6.507],[99.514,6.436],[99.5,6.5],[98,7.25],[96.5,10],[98.554,9.937],[98.824,10.517],[98.774,10.617],[98.787,10.682],[98.913,10.81],[99.007,10.832],[99.02,10.963],[99.082,10.951],[99.107,11.01],[99.237,11.109],[99.33,11.322],[99.401,11.384],[99.405,11.452],[99.469,11.52],[99.468,11.61],[99.562,11.631],[99.636,11.734],[99.662,11.827],[99.589,11.872],[99.594,11.997],[99.545,12.046],[99.573,12.137],[99.473,12.134],[99.5,12.188],[99.412,12.466],[99.439,12.571],[99.245,12.724],[99.179,12.917],[99.192,12.974],[99.112,13.056],[99.121,13.176],[99.213,13.216],[99.217,13.406],[99.171,13.571],[99.181,13.712],[99.128,13.774],[99.119,13.879],[99.033,13.938],[98.972,14.084],[98.76,14.217],[98.731,14.278],[98.611,14.327],[98.448,14.606],[98.264,14.807],[98.214,15.003],[98.234,15.047],[98.184,15.099],[98.217,15.177],[98.201,15.221],[98.266,15.236],[98.31,15.303],[98.414,15.26],[98.426,15.364],[98.497,15.388],[98.559,15.33],[98.58,15.353],[98.596,15.458],[98.565,15.723],[98.617,15.97],[98.572,16.052],[98.638,16.047],[98.693,16.128],[98.808,16.103],[98.853,16.134],[98.863,16.215],[98.919,16.269],[98.926,16.391],[98.867,16.434],[98.861,16.475],[98.814,16.376],[98.716,16.276],[98.69,16.285],[98.662,16.46],[98.59,16.553],[98.58,16.62],[98.478,16.735],[98.547,16.808],[98.512,16.837],[98.52,16.868],[98.55,16.855],[98.488,16.982],[98.424,17.053],[98.336,17.056],[98.242,17.219],[98.119,17.314],[98.116,17.376],[98.053,17.416],[98.015,17.506],[97.778,17.703],[97.774,17.751],[97.687,17.864],[97.752,17.972],[97.691,18.058],[97.687,18.147],[97.618,18.231],[97.643,18.29],[97.564,18.328],[97.536,18.269],[97.501,18.276],[97.345,18.551],[97.36,18.583],[97.442,18.497],[97.527,18.489],[97.624,18.554],[97.775,18.57],[97.748,18.866],[97.677,18.934],[97.836,19.101],[97.842,19.207],[97.788,19.277],[97.837,19.299],[97.792,19.402],[97.877,19.495],[97.869,19.57],[98.035,19.644],[98.05,19.808],[98.239,19.722],[98.254,19.673],[98.51,19.712],[98.562,19.675],[98.649,19.742],[98.776,19.759],[98.837,19.816],[98.92,19.748],[99,19.783],[99.036,19.843],[99.022,19.928],[99.076,20.097],[99.184,20.128],[99.326,20.066],[99.539,20.149],[99.555,20.207],[99.445,20.383],[99.674,20.311],[99.809,20.336],[99.87,20.427],[99.959,20.455],[100.023,20.382]]]}},{"type":"Feature","properties":{"icao":"VVTS","name":"FIR HO-CHI-MINH","label":[108.827,11.37]},"geometry":{"type":"MultiLineString","coordinates":[[[108.717,17.417],[112,14.5],[114,14.5],[114,10.5],[108,7],[103,7],[102.667,9],[103.633,10.233],[103.989,10.11],[103.949,10.244],[103.864,10.3],[103.837,10.366],[103.929,10.362],[103.989,10.446],[104.084,10.362],[104.086,10.246],[104.047,10.148],[104.445,10.423],[104.505,10.414],[104.595,10.533],[104.872,10.526],[104.961,10.638],[105.098,10.716],[105.037,10.884],[105.102,10.956],[105.115,10.918],[105.277,10.889],[105.347,10.843],[105.427,10.965],[105.543,10.948],[105.779,11.023],[105.872,10.85],[105.933,10.834],[105.957,10.9],[106.082,10.803],[106.203,10.771],[106.146,10.916],[106.153,10.974],[106.214,10.976],[106.191,11.053],[106.159,11.094],[106.11,11.061],[105.87,11.297],[105.902,11.438],[105.882,11.545],[105.815,11.609],[105.851,11.66],[105.962,11.643],[106.046,11.777],[106.261,11.726],[106.306,11.678],[106.391,11.698],[106.458,11.666],[106.422,11.761],[106.47,11.871],[106.42,11.974],[106.72,11.97],[106.789,12.073],[106.981,12.086],[107.167,12.278],[107.35,12.334],[107.434,12.252],[107.556,12.374],[107.593,12.604],[107.569,12.796],[107.511,12.879],[107.483,13.021],[107.636,13.382],[107.629,13.543],[107.533,13.722],[107.461,13.792],[107.482,13.91],[107.458,13.985],[107.381,14.006],[107.342,14.124],[107.384,14.234],[107.378,14.353],[107.416,14.429],[107.484,14.438],[107.558,14.651],[107.514,14.804],[107.589,14.891],[107.483,14.966],[107.468,15.025],[107.615,15.062],[107.608,15.104],[107.695,15.271],[107.613,15.347],[107.604,15.412],[107.518,15.426],[107.508,15.495],[107.47,15.517],[107.397,15.497],[107.343,15.603],[107.263,15.648],[107.255,15.724],[107.177,15.778],[107.204,15.86],[107.398,15.914],[107.475,16.021],[107.465,16.079],[107.334,16.057],[107.257,16.144],[107.161,16.188],[107.149,16.261],[107.094,16.301],[106.989,16.298],[106.981,16.342],[106.882,16.419],[106.881,16.536],[106.845,16.536],[106.78,16.431],[106.702,16.44],[106.66,16.532],[106.67,16.584],[106.598,16.609],[106.56,16.677],[106.561,16.997],[108,17.217],[108.717,17.417]]]}},{"type":"Feature","properties":{"icao":"VVTS","name":"UIR HO-CHI-MINH","label":[108.094,11.624]},"geometry":{"type":"MultiLineString","coordinates":[[[102.667,9],[103.632,10.237],[103.968,10.09],[103.921,10.255],[103.832,10.312],[103.841,10.402],[103.924,10.398],[103.997,10.483],[104.055,10.448],[104.111,10.343],[104.086,10.168],[104.444,10.424],[104.353,10.492],[104.295,10.478],[104.251,10.567],[104.184,10.538],[103.93,10.589],[103.864,10.694],[103.824,10.541],[103.703,10.559],[103.741,10.498],[103.623,10.496],[103.498,10.616],[103.56,10.716],[103.685,10.741],[103.721,10.877],[103.67,11.065],[103.552,11.158],[103.469,11.148],[103.42,10.89],[103.352,10.869],[103.276,10.929],[103.217,10.873],[103.125,10.872],[103.118,11.153],[103.055,11.225],[103.078,11.283],[103.154,11.303],[103.064,11.444],[103.171,11.428],[103.135,11.505],[103.111,11.464],[103.065,11.502],[103.053,11.59],[103.029,11.542],[102.957,11.548],[103.001,11.55],[102.989,11.635],[103.044,11.63],[102.983,11.668],[102.97,11.637],[102.967,11.675],[103.083,11.726],[102.976,11.711],[102.896,11.83],[102.967,11.718],[102.958,11.571],[102.913,11.641],[102.914,11.752],[102.716,12.166],[102.788,12.44],[102.506,12.675],[102.519,12.998],[102.346,13.274],[102.341,13.558],[102.623,13.607],[102.562,13.679],[102.726,13.768],[102.792,13.937],[102.904,14.022],[102.945,14.191],[103.181,14.33],[103.612,14.404],[103.659,14.448],[103.706,14.388],[103.922,14.339],[104.167,14.37],[104.206,14.413],[104.557,14.363],[104.646,14.43],[104.806,14.448],[105.002,14.383],[104.993,14.317],[105.077,14.218],[105.21,14.349],[105.21,14.284],[105.364,14.109],[105.559,14.168],[105.643,14.107],[105.732,14.111],[105.91,13.933],[106.101,13.923],[106.175,14.068],[106.037,14.232],[105.998,14.367],[106.216,14.377],[106.254,14.494],[106.541,14.599],[106.572,14.514],[106.734,14.443],[106.854,14.303],[106.979,14.329],[107.05,14.443],[107.119,14.404],[107.313,14.607],[107.451,14.553],[107.545,14.704],[107.514,14.804],[107.589,14.891],[107.468,15.025],[107.615,15.062],[107.695,15.271],[107.602,15.414],[107.518,15.426],[107.51,15.493],[107.399,15.496],[107.175,15.788],[107.204,15.86],[107.4,15.916],[107.476,16.024],[107.465,16.079],[107.334,16.057],[107.161,16.188],[107.133,16.274],[106.989,16.298],[106.882,16.419],[106.881,16.536],[106.784,16.453],[106.702,16.44],[106.67,16.584],[106.587,16.627],[106.561,16.997],[108,17.217],[108.714,17.424],[112,14.5],[114,14.5],[114,10.5],[108,7],[103,7],[102.667,9]],[[107.423,14.435],[107.478,14.431],[107.423,14.435]],[[104.444,10.424],[104.506,10.415],[104.444,10.424]]]}},{"type":"Feature","properties":{"icao":"VVVV","name":"FIR HANOI","label":[105.779,20.383]},"geometry":{"type":"MultiLineString","coordinates":[[[105.4,23.28],[105.446,23.284],[105.554,23.16],[105.574,23.06],[105.724,23.048],[105.872,22.91],[105.987,22.936],[106.015,22.985],[106.135,22.989],[106.229,22.951],[106.25,22.874],[106.285,22.859],[106.419,22.871],[106.52,22.935],[106.601,22.909],[106.648,22.853],[106.707,22.865],[106.761,22.795],[106.822,22.8],[106.767,22.742],[106.713,22.587],[106.676,22.573],[106.639,22.614],[106.607,22.607],[106.552,22.457],[106.566,22.346],[106.658,22.324],[106.696,22.222],[106.665,22.199],[106.703,22.09],[106.683,21.969],[106.755,22.015],[106.809,21.974],[106.902,21.971],[106.933,21.927],[107.029,21.937],[107.049,21.907],[107.02,21.823],[107.221,21.708],[107.301,21.731],[107.377,21.598],[107.454,21.658],[107.487,21.642],[107.486,21.598],[107.527,21.586],[107.783,21.667],[107.859,21.651],[107.948,21.542],[107.99,21.542],[108.209,21.21],[107.93,19.957],[107.19,19.268],[107.683,18.333],[108.717,17.417],[108,17.217],[106.554,16.997],[106.52,16.966],[106.444,16.987],[106.42,17.075],[106.326,17.199],[106.312,17.291],[106.26,17.247],[106.212,17.262],[106.039,17.407],[105.861,17.619],[105.754,17.67],[105.68,17.821],[105.615,17.871],[105.634,17.977],[105.503,18.129],[105.5,18.18],[105.434,18.208],[105.394,18.15],[105.322,18.197],[105.319,18.26],[105.259,18.254],[105.185,18.318],[105.192,18.378],[105.104,18.451],[105.146,18.594],[105.194,18.61],[105.139,18.703],[104.942,18.738],[104.914,18.78],[104.741,18.797],[104.573,18.901],[104.526,18.977],[104.447,18.983],[104.378,19.059],[104.221,19.111],[104.224,19.151],[104.171,19.193],[104.059,19.24],[103.999,19.23],[103.916,19.3],[103.879,19.294],[103.965,19.389],[104.071,19.412],[104.086,19.476],[104.122,19.494],[104.102,19.56],[104.037,19.611],[104.04,19.695],[104.135,19.659],[104.226,19.704],[104.321,19.66],[104.414,19.693],[104.516,19.606],[104.645,19.616],[104.713,19.746],[104.838,19.794],[104.846,19.853],[104.787,19.861],[104.786,19.887],[104.896,19.991],[104.979,20.005],[104.965,20.064],[104.992,20.093],[104.932,20.136],[104.944,20.181],[104.832,20.229],[104.748,20.202],[104.683,20.217],[104.711,20.337],[104.622,20.414],[104.514,20.407],[104.382,20.445],[104.471,20.539],[104.552,20.517],[104.647,20.655],[104.499,20.714],[104.483,20.768],[104.409,20.778],[104.314,20.89],[104.109,20.977],[104.035,20.905],[103.806,20.848],[103.789,20.749],[103.733,20.729],[103.738,20.67],[103.694,20.657],[103.607,20.739],[103.511,20.758],[103.459,20.825],[103.389,20.784],[103.289,20.838],[103.171,20.847],[103.086,20.94],[103.037,21.054],[102.967,21.079],[102.946,21.157],[102.91,21.171],[102.919,21.232],[102.823,21.257],[102.901,21.303],[102.947,21.449],[102.875,21.433],[103,21.581],[102.976,21.739],[102.867,21.711],[102.858,21.827],[102.822,21.847],[102.813,21.726],[102.753,21.669],[102.677,21.656],[102.608,21.926],[102.506,21.962],[102.516,22.029],[102.238,22.242],[102.141,22.396],[102.187,22.43],[102.253,22.415],[102.27,22.492],[102.416,22.636],[102.383,22.677],[102.426,22.688],[102.48,22.774],[102.543,22.749],[102.56,22.697],[102.61,22.723],[102.863,22.601],[102.929,22.482],[103.031,22.436],[103.072,22.447],[103.076,22.498],[103.171,22.547],[103.156,22.587],[103.184,22.629],[103.28,22.673],[103.336,22.796],[103.431,22.744],[103.457,22.642],[103.532,22.584],[103.584,22.644],[103.567,22.707],[103.612,22.777],[103.655,22.782],[103.964,22.499],[104.01,22.524],[104.033,22.685],[104.112,22.8],[104.267,22.829],[104.262,22.738],[104.37,22.686],[104.584,22.845],[104.604,22.81],[104.731,22.817],[104.861,22.937],[104.824,23.103],[104.876,23.111],[104.907,23.18],[104.962,23.166],[105.081,23.242],[105.241,23.261],[105.265,23.334],[105.327,23.378],[105.4,23.28]]]}},{"type":"Feature","properties":{"icao":"VYYF","name":"FIR YANGON","label":[95.971,18.534]},"geometry":{"type":"MultiLineString","coordinates":[[[97.631,28.484],[97.711,28.517],[97.797,28.349],[97.909,28.376],[98.019,28.278],[98.013,28.215],[98.074,28.209],[98.147,28.147],[98.131,27.969],[98.204,27.916],[98.167,27.871],[98.232,27.825],[98.227,27.735],[98.316,27.542],[98.369,27.529],[98.409,27.558],[98.432,27.689],[98.522,27.647],[98.551,27.667],[98.595,27.6],[98.668,27.619],[98.702,27.587],[98.686,27.466],[98.737,27.329],[98.692,27.202],[98.707,27.098],[98.762,27.064],[98.74,26.864],[98.778,26.792],[98.756,26.724],[98.779,26.643],[98.737,26.387],[98.666,26.261],[98.701,26.252],[98.731,26.177],[98.664,26.098],[98.649,26.152],[98.568,26.123],[98.605,25.989],[98.709,25.905],[98.711,25.856],[98.632,25.801],[98.531,25.846],[98.392,25.657],[98.383,25.592],[98.327,25.552],[98.165,25.623],[98.168,25.55],[98.125,25.506],[98.139,25.387],[98.107,25.387],[98.069,25.314],[97.941,25.214],[97.833,25.259],[97.789,25.137],[97.723,25.082],[97.737,24.919],[97.798,24.846],[97.689,24.834],[97.552,24.743],[97.562,24.571],[97.531,24.441],[97.665,24.444],[97.718,24.358],[97.669,24.342],[97.665,24.306],[97.742,24.29],[97.76,24.257],[97.727,24.225],[97.75,24.17],[97.725,24.118],[97.536,23.94],[97.624,23.898],[97.65,23.852],[97.788,23.949],[97.852,23.958],[97.912,24.027],[98.064,24.089],[98.221,24.125],[98.357,24.103],[98.447,24.135],[98.545,24.126],[98.597,24.076],[98.891,24.16],[98.894,24.098],[98.677,23.968],[98.704,23.951],[98.689,23.801],[98.816,23.767],[98.819,23.706],[98.886,23.613],[98.806,23.542],[98.825,23.481],[98.88,23.484],[98.915,23.417],[98.919,23.365],[98.879,23.33],[98.94,23.314],[98.881,23.188],[99.059,23.167],[99.061,23.124],[99.111,23.102],[99.356,23.135],[99.504,23.09],[99.566,22.938],[99.514,22.912],[99.446,22.95],[99.441,22.865],[99.328,22.745],[99.385,22.603],[99.384,22.504],[99.261,22.391],[99.271,22.348],[99.182,22.195],[99.201,22.173],[99.163,22.159],[99.232,22.114],[99.359,22.093],[99.466,22.136],[99.522,22.1],[99.644,22.099],[99.701,22.04],[99.749,22.075],[99.844,22.023],[99.881,22.061],[99.968,22.05],[99.991,21.958],[99.942,21.825],[99.974,21.734],[100.002,21.696],[100.125,21.691],[100.172,21.654],[100.107,21.586],[100.116,21.526],[100.213,21.433],[100.379,21.539],[100.43,21.529],[100.485,21.458],[100.667,21.479],[100.887,21.683],[101.105,21.771],[101.171,21.605],[101.162,21.531],[101.005,21.401],[100.835,21.302],[100.723,21.308],[100.672,21.128],[100.621,21.052],[100.546,21.025],[100.52,20.949],[100.526,20.871],[100.634,20.892],[100.647,20.871],[100.532,20.805],[100.369,20.827],[100.254,20.746],[100.175,20.635],[100.089,20.347],[99.959,20.455],[99.87,20.427],[99.809,20.336],[99.674,20.311],[99.456,20.389],[99.555,20.207],[99.539,20.149],[99.326,20.066],[99.184,20.128],[99.076,20.097],[99.022,19.928],[99.03,19.829],[98.914,19.746],[98.837,19.816],[98.776,19.759],[98.649,19.742],[98.562,19.675],[98.51,19.712],[98.254,19.673],[98.239,19.722],[98.05,19.808],[98.035,19.644],[97.869,19.57],[97.877,19.495],[97.792,19.402],[97.837,19.299],[97.788,19.277],[97.842,19.207],[97.836,19.101],[97.677,18.934],[97.748,18.866],[97.775,18.57],[97.624,18.554],[97.527,18.489],[97.447,18.495],[97.36,18.583],[97.346,18.562],[97.501,18.276],[97.536,18.269],[97.564,18.328],[97.643,18.29],[97.618,18.231],[97.687,18.147],[97.691,18.058],[97.752,17.972],[97.687,17.864],[97.774,17.751],[97.778,17.703],[98.015,17.506],[98.053,17.416],[98.116,17.376],[98.119,17.314],[98.242,17.219],[98.336,17.056],[98.424,17.053],[98.488,16.982],[98.55,16.855],[98.52,16.868],[98.512,16.837],[98.547,16.808],[98.478,16.735],[98.58,16.62],[98.59,16.553],[98.662,16.46],[98.69,16.285],[98.716,16.276],[98.814,16.376],[98.861,16.475],[98.867,16.434],[98.926,16.391],[98.919,16.269],[98.863,16.215],[98.853,16.134],[98.808,16.103],[98.693,16.128],[98.638,16.047],[98.572,16.052],[98.617,15.97],[98.565,15.723],[98.596,15.458],[98.58,15.353],[98.559,15.33],[98.497,15.388],[98.426,15.364],[98.414,15.26],[98.31,15.303],[98.266,15.236],[98.201,15.221],[98.217,15.177],[98.184,15.099],[98.234,15.047],[98.214,15.003],[98.264,14.807],[98.448,14.606],[98.611,14.327],[98.731,14.278],[98.76,14.217],[98.972,14.084],[99.033,13.938],[99.119,13.879],[99.128,13.774],[99.181,13.712],[99.171,13.571],[99.217,13.406],[99.213,13.216],[99.121,13.176],[99.112,13.056],[99.192,12.974],[99.179,12.917],[99.245,12.724],[99.439,12.571],[99.412,12.466],[99.5,12.188],[99.473,12.134],[99.571,12.141],[99.544,12.058],[99.594,11.997],[99.581,11.892],[99.662,11.827],[99.569,11.637],[99.468,11.61],[99.469,11.52],[99.405,11.452],[99.401,11.384],[99.33,11.322],[99.237,11.109],[99.107,11.01],[99.082,10.951],[99.02,10.963],[99.007,10.832],[98.913,10.81],[98.787,10.682],[98.774,10.617],[98.824,10.517],[98.554,9.937],[96,10],[94.417,11],[94.417,13.5],[92,14],[92,21],[92.533,21.95],[92.68,22.027],[92.701,22.156],[92.859,22.056],[92.901,21.954],[92.943,22.028],[93.006,22.004],[92.989,22.061],[93.016,22.115],[93.053,22.119],[93.047,22.206],[93.154,22.187],[93.142,22.237],[93.197,22.256],[93.181,22.441],[93.119,22.533],[93.136,22.594],[93.097,22.665],[93.098,22.79],[93.161,22.919],[93.138,23.048],[93.201,23.059],[93.229,23.013],[93.294,23.009],[93.387,23.14],[93.366,23.349],[93.403,23.378],[93.433,23.679],[93.401,23.736],[93.384,23.921],[93.328,23.982],[93.339,24.078],[93.406,24.076],[93.482,23.965],[93.596,23.972],[93.621,24.016],[93.753,24.007],[93.819,23.935],[93.927,23.956],[94.151,23.855],[94.389,24.48],[94.515,24.619],[94.539,24.709],[94.598,24.725],[94.734,25.025],[94.729,25.136],[94.599,25.178],[94.576,25.214],[94.626,25.398],[94.695,25.472],[94.789,25.497],[94.885,25.572],[94.992,25.729],[95.034,25.742],[95.022,25.929],[95.087,25.956],[95.178,26.059],[95.113,26.109],[95.121,26.202],[95.084,26.223],[95.065,26.326],[95.095,26.41],[95.066,26.48],[95.148,26.566],[95.141,26.612],[95.246,26.68],[95.271,26.645],[95.441,26.709],[95.519,26.823],[95.611,26.821],[95.658,26.895],[95.718,26.891],[95.804,27.001],[95.931,27.046],[96.036,27.192],[96.194,27.271],[96.524,27.294],[96.61,27.367],[96.66,27.339],[96.729,27.366],[96.884,27.255],[96.861,27.21],[96.888,27.178],[97.06,27.093],[97.137,27.086],[97.16,27.132],[97.126,27.191],[96.905,27.452],[96.889,27.617],[97.249,27.907],[97.299,27.917],[97.317,27.878],[97.368,27.897],[97.394,28.019],[97.316,28.089],[97.352,28.233],[97.411,28.292],[97.469,28.296],[97.471,28.391],[97.555,28.548],[97.631,28.484]]]}},{"type":"Feature","properties":{"icao":"WAAF","name":"FIR UJUNG PANDANG","label":[125.468,-3.366]},"geometry":{"type":"MultiLineString","coordinates":[[[116.664,4.329],[116.743,4.373],[116.837,4.33],[117.239,4.358],[117.398,4.258],[117.443,4.193],[117.578,4.18],[117.901,3.988],[132.533,4],[133,3.5],[141,3.5],[141,-9.833],[139.667,-9.833],[135,-7],[126.833,-9.333],[123.333,-12],[114.5,-12],[110.383,-8.333],[110.383,-3],[113.616,1.251],[113.658,1.225],[113.786,1.302],[113.931,1.445],[114.141,1.467],[114.2,1.423],[114.402,1.51],[114.544,1.432],[114.587,1.45],[114.595,1.551],[114.689,1.676],[114.694,1.829],[114.86,1.904],[114.868,2.044],[114.802,2.039],[114.776,2.147],[114.805,2.249],[114.939,2.286],[114.953,2.364],[115.011,2.365],[115.237,2.523],[115.172,2.604],[115.083,2.611],[115.084,2.721],[115.129,2.772],[115.088,2.833],[115.271,3.045],[115.495,3.039],[115.504,3.111],[115.552,3.159],[115.511,3.186],[115.534,3.318],[115.576,3.426],[115.628,3.432],[115.571,3.613],[115.616,3.854],[115.564,3.919],[115.629,3.982],[115.691,4.18],[115.77,4.245],[115.814,4.235],[115.886,4.368],[116,4.333],[116.054,4.277],[116.178,4.379],[116.36,4.368],[116.457,4.294],[116.49,4.328],[116.526,4.317],[116.522,4.366],[116.558,4.385],[116.664,4.329]]]}},{"type":"Feature","properties":{"icao":"WAAF","name":"UIR UJUNG PANDANG","label":[130.346,-2.261]},"geometry":{"type":"MultiLineString","coordinates":[[[132,4],[132,3.5],[141,3.5],[141,-9.833],[139.667,-9.833],[135,-7],[126.833,-9.333],[124.5,-7],[121,-7],[118,-5.5],[118,-4],[121.25,4],[132,4]]]}},{"type":"Feature","properties":{"icao":"WBFC","name":"FIR KOTA KINABALU","label":[114.166,4.259]},"geometry":{"type":"MultiLineString","coordinates":[[[117.5,7.5],[120,4],[117.911,3.987],[117.578,4.18],[117.443,4.193],[117.398,4.258],[117.239,4.358],[116.837,4.33],[116.743,4.373],[116.677,4.329],[116.57,4.386],[116.522,4.366],[116.526,4.317],[116.49,4.328],[116.463,4.293],[116.36,4.368],[116.178,4.379],[116.054,4.277],[116,4.333],[115.881,4.367],[115.814,4.235],[115.77,4.245],[115.691,4.18],[115.629,3.982],[115.564,3.919],[115.616,3.854],[115.571,3.613],[115.628,3.432],[115.576,3.426],[115.534,3.318],[115.511,3.186],[115.552,3.159],[115.504,3.111],[115.487,3.028],[115.321,2.986],[115.271,3.045],[115.088,2.833],[115.129,2.772],[115.084,2.721],[115.083,2.611],[115.172,2.604],[115.237,2.523],[115.011,2.365],[114.953,2.364],[114.939,2.286],[114.805,2.249],[114.776,2.147],[114.802,2.039],[114.868,2.044],[114.86,1.904],[114.694,1.829],[114.689,1.676],[114.595,1.551],[114.572,1.438],[114.402,1.51],[114.2,1.423],[114.141,1.467],[113.931,1.445],[113.794,1.308],[113.658,1.225],[113.562,1.314],[113.433,1.286],[113.355,1.359],[113.19,1.381],[113.126,1.432],[112.987,1.415],[113.059,1.536],[113,1.573],[112.881,1.588],[112.834,1.546],[112.473,1.568],[112.416,1.522],[112.205,1.454],[112.181,1.409],[112.214,1.379],[112.131,1.147],[111.95,1.13],[111.827,0.999],[111.667,1.039],[111.534,0.961],[111.502,1.025],[111.406,1.009],[111.236,1.086],[110.904,1.014],[110.806,0.907],[110.685,0.874],[110.64,0.904],[110.609,0.86],[110.555,0.854],[110.46,0.903],[110.396,0.982],[110.301,0.987],[110.199,1.176],[110.072,1.22],[110.061,1.262],[109.985,1.302],[109.949,1.396],[109.85,1.414],[109.843,1.464],[109.802,1.46],[109.67,1.613],[109.673,1.78],[109.586,1.801],[109.547,1.904],[109.622,1.966],[109.641,2.081],[109.572,1.986],[109.337,1.941],[109.327,1.834],[109.282,1.783],[109.347,1.81],[109.275,1.695],[109.067,1.532],[109.056,1.354],[108.982,1.212],[108.922,1.173],[108.967,1],[108.5,1],[108.5,2.25],[113.25,6],[116.5,8.417],[117.5,7.5]]]}},{"type":"Feature","properties":{"icao":"WIIZ","name":"FIR JAKARTA","label":[102.277,-2.904]},"geometry":{"type":"MultiLineString","coordinates":[[[103.916,-0.294],[104.131,-0.274],[104.463,-0.171],[104.767,0],[105.167,0],[106,-0.833],[108,0],[109.156,0],[109.172,0.032],[109.301,0.004],[109.166,0.106],[109.053,0.283],[108.92,0.313],[108.948,0.413],[108.908,0.504],[108.932,0.609],[108.871,0.706],[108.889,0.758],[108.846,0.823],[108.979,0.942],[108.922,1.173],[108.982,1.212],[109.056,1.354],[109.067,1.532],[109.275,1.695],[109.347,1.81],[109.282,1.783],[109.327,1.834],[109.337,1.941],[109.572,1.986],[109.641,2.081],[109.622,1.966],[109.547,1.904],[109.586,1.801],[109.673,1.78],[109.67,1.613],[109.802,1.46],[109.843,1.464],[109.85,1.414],[109.949,1.396],[109.985,1.302],[110.061,1.262],[110.072,1.22],[110.199,1.176],[110.301,0.987],[110.396,0.982],[110.46,0.903],[110.555,0.854],[110.609,0.86],[110.64,0.904],[110.685,0.874],[110.806,0.907],[110.904,1.014],[111.236,1.086],[111.406,1.009],[111.502,1.025],[111.534,0.961],[111.667,1.039],[111.827,0.999],[111.95,1.13],[112.131,1.147],[112.214,1.379],[112.181,1.409],[112.205,1.454],[112.416,1.522],[112.473,1.568],[112.834,1.546],[112.881,1.588],[113,1.573],[113.059,1.536],[112.987,1.415],[113.126,1.432],[113.19,1.381],[113.355,1.359],[113.433,1.286],[113.575,1.306],[113.616,1.251],[110.383,-3],[110.383,-8.333],[114.5,-12],[107,-12],[92,-2],[92,6],[97.5,6],[102.167,1.65],[102.15,1.215],[102.237,0.821],[102.37,0.524],[102.502,0.33],[102.745,0.08],[103.073,-0.13],[103.357,-0.244],[103.7,-0.303],[103.916,-0.294]]]}},{"type":"Feature","properties":{"icao":"WIIZ","name":"UIR JAKARTA","label":[108.298,-3.887]},"geometry":{"type":"MultiLineString","coordinates":[[[102.167,1.65],[102.15,1.215],[102.228,0.848],[102.333,0.602],[102.531,0.299],[102.811,0.027],[103.034,-0.115],[103.308,-0.223],[103.785,-0.306],[104.131,-0.274],[104.349,-0.207],[104.767,0],[105.167,0],[106,-0.833],[108,0],[109.173,0.001],[109.053,0.283],[108.92,0.313],[108.932,0.609],[108.846,0.811],[108.985,0.964],[108.923,1.173],[109.096,1.212],[109.265,1.393],[109.136,1.259],[108.982,1.212],[109.06,1.364],[109.067,1.532],[109.275,1.695],[109.347,1.81],[109.282,1.783],[109.338,1.941],[109.647,2.071],[109.547,1.904],[109.586,1.801],[109.673,1.78],[109.67,1.613],[109.85,1.414],[109.949,1.396],[110.072,1.22],[110.199,1.176],[110.297,0.99],[110.396,0.982],[110.568,0.853],[110.64,0.904],[110.685,0.874],[110.806,0.907],[110.904,1.014],[111.236,1.086],[111.406,1.009],[111.503,1.025],[111.534,0.961],[111.667,1.039],[111.827,0.999],[111.95,1.13],[112.131,1.147],[112.205,1.454],[112.485,1.57],[113,1.573],[113.059,1.536],[112.987,1.415],[113.126,1.432],[113.355,1.359],[113.433,1.286],[113.562,1.314],[113.658,1.225],[113.931,1.445],[114.135,1.468],[114.2,1.423],[114.402,1.51],[114.557,1.432],[114.686,1.665],[114.694,1.829],[114.86,1.904],[114.868,2.044],[114.802,2.039],[114.776,2.147],[114.817,2.264],[114.94,2.286],[114.953,2.364],[115.231,2.508],[115.147,2.609],[115.082,2.616],[115.13,2.772],[115.088,2.833],[115.271,3.045],[115.321,2.986],[115.487,3.028],[115.552,3.159],[115.51,3.198],[115.539,3.334],[115.576,3.426],[115.628,3.432],[115.571,3.613],[115.616,3.854],[115.566,3.924],[115.63,3.982],[115.691,4.18],[115.815,4.235],[115.881,4.367],[116.054,4.277],[116.178,4.379],[116.36,4.368],[116.463,4.293],[116.57,4.386],[116.677,4.329],[116.743,4.373],[116.837,4.33],[117.233,4.359],[117.443,4.193],[117.553,4.181],[117.911,3.987],[121.25,4],[118,-4],[118,-5.5],[121,-7],[124.5,-7],[126.833,-9.333],[123.333,-12],[107,-12],[92,-2],[92,6],[97.5,6],[102.167,1.65]]]}},{"type":"Feature","properties":{"icao":"WMFC","name":"FIR KUALA LUMPUR","label":[99.445,5.63]},"geometry":{"type":"MultiLineString","coordinates":[[[98,7.25],[99.5,6.5],[99.514,6.436],[99.897,6.507],[100.024,6.423],[100.127,6.425],[100.171,6.477],[100.194,6.569],[100.175,6.626],[100.215,6.711],[100.248,6.683],[100.303,6.699],[100.337,6.583],[100.437,6.516],[100.499,6.523],[100.661,6.448],[100.754,6.502],[100.766,6.452],[100.834,6.419],[100.857,6.234],[100.951,6.24],[100.99,6.278],[101.033,6.244],[101.116,6.249],[101.122,6.187],[101.076,6.151],[101.12,6.098],[101.119,5.984],[101.101,5.927],[101.036,5.896],[100.99,5.788],[101.146,5.631],[101.256,5.706],[101.29,5.811],[101.352,5.808],[101.415,5.862],[101.57,5.917],[101.659,5.861],[101.692,5.764],[101.762,5.789],[101.834,5.743],[101.944,5.862],[101.948,5.969],[102.092,6.111],[102.095,6.236],[102.667,6.75],[103.733,4.833],[103.667,3.667],[104.75,2.6],[104.333,1.333],[104.152,1.346],[103.811,1.475],[103.688,1.449],[103.598,1.346],[103.543,1.38],[103.5,1.217],[102.167,1.65],[97.5,6],[94.417,6],[94.417,10],[96.5,10],[98,7.25]]]}},{"type":"Feature","properties":{"icao":"WSJC","name":"FIR SINGAPORE","label":[108.544,4.908]},"geometry":{"type":"MultiLineString","coordinates":[[[108.5,2],[108.5,1],[108.967,1],[108.974,1.022],[108.97,0.923],[108.846,0.823],[108.889,0.758],[108.871,0.706],[108.932,0.609],[108.908,0.504],[108.948,0.413],[108.917,0.317],[109.053,0.283],[109.166,0.106],[109.301,0.004],[109.172,0.032],[109.156,0],[108,0],[106,-0.833],[105.167,0],[104.767,0],[104.297,-0.225],[104.047,-0.289],[103.742,-0.301],[103.357,-0.244],[103.073,-0.13],[102.745,0.08],[102.502,0.33],[102.37,0.524],[102.237,0.821],[102.151,1.258],[102.167,1.65],[103.5,1.217],[103.543,1.38],[103.598,1.346],[103.688,1.449],[103.811,1.475],[104.152,1.346],[104.333,1.333],[104.75,2.6],[103.667,3.667],[103.733,4.833],[102.667,6.75],[103,7],[108,7],[114,10.5],[116.5,8.417],[113.25,6],[108.5,2.25],[108.5,2]]]}},{"type":"Feature","properties":{"icao":"WSJC","name":"FIR SINGAPORE","label":[104.319,4.58]},"geometry":{"type":"MultiLineString","coordinates":[[[104.75,2.6],[103.667,3.667],[103.733,4.833],[103.083,6],[105,6],[105,2.6],[104.75,2.6]]]}},{"type":"Feature","properties":{"icao":"WSJC","name":"FIR SINGAPORE","label":[108.11,4.348]},"geometry":{"type":"MultiLineString","coordinates":[[[105,2.6],[105,6],[113.25,6],[108.5,2.25],[108.5,2],[107,2],[105,2.6]]]}},{"type":"Feature","properties":{"icao":"YBBB","name":"FIR BRISBANE","label":[145.198,-22.743]},"geometry":{"type":"MultiLineString","coordinates":[[[152.933,-35.317],[151.667,-34.35],[152.017,-33.983],[151.9,-33.583],[151.8,-33.467],[151.433,-33.25],[151.233,-33.2],[150.7,-33.333],[150.55,-33.45],[148.833,-32.1],[146.533,-29],[143.5,-29],[138.383,-26.233],[136.633,-22.3],[136.15,-21.467],[131.567,-21.183],[130.967,-21.85],[128.467,-23.217],[126.483,-23.367],[124.25,-23.45],[122.417,-21.883],[122.476,-21.695],[122.383,-21.517],[122.193,-21.457],[122.015,-21.548],[120.75,-20.433],[120.676,-19.9],[120.468,-19.404],[120.14,-18.978],[119.938,-18.8],[119.473,-18.53],[119.218,-18.442],[118.686,-18.368],[118.417,-18.383],[118.367,-17.883],[115.009,-14.004],[114.5,-12],[123.333,-12],[126.833,-9.333],[135,-7],[139.667,-9.833],[141,-9.833],[141,-9.617],[142.05,-9.267],[142.8,-9.317],[143.867,-9.133],[144.233,-9.4],[144.083,-9.95],[144.033,-11.5],[144.067,-11.717],[144,-12],[155,-12],[155,-14],[161.25,-14],[163,-17.667],[163,-45],[150,-45],[150,-44.567],[150.667,-43.85],[151,-43],[150.317,-38.183],[150.75,-36.95],[151.04,-36.927],[151.601,-36.773],[152.106,-36.486],[152.524,-36.083],[152.692,-35.845],[152.933,-35.317]]]}},{"type":"Feature","properties":{"icao":"YMMM","name":"FIR MELBOURNE","label":[114.192,-52.951]},"geometry":{"type":"MultiLineString","coordinates":[[[152.933,-35.317],[152.933,-35.317]],[[152.933,-35.317],[152.692,-35.845],[152.524,-36.083],[152.106,-36.486],[151.601,-36.773],[151.04,-36.927],[150.75,-36.95],[150.317,-38.183],[151,-43],[150.667,-43.85],[150,-44.567],[150,-45],[163,-45],[163,-89.9],[75,-90],[75,-6],[78,-2],[92,-2],[107,-12],[114.5,-12],[115.009,-14.004],[118.367,-17.883],[118.417,-18.383],[118.686,-18.368],[119.218,-18.442],[119.473,-18.53],[119.938,-18.8],[120.14,-18.978],[120.468,-19.404],[120.676,-19.9],[120.75,-20.433],[122.015,-21.548],[122.193,-21.457],[122.383,-21.517],[122.476,-21.695],[122.417,-21.883],[124.25,-23.45],[126.483,-23.367],[128.467,-23.217],[130.967,-21.85],[131.567,-21.183],[136.15,-21.467],[136.633,-22.3],[138.383,-26.233],[143.5,-29],[146.533,-29],[148.833,-32.1],[150.55,-33.45],[150.7,-33.333],[151.233,-33.2],[151.433,-33.25],[151.8,-33.467],[151.9,-33.583],[152.017,-33.983],[151.667,-34.35],[152.933,-35.317]]]}},{"type":"Feature","properties":{"icao":"ZBPE","name":"FIR BEIJING","label":[113.378,40.189]},"geometry":{"type":"MultiLineString","coordinates":[[[114.859,45.407],[114.938,45.383],[115.295,45.401],[117.517,43.25],[119.35,39.9],[119.867,39.5],[120,38.25],[117.5,37.483],[115.3,36.533],[114.35,36.1],[112.783,34.9],[110.483,34.083],[110.25,34.533],[110.3,35.533],[110.733,37.467],[110.6,38.367],[109.683,38.733],[107.017,40.333],[105.917,40.717],[105.218,41.744],[106.782,42.296],[107.262,42.36],[107.277,42.411],[107.472,42.466],[107.571,42.41],[108.239,42.461],[108.849,42.4],[109,42.458],[109.514,42.457],[109.703,42.561],[109.942,42.641],[110.107,42.646],[110.441,42.778],[111.005,43.325],[111.639,43.543],[111.784,43.673],[111.958,43.692],[111.96,43.835],[111.879,43.939],[111.675,44.051],[111.557,44.175],[111.508,44.3],[111.423,44.343],[111.437,44.436],[111.561,44.578],[111.568,44.679],[111.785,45.001],[112.051,45.101],[112.097,45.075],[112.427,45.081],[112.607,44.926],[112.853,44.846],[113.633,44.746],[113.917,44.923],[114.08,44.941],[114.179,45.042],[114.462,45.212],[114.541,45.323],[114.545,45.389],[114.736,45.442],[114.859,45.407]]]}},{"type":"Feature","properties":{"icao":"ZGZU","name":"FIR GUANGZHOU","label":[111.128,24.715]},"geometry":{"type":"MultiLineString","coordinates":[[[111.5,20.5],[108.05,20.5],[108.209,21.21],[107.99,21.542],[107.948,21.542],[107.859,21.651],[107.783,21.667],[107.536,21.586],[107.486,21.598],[107.487,21.642],[107.454,21.658],[107.377,21.598],[107.301,21.731],[107.221,21.708],[107.02,21.823],[107.049,21.907],[107.029,21.937],[106.933,21.927],[106.902,21.971],[106.809,21.974],[106.755,22.015],[106.679,21.974],[106.703,22.09],[106.665,22.199],[106.696,22.222],[106.658,22.324],[106.566,22.346],[106.552,22.457],[106.607,22.607],[106.639,22.614],[106.676,22.573],[106.713,22.587],[106.767,22.742],[106.822,22.8],[106.761,22.795],[106.707,22.865],[106.648,22.853],[106.601,22.909],[106.52,22.935],[106.419,22.871],[106.285,22.859],[106.25,22.874],[106.229,22.951],[106.135,22.989],[106.015,22.985],[105.987,22.936],[105.872,22.91],[105.724,23.048],[105.574,23.06],[105.527,23.183],[105.8,24.65],[107.883,25.417],[109.2,26.683],[109.317,27.883],[109.4,29.517],[113.1,29.383],[114.567,29.033],[113.95,26.7],[114.117,26.05],[114.3,25.117],[115.017,24.767],[116.7,24.367],[117.183,23.7],[117.329,23.607],[117.226,23.521],[117.247,23.339],[117.124,23.301],[116.898,23.326],[116.896,23.181],[116.854,23.134],[116.695,23.074],[116.638,22.943],[116.542,22.834],[116.318,22.842],[116.104,22.71],[115.798,22.619],[115.703,22.666],[115.647,22.563],[115.577,22.529],[115.156,22.655],[115.035,22.572],[114.963,22.454],[114.888,22.414],[114.747,22.475],[114.53,22.334],[114.485,22.535],[114.4,22.61],[114.235,22.555],[114.147,22.563],[114.052,22.504],[113.932,22.53],[113.869,22.41],[113.825,22.407],[113.702,22.16],[113.535,22.214],[113.552,21.988],[113.221,21.791],[113.064,21.779],[112.937,21.497],[112.777,21.48],[112.474,21.539],[112.188,21.496],[112.076,21.571],[111.761,21.492],[111.684,21.41],[111.5,21.401],[111.5,20.5]]]}},{"type":"Feature","properties":{"icao":"ZHWH","name":"FIR WUHAN","label":[112.995,32.134]},"geometry":{"type":"MultiLineString","coordinates":[[[115.933,30.083],[114.567,29.033],[113.1,29.383],[109.4,29.517],[109.483,30.283],[109.517,31.9],[110.867,33.533],[110.483,34.083],[112.783,34.9],[114.35,36.1],[114.917,36.35],[115.017,35.7],[115.45,35.25],[115.783,32.9],[115.933,30.083]]]}},{"type":"Feature","properties":{"icao":"ZJSA","name":"FIR SANYA","label":[110.87,17.681]},"geometry":{"type":"MultiLineString","coordinates":[[[114,14.5],[112,14.5],[107.683,18.333],[107.19,19.268],[107.93,19.957],[108.05,20.5],[111.5,20.5],[111.5,19.5],[114,16.667],[114,14.5]]]}},{"type":"Feature","properties":{"icao":"ZKKP","name":"FIR PYONGYANG","label":[129.375,40.0]},"geometry":{"type":"MultiLineString","coordinates":[[[125.991,40.925],[126.073,40.973],[126.132,41.044],[126.124,41.081],[126.279,41.153],[126.438,41.342],[126.527,41.358],[126.501,41.432],[126.584,41.569],[126.563,41.611],[126.615,41.664],[126.722,41.698],[126.685,41.734],[126.787,41.692],[126.797,41.731],[126.843,41.733],[126.919,41.798],[126.936,41.763],[127.045,41.724],[127.078,41.682],[127.041,41.655],[127.179,41.587],[127.102,41.535],[127.287,41.501],[127.271,41.472],[127.539,41.464],[127.557,41.43],[127.647,41.403],[127.858,41.404],[127.874,41.439],[127.981,41.423],[128.001,41.446],[128.021,41.409],[128.047,41.419],[128.044,41.389],[128.156,41.382],[128.302,41.578],[128.102,41.796],[128.059,42.003],[128.282,42.039],[128.489,41.996],[128.729,42.047],[128.926,42.024],[128.958,42.081],[129.033,42.102],[129.065,42.148],[129.114,42.139],[129.21,42.217],[129.176,42.235],[129.224,42.296],[129.191,42.313],[129.238,42.322],[129.24,42.374],[129.344,42.415],[129.342,42.446],[129.442,42.434],[129.54,42.364],[129.591,42.445],[129.712,42.444],[129.725,42.561],[129.761,42.603],[129.743,42.641],[129.787,42.675],[129.753,42.694],[129.758,42.73],[129.851,42.96],[129.906,42.97],[129.876,42.99],[129.921,43.008],[129.984,42.964],[130.107,42.978],[130.136,42.962],[130.101,42.912],[130.252,42.892],[130.243,42.718],[130.426,42.602],[130.437,42.545],[130.472,42.557],[130.461,42.594],[130.515,42.602],[130.567,42.443],[130.655,42.386],[130.655,42.314],[131.517,41.667],[135.933,40.5],[133.65,38.633],[128.417,38.633],[128.307,38.589],[128.301,38.468],[128.244,38.395],[128.08,38.312],[127.823,38.299],[127.778,38.337],[127.506,38.301],[127.222,38.318],[127.106,38.288],[126.991,38.218],[126.807,38.001],[126.687,37.948],[126.671,37.784],[126.569,37.768],[126.428,37.835],[126.241,37.825],[126.199,37.807],[126.178,37.725],[125.964,37.615],[125.763,37.646],[125.255,37.615],[124.824,37.769],[124.755,37.988],[124.634,38.031],[124,38],[124.167,39.85],[124.344,39.982],[124.361,40.092],[124.555,40.242],[124.708,40.305],[124.743,40.37],[124.833,40.409],[124.881,40.471],[125.04,40.457],[125.008,40.515],[125.028,40.537],[125.248,40.604],[125.286,40.647],[125.406,40.621],[125.464,40.714],[125.545,40.719],[125.564,40.778],[125.68,40.766],[125.645,40.804],[125.698,40.859],[126.017,40.9],[125.991,40.925]]]}},{"type":"Feature","properties":{"icao":"ZLHW","name":"FIR LANZHOU","label":[100.064,36.969]},"geometry":{"type":"MultiLineString","coordinates":[[[96.381,42.739],[96.999,42.761],[97.172,42.797],[98.221,42.646],[99.499,42.571],[99.986,42.654],[100.255,42.641],[100.315,42.691],[100.836,42.678],[101.815,42.51],[102.077,42.233],[102.442,42.151],[102.712,42.161],[103.416,41.887],[103.849,41.802],[104.069,41.804],[104.527,41.877],[104.524,41.664],[104.931,41.652],[105.012,41.582],[105.218,41.744],[105.917,40.717],[107.017,40.333],[109.683,38.733],[110.6,38.367],[110.733,37.467],[110.3,35.533],[110.25,34.533],[110.483,34.083],[110.867,33.533],[109.517,31.9],[105.817,32.45],[103.883,33.583],[101.7,32.917],[98.583,31.817],[97,32],[91.917,32.867],[89.017,36.033],[87.383,36.417],[92.17,39.78],[95.133,41.8],[96.357,42.907],[96.381,42.739]]]}},{"type":"Feature","properties":{"icao":"ZMUB","name":"FIR ULAN BATOR","label":[103.082,46.836]},"geometry":{"type":"MultiLineString","coordinates":[[[88.803,49.451],[88.907,49.446],[88.876,49.48],[88.887,49.544],[88.929,49.546],[89.013,49.464],[89.231,49.537],[89.197,49.611],[89.227,49.638],[89.372,49.58],[89.46,49.65],[89.718,49.717],[89.733,49.754],[89.651,49.795],[89.671,49.821],[89.637,49.855],[89.643,49.905],[90.011,49.983],[90.051,50.082],[90.244,50.12],[90.51,50.224],[90.699,50.219],[90.749,50.297],[90.87,50.326],[91.03,50.433],[91.294,50.476],[91.434,50.466],[91.468,50.527],[91.607,50.573],[91.669,50.644],[91.787,50.695],[92.221,50.706],[92.295,50.754],[92.327,50.855],[92.384,50.875],[92.473,50.785],[92.574,50.758],[92.661,50.682],[92.76,50.712],[92.803,50.794],[92.975,50.791],[92.999,50.751],[92.971,50.666],[93.033,50.609],[93.449,50.622],[93.558,50.59],[94.275,50.569],[94.352,50.415],[94.39,50.214],[94.511,50.165],[94.635,50.024],[94.976,50.056],[95.066,49.962],[95.422,49.956],[95.529,49.893],[95.592,49.941],[95.742,49.957],[95.817,50.022],[95.907,50.014],[95.96,49.944],[96.074,50.007],[96.294,49.947],[96.379,49.894],[96.547,49.926],[96.592,49.865],[96.722,49.921],[96.997,49.894],[97.169,49.762],[97.341,49.734],[97.586,49.844],[97.594,49.927],[97.786,49.969],[97.864,49.933],[98.107,50.049],[98.29,50.294],[98.315,50.532],[98.161,50.571],[98.063,50.631],[97.964,50.778],[98.013,50.856],[97.877,50.93],[97.828,51.001],[97.959,51.223],[97.938,51.312],[98.053,51.461],[98.232,51.46],[98.26,51.516],[98.248,51.581],[98.315,51.704],[98.624,51.78],[98.708,51.828],[98.869,52.039],[98.881,52.114],[98.93,52.144],[98.996,52.114],[99.027,52.061],[99.258,52.002],[99.323,51.948],[99.735,51.888],[99.947,51.751],[100.554,51.736],[101.143,51.535],[101.274,51.521],[101.377,51.453],[101.601,51.484],[102.077,51.391],[102.219,51.334],[102.225,51.306],[102.154,51.245],[102.168,51.12],[102.258,50.981],[102.265,50.893],[102.233,50.826],[102.356,50.722],[102.294,50.643],[102.328,50.57],[102.537,50.513],[102.613,50.414],[102.78,50.387],[102.919,50.315],[103.224,50.309],[103.309,50.201],[103.454,50.206],[103.698,50.136],[103.821,50.201],[104.102,50.15],[104.25,50.185],[104.426,50.311],[104.626,50.318],[104.967,50.405],[105.132,50.398],[105.336,50.484],[105.644,50.425],[105.989,50.411],[106.069,50.375],[106.078,50.342],[106.253,50.298],[106.663,50.339],[106.795,50.308],[107.006,50.201],[107.078,50.085],[107.182,50.024],[107.272,50.001],[107.319,50.022],[107.409,49.979],[107.747,49.981],[107.813,49.949],[107.977,49.944],[107.955,49.852],[107.989,49.745],[107.949,49.678],[108.032,49.675],[108.03,49.622],[108.072,49.59],[108.272,49.536],[108.369,49.438],[108.572,49.334],[108.951,49.358],[109.075,49.334],[109.207,49.36],[109.352,49.337],[109.544,49.232],[109.739,49.235],[109.85,49.19],[110.237,49.169],[110.401,49.255],[110.63,49.152],[110.789,49.149],[110.981,49.201],[111.371,49.374],[111.498,49.349],[111.682,49.407],[111.964,49.407],[112.492,49.541],[112.767,49.501],[113.091,49.599],[113.101,49.679],[113.217,49.819],[113.586,50.016],[113.782,50.087],[113.875,50.087],[114.176,50.248],[114.313,50.284],[114.444,50.245],[114.676,50.264],[114.854,50.228],[115.04,50.142],[115.221,49.988],[115.415,49.898],[115.755,49.884],[116.07,50.003],[116.246,50.027],[116.616,49.931],[116.711,49.83],[116.062,48.873],[116.084,48.816],[115.811,48.521],[115.836,48.252],[115.542,48.142],[115.592,47.919],[115.937,47.687],[116.116,47.822],[116.258,47.879],[116.47,47.839],[116.875,47.888],[117.111,47.814],[117.372,47.654],[117.801,48.011],[118.019,48.005],[118.167,48.039],[118.539,47.995],[118.767,47.773],[119.125,47.665],[119.149,47.534],[119.339,47.483],[119.309,47.422],[119.725,47.169],[119.788,47.093],[119.801,46.994],[119.871,46.921],[119.926,46.909],[119.909,46.765],[119.935,46.72],[119.891,46.672],[119.817,46.674],[119.691,46.598],[119.649,46.626],[119.463,46.639],[119.297,46.621],[119.071,46.673],[118.991,46.75],[118.918,46.721],[118.869,46.773],[118.766,46.683],[118.631,46.716],[118.465,46.693],[118.31,46.737],[117.934,46.619],[117.844,46.534],[117.717,46.514],[117.633,46.551],[117.599,46.612],[117.421,46.578],[117.444,46.528],[117.392,46.478],[117.371,46.364],[117.093,46.359],[116.842,46.394],[116.759,46.331],[116.586,46.296],[116.566,46.246],[116.384,46.112],[116.29,45.991],[116.234,45.888],[116.282,45.807],[116.213,45.724],[116.112,45.681],[116.031,45.686],[115.702,45.459],[115.392,45.399],[114.938,45.383],[114.736,45.442],[114.545,45.389],[114.541,45.323],[114.462,45.212],[114.179,45.042],[114.08,44.941],[113.917,44.923],[113.638,44.745],[112.853,44.846],[112.607,44.926],[112.427,45.081],[111.981,45.092],[111.785,45.001],[111.568,44.679],[111.561,44.578],[111.421,44.382],[111.43,44.329],[111.508,44.3],[111.557,44.175],[111.675,44.051],[111.808,43.996],[111.96,43.835],[111.958,43.692],[111.784,43.672],[111.59,43.499],[111.436,43.489],[111.355,43.436],[110.99,43.317],[110.689,43.055],[110.634,42.947],[110.472,42.846],[110.441,42.778],[110.106,42.646],[109.928,42.641],[109.517,42.457],[109.314,42.43],[109,42.458],[108.846,42.4],[108.528,42.442],[108.299,42.437],[108.249,42.463],[107.908,42.408],[107.571,42.41],[107.472,42.466],[107.277,42.411],[107.262,42.36],[106.782,42.296],[105.573,41.887],[105.227,41.75],[105.012,41.581],[104.931,41.652],[104.524,41.664],[104.527,41.877],[104.069,41.804],[103.849,41.802],[103.416,41.887],[102.712,42.161],[102.442,42.151],[102.077,42.233],[101.815,42.51],[100.836,42.678],[100.315,42.691],[100.255,42.641],[99.986,42.654],[99.499,42.571],[98.221,42.646],[97.172,42.797],[96.999,42.761],[96.383,42.731],[96.357,42.907],[95.881,43.279],[95.863,43.421],[95.746,43.585],[95.54,43.993],[95.336,44.021],[95.35,44.178],[95.411,44.296],[95.021,44.257],[94.724,44.349],[94.607,44.451],[94.363,44.519],[94.214,44.664],[93.531,44.962],[93.179,45.016],[92.99,45.01],[92.883,45.046],[92.489,45.003],[92.239,45.016],[92.067,45.083],[91.701,45.062],[91.559,45.077],[91.462,45.159],[91.383,45.119],[91.278,45.135],[91.134,45.214],[90.896,45.194],[90.895,45.259],[90.816,45.301],[90.777,45.436],[90.675,45.495],[90.682,45.58],[90.719,45.736],[91.029,46.019],[91.022,46.131],[90.92,46.303],[91.072,46.573],[91.02,46.6],[91.044,46.722],[90.947,46.823],[90.962,46.877],[90.91,46.956],[90.761,47],[90.544,47.244],[90.49,47.322],[90.515,47.38],[90.467,47.416],[90.469,47.496],[90.351,47.619],[90.376,47.66],[90.144,47.731],[90.091,47.782],[90.067,47.889],[89.971,47.89],[89.939,47.837],[89.782,47.828],[89.558,48.042],[89.379,48.046],[89.234,47.982],[89.093,47.992],[88.941,48.113],[88.834,48.11],[88.719,48.179],[88.653,48.183],[88.597,48.233],[88.595,48.344],[88.523,48.403],[88.438,48.402],[88.32,48.48],[87.973,48.577],[87.969,48.608],[88.089,48.706],[88.001,48.763],[87.846,48.792],[87.821,48.847],[87.761,48.876],[87.776,48.924],[87.873,48.952],[87.899,49.002],[87.841,49.046],[87.868,49.114],[87.841,49.173],[87.989,49.177],[88.162,49.272],[88.132,49.368],[88.207,49.456],[88.651,49.501],[88.731,49.451],[88.803,49.451]]]}},{"type":"Feature","properties":{"icao":"ZPKM","name":"FIR KUNMING","label":[97.403,29.362]},"geometry":{"type":"MultiLineString","coordinates":[[[109.517,31.9],[109.483,30.283],[109.4,29.517],[109.317,27.883],[109.2,26.683],[107.883,25.417],[105.8,24.65],[105.527,23.183],[105.327,23.378],[105.265,23.334],[105.241,23.261],[105.081,23.242],[104.962,23.166],[104.907,23.18],[104.876,23.111],[104.825,23.106],[104.861,22.937],[104.731,22.817],[104.604,22.81],[104.584,22.845],[104.37,22.686],[104.262,22.738],[104.267,22.829],[104.109,22.798],[104.033,22.685],[104.01,22.524],[103.964,22.499],[103.655,22.782],[103.612,22.777],[103.567,22.707],[103.584,22.644],[103.532,22.584],[103.457,22.642],[103.431,22.744],[103.336,22.796],[103.28,22.673],[103.184,22.629],[103.156,22.587],[103.171,22.547],[103.069,22.493],[103.047,22.435],[102.929,22.482],[102.863,22.601],[102.61,22.723],[102.56,22.697],[102.543,22.749],[102.484,22.774],[102.426,22.688],[102.383,22.677],[102.416,22.636],[102.27,22.492],[102.251,22.413],[102.187,22.43],[102.141,22.396],[102.115,22.434],[102.031,22.455],[101.92,22.436],[101.879,22.382],[101.788,22.498],[101.691,22.472],[101.662,22.413],[101.681,22.379],[101.627,22.282],[101.57,22.279],[101.539,22.24],[101.597,22.162],[101.574,22.109],[101.626,21.972],[101.709,21.929],[101.785,21.825],[101.752,21.724],[101.783,21.651],[101.833,21.621],[101.762,21.576],[101.777,21.515],[101.749,21.482],[101.739,21.316],[101.846,21.256],[101.845,21.216],[101.786,21.211],[101.791,21.149],[101.733,21.139],[101.673,21.199],[101.607,21.18],[101.615,21.228],[101.569,21.247],[101.282,21.18],[101.228,21.312],[101.265,21.376],[101.194,21.413],[101.216,21.546],[101.148,21.573],[101.169,21.63],[101.125,21.694],[101.124,21.772],[100.887,21.683],[100.667,21.479],[100.485,21.458],[100.43,21.529],[100.379,21.539],[100.213,21.433],[100.116,21.526],[100.107,21.586],[100.172,21.654],[100.125,21.691],[100.002,21.696],[99.974,21.734],[99.942,21.825],[99.991,21.958],[99.968,22.05],[99.881,22.061],[99.844,22.023],[99.749,22.075],[99.701,22.04],[99.644,22.099],[99.522,22.1],[99.466,22.136],[99.359,22.093],[99.232,22.114],[99.163,22.159],[99.201,22.173],[99.182,22.195],[99.271,22.348],[99.261,22.391],[99.384,22.504],[99.385,22.603],[99.328,22.745],[99.441,22.865],[99.446,22.95],[99.514,22.912],[99.566,22.938],[99.504,23.09],[99.356,23.135],[99.111,23.102],[99.061,23.124],[99.059,23.167],[98.881,23.188],[98.94,23.314],[98.879,23.33],[98.919,23.365],[98.915,23.417],[98.88,23.484],[98.825,23.481],[98.806,23.542],[98.886,23.613],[98.819,23.706],[98.816,23.767],[98.689,23.801],[98.704,23.951],[98.677,23.968],[98.894,24.098],[98.891,24.16],[98.597,24.076],[98.545,24.126],[98.447,24.135],[98.357,24.103],[98.221,24.125],[98.064,24.089],[97.912,24.027],[97.852,23.958],[97.788,23.949],[97.65,23.852],[97.624,23.898],[97.538,23.935],[97.749,24.164],[97.727,24.213],[97.749,24.283],[97.665,24.306],[97.669,24.342],[97.718,24.358],[97.672,24.437],[97.531,24.441],[97.562,24.571],[97.552,24.743],[97.689,24.834],[97.8,24.851],[97.737,24.919],[97.723,25.082],[97.789,25.137],[97.833,25.259],[97.941,25.214],[98.069,25.314],[98.107,25.387],[98.139,25.387],[98.125,25.506],[98.168,25.55],[98.165,25.623],[98.327,25.552],[98.383,25.592],[98.392,25.657],[98.531,25.846],[98.632,25.801],[98.715,25.866],[98.642,25.984],[98.605,25.989],[98.568,26.123],[98.649,26.152],[98.664,26.098],[98.731,26.177],[98.701,26.252],[98.666,26.261],[98.737,26.387],[98.776,26.606],[98.756,26.724],[98.778,26.792],[98.74,26.864],[98.762,27.064],[98.707,27.098],[98.692,27.202],[98.737,27.329],[98.686,27.466],[98.705,27.582],[98.668,27.619],[98.595,27.6],[98.551,27.667],[98.522,27.647],[98.432,27.689],[98.409,27.558],[98.369,27.529],[98.316,27.542],[98.227,27.735],[98.232,27.825],[98.167,27.871],[98.204,27.916],[98.131,27.969],[98.147,28.147],[98.074,28.209],[98.013,28.215],[98.019,28.278],[97.909,28.376],[97.797,28.349],[97.701,28.521],[97.631,28.484],[97.555,28.548],[97.471,28.391],[97.469,28.296],[97.411,28.292],[97.349,28.223],[97.135,28.381],[96.985,28.332],[96.89,28.379],[96.784,28.373],[96.654,28.467],[96.461,28.422],[96.408,28.351],[96.362,28.393],[96.263,28.411],[96.366,28.481],[96.345,28.557],[96.431,28.59],[96.478,28.639],[96.471,28.688],[96.606,28.739],[96.616,28.79],[96.51,28.964],[96.476,28.975],[96.512,29.07],[96.344,29.032],[96.169,28.904],[96.149,28.943],[96.182,28.995],[96.119,29.079],[96.257,29.164],[96.349,29.18],[96.395,29.255],[96.362,29.291],[96.289,29.241],[96.235,29.254],[96.084,29.468],[95.591,29.255],[95.578,29.22],[95.534,29.212],[95.547,29.139],[95.496,29.141],[95.461,29.052],[95.388,29.035],[94.985,29.174],[95.009,29.124],[94.833,29.168],[94.792,29.261],[94.697,29.337],[94.648,29.333],[94.581,29.232],[94.428,29.216],[94.235,29.073],[94.152,28.931],[94.021,28.836],[94.012,28.747],[93.962,28.669],[93.981,28.645],[93.859,28.69],[93.647,28.647],[93.502,28.679],[93.494,28.652],[93.352,28.619],[93.282,28.493],[93.193,28.432],[93.238,28.387],[93.222,28.319],[93.046,28.31],[93.01,28.242],[92.992,28.263],[92.841,28.189],[92.83,28.213],[92.71,28.142],[92.675,28.081],[92.728,28.036],[92.718,27.974],[92.452,27.826],[92.415,27.86],[92.387,27.805],[92.358,27.844],[92.306,27.798],[92.262,27.874],[92.254,27.816],[92.118,27.813],[92.014,27.735],[91.658,27.765],[91.667,27.942],[91.419,28.011],[91.338,28.052],[91.315,28.097],[91.214,28.073],[91.116,27.973],[91.027,27.975],[90.91,28.049],[90.699,28.096],[90.608,28.064],[90.371,28.08],[90.35,28.112],[90.398,28.216],[90.366,28.258],[90.024,28.325],[89.95,28.292],[89.894,28.306],[89.782,28.189],[89.59,28.143],[89.487,28.058],[89.36,27.872],[89.235,27.807],[89.128,27.623],[89.131,27.576],[88.971,27.474],[88.917,27.321],[88.783,27.438],[88.763,27.543],[88.834,27.661],[88.881,27.837],[88.834,27.939],[88.845,27.996],[88.634,28.117],[88.534,28.029],[88.482,28.038],[88.397,27.983],[88.146,27.955],[88.121,27.905],[88.143,27.866],[87.869,27.919],[87.797,27.837],[87.721,27.805],[87.661,27.829],[87.598,27.81],[87.546,27.846],[87.405,27.809],[87.404,27.861],[87.306,27.816],[87.146,27.842],[87.039,27.961],[86.933,27.951],[86.874,28.018],[86.774,28.022],[86.758,28.08],[86.704,28.111],[86.637,28.086],[86.572,28.106],[86.535,27.955],[86.445,27.908],[86.226,28.007],[86.184,28.164],[86.094,28.086],[86.137,27.932],[86.089,27.891],[86.014,27.883],[85.973,27.916],[85.978,27.99],[85.919,28.033],[85.886,28.152],[85.747,28.237],[85.718,28.339],[85.62,28.251],[85.459,28.302],[85.377,28.264],[85.333,28.289],[85.237,28.279],[85.199,28.312],[85.115,28.304],[85.102,28.447],[85.182,28.53],[85.197,28.596],[85.06,28.641],[84.955,28.544],[84.847,28.544],[84.775,28.599],[84.706,28.601],[84.707,28.661],[84.636,28.703],[84.481,28.737],[84.396,28.859],[84.237,28.919],[84.256,29.042],[84.202,29.057],[84.158,29.135],[84.186,29.206],[84.137,29.214],[84.119,29.26],[83.912,29.29],[83.721,29.229],[83.672,29.16],[83.553,29.186],[83.527,29.269],[83.381,29.416],[83.379,29.466],[83.346,29.497],[83.284,29.474],[83.283,29.551],[83.195,29.631],[83.117,29.621],[83.093,29.583],[82.992,29.672],[82.909,29.694],[82.855,29.669],[82.711,29.79],[82.716,29.832],[82.656,29.835],[82.558,29.943],[82.231,30.075],[82.178,30.064],[82.15,30.126],[82.179,30.191],[82.107,30.231],[82.113,30.336],[81.803,30.364],[81.623,30.425],[84.055,32.302],[87.383,36.417],[89.017,36.033],[91.917,32.867],[97,32],[98.583,31.817],[101.7,32.917],[103.883,33.583],[105.817,32.45],[109.517,31.9]]]}},{"type":"Feature","properties":{"icao":"ZSHA","name":"FIR SHANGHAI","label":[119.311,31.311]},"geometry":{"type":"MultiLineString","coordinates":[[[120,25],[117.5,23],[117.5,23.5],[117.183,23.7],[116.7,24.367],[115.017,24.767],[114.3,25.117],[114.117,26.05],[113.95,26.7],[114.567,29.033],[115.933,30.083],[115.783,32.9],[115.45,35.25],[115.017,35.7],[114.917,36.35],[117.5,37.483],[120,38.25],[124,38],[124,29],[120,25]]]}},{"type":"Feature","properties":{"icao":"ZWUQ","name":"FIR URUMQI","label":[84.716,40.238]},"geometry":{"type":"MultiLineString","coordinates":[[[87.84,49.169],[87.868,49.114],[87.841,49.046],[87.899,49.002],[87.873,48.952],[87.776,48.924],[87.759,48.882],[87.821,48.847],[87.841,48.795],[88.001,48.763],[88.089,48.706],[87.969,48.608],[87.983,48.569],[88.32,48.48],[88.438,48.402],[88.523,48.403],[88.595,48.344],[88.584,48.278],[88.618,48.206],[88.834,48.11],[88.941,48.113],[89.078,47.996],[89.234,47.982],[89.379,48.046],[89.558,48.042],[89.782,47.828],[89.939,47.837],[89.971,47.89],[90.067,47.889],[90.091,47.782],[90.144,47.731],[90.376,47.66],[90.351,47.619],[90.469,47.496],[90.467,47.416],[90.515,47.38],[90.49,47.322],[90.544,47.244],[90.761,47],[90.91,46.956],[90.962,46.877],[90.947,46.823],[91.044,46.722],[91.02,46.6],[91.072,46.573],[90.92,46.303],[91.022,46.131],[91.029,46.019],[90.719,45.736],[90.682,45.58],[90.675,45.495],[90.777,45.436],[90.816,45.301],[90.895,45.259],[90.89,45.197],[91.134,45.214],[91.278,45.135],[91.383,45.119],[91.462,45.159],[91.559,45.077],[91.701,45.062],[92.067,45.083],[92.239,45.016],[92.489,45.003],[92.883,45.046],[92.99,45.01],[93.179,45.016],[93.531,44.962],[94.214,44.664],[94.363,44.519],[94.607,44.451],[94.724,44.349],[95.021,44.257],[95.411,44.296],[95.35,44.178],[95.336,44.021],[95.54,43.993],[95.746,43.585],[95.863,43.421],[95.871,43.31],[95.911,43.24],[96.357,42.907],[95.133,41.8],[92.175,39.783],[90.217,38.35],[87.383,36.417],[84.055,32.302],[81.563,30.387],[81.549,30.334],[81.411,30.381],[81.378,30.167],[81.291,30.131],[81.302,30.084],[81.247,30.056],[81.241,30.014],[81.119,30.019],[80.999,30.262],[80.804,30.327],[80.752,30.395],[80.607,30.475],[80.539,30.464],[80.311,30.567],[80.204,30.565],[80.228,30.622],[80.187,30.676],[80.256,30.73],[80.194,30.792],[80.094,30.787],[80.042,30.847],[79.924,30.889],[79.866,30.965],[79.749,30.99],[79.599,30.936],[79.494,31.024],[79.422,31.027],[79.398,31.099],[79.304,31.146],[79.29,31.218],[79.24,31.244],[79.217,31.341],[79.092,31.437],[79.019,31.411],[79.006,31.326],[78.942,31.36],[78.878,31.292],[78.771,31.305],[78.793,31.443],[78.713,31.51],[78.844,31.61],[78.786,31.678],[78.75,31.677],[78.692,31.774],[78.771,31.981],[78.681,32.035],[78.545,32.209],[78.475,32.236],[78.478,32.35],[78.45,32.387],[78.477,32.425],[78.395,32.538],[78.496,32.582],[78.639,32.578],[78.761,32.636],[78.78,32.479],[78.971,32.351],[79.099,32.376],[79.125,32.467],[79.166,32.493],[79.253,32.516],[79.314,32.497],[79.514,32.672],[79.53,32.754],[79.471,32.794],[79.45,32.882],[79.354,32.972],[79.406,33.162],[79.163,33.235],[79.104,33.22],[79.091,33.275],[78.996,33.315],[78.941,33.392],[78.916,33.629],[79.041,33.639],[79.019,33.754],[78.949,33.832],[78.905,33.961],[78.967,34.016],[79.429,34.022],[79.525,34.118],[79.512,34.19],[79.578,34.209],[79.539,34.43],[79.723,34.421],[79.764,34.455],[79.725,34.53],[79.844,34.574],[79.887,34.663],[80.071,34.669],[80.102,34.775],[80.202,34.894],[80.19,35.088],[80.292,35.194],[80.28,35.316],[80.387,35.425],[80.384,35.511],[80.298,35.503],[80.207,35.562],[80.148,35.457],[80.057,35.408],[79.964,35.596],[79.919,35.617],[79.859,35.566],[79.813,35.629],[79.694,35.651],[79.634,35.759],[79.659,35.819],[79.581,35.87],[79.462,35.858],[79.442,35.956],[79.343,35.986],[78.934,35.892],[78.742,35.92],[78.626,35.817],[78.299,35.702],[78.172,35.619],[78.137,35.543],[77.972,35.574],[77.925,35.49],[77.788,35.505],[77.701,35.461],[77.412,35.474],[77.308,35.535],[77.187,35.528],[77.076,35.588],[76.914,35.598],[76.864,35.649],[76.778,35.655],[76.712,35.715],[76.59,35.757],[76.564,35.913],[76.526,35.874],[76.332,35.811],[76.166,35.82],[76.124,35.978],[75.973,36.012],[75.926,36.077],[75.923,36.124],[75.994,36.16],[75.994,36.208],[76.042,36.238],[75.991,36.314],[76.005,36.459],[75.855,36.667],[75.639,36.764],[75.546,36.77],[75.523,36.729],[75.449,36.733],[75.425,36.862],[75.371,36.927],[75.138,37.002],[74.96,36.98],[74.895,36.911],[74.824,37.02],[74.739,37.02],[74.691,37.063],[74.546,37.033],[74.389,37.154],[74.397,37.178],[74.479,37.179],[74.522,37.239],[74.651,37.235],[74.743,37.303],[74.811,37.22],[74.936,37.24],[74.958,37.282],[75.097,37.322],[75.111,37.384],[75.187,37.407],[74.949,37.563],[74.903,37.647],[74.991,37.784],[74.903,37.847],[74.937,37.889],[74.908,37.91],[74.914,38.018],[74.815,38.079],[74.792,38.195],[74.794,38.306],[74.865,38.389],[74.857,38.47],[74.789,38.527],[74.718,38.529],[74.355,38.674],[74.134,38.673],[74.111,38.622],[74.061,38.605],[74.069,38.537],[73.942,38.539],[73.818,38.608],[73.758,38.73],[73.762,38.801],[73.704,38.875],[73.743,38.927],[73.833,38.939],[73.853,38.969],[73.722,39.082],[73.617,39.232],[73.67,39.344],[73.656,39.455],[73.848,39.475],[73.902,39.57],[73.956,39.598],[73.911,39.725],[73.844,39.756],[73.845,39.805],[73.994,40.046],[74.198,40.114],[74.362,40.1],[74.731,40.34],[74.884,40.328],[74.81,40.42],[74.86,40.519],[75.059,40.448],[75.161,40.47],[75.226,40.447],[75.578,40.648],[75.623,40.598],[75.646,40.487],[75.697,40.445],[75.661,40.398],[75.697,40.299],[75.929,40.305],[75.978,40.363],[76.068,40.396],[76.194,40.378],[76.277,40.454],[76.346,40.35],[76.5,40.442],[76.553,40.544],[76.639,40.609],[76.65,40.745],[76.794,40.862],[76.782,40.941],[76.874,41.014],[77.058,41.049],[77.138,41.016],[77.377,41.028],[77.544,40.987],[77.685,41.002],[77.855,41.069],[78.081,41.041],[78.189,41.101],[78.288,41.228],[78.374,41.276],[78.376,41.379],[78.531,41.464],[78.64,41.483],[78.671,41.532],[79.207,41.728],[79.309,41.791],[79.432,41.782],[79.655,41.882],[79.779,41.887],[79.879,42.016],[80.262,42.049],[80.281,42.092],[80.232,42.194],[80.281,42.212],[80.294,42.252],[80.238,42.363],[80.217,42.451],[80.242,42.491],[80.182,42.568],[80.172,42.661],[80.261,42.819],[80.579,42.891],[80.561,42.926],[80.39,42.993],[80.384,43.034],[80.646,43.141],[80.779,43.11],[80.817,43.156],[80.769,43.289],[80.661,43.329],[80.732,43.423],[80.736,43.479],[80.442,43.986],[80.431,44.053],[80.363,44.125],[80.4,44.258],[80.349,44.45],[80.407,44.602],[80.375,44.656],[80.517,44.707],[80.521,44.732],[80.262,44.824],[80.002,44.798],[79.876,44.866],[79.871,44.905],[80.121,45.039],[80.392,45.049],[80.469,45.111],[81.054,45.166],[81.688,45.351],[81.741,45.351],[81.798,45.306],[81.816,45.201],[81.948,45.157],[82.297,45.238],[82.482,45.127],[82.562,45.129],[82.636,45.241],[82.649,45.43],[82.362,45.496],[82.318,45.571],[82.511,45.902],[82.573,46.173],[82.709,46.354],[82.874,46.764],[83.015,46.96],[83.041,47.212],[83.162,47.224],[83.565,47.061],[83.922,46.974],[84.295,47.008],[84.532,46.975],[84.678,46.994],[84.779,46.932],[84.735,46.837],[84.759,46.826],[84.964,46.864],[85.258,47.051],[85.529,47.06],[85.573,47.177],[85.687,47.212],[85.706,47.284],[85.701,47.384],[85.604,47.519],[85.622,47.621],[85.538,47.96],[85.614,48.158],[85.759,48.388],[85.862,48.425],[86.231,48.425],[86.344,48.495],[86.464,48.494],[86.596,48.536],[86.645,48.616],[86.783,48.728],[86.759,48.794],[86.821,48.847],[86.753,48.9],[86.731,48.972],[86.875,49.111],[86.999,49.099],[87.167,49.133],[87.447,49.077],[87.525,49.129],[87.84,49.169]]]}},{"type":"Feature","properties":{"icao":"ZYSH","name":"FIR SHENYANG","label":[123.988,45.971]},"geometry":{"type":"MultiLineString","coordinates":[[[123.469,53.5],[123.524,53.549],[123.529,53.499],[123.61,53.544],[123.697,53.496],[123.866,53.481],[124.104,53.341],[124.255,53.357],[124.402,53.212],[124.653,53.186],[124.706,53.134],[124.805,53.133],[124.861,53.087],[124.89,53.095],[124.876,53.144],[124.912,53.17],[125.165,53.193],[125.466,53.084],[125.506,53.038],[125.616,53.053],[125.726,52.984],[125.724,52.946],[125.649,52.913],[125.652,52.876],[125.845,52.899],[125.859,52.852],[125.971,52.763],[126.051,52.786],[126.096,52.764],[126.036,52.721],[126.064,52.676],[125.973,52.642],[125.989,52.582],[126.031,52.563],[126.085,52.59],[126.186,52.541],[126.214,52.513],[126.198,52.464],[126.267,52.459],[126.34,52.389],[126.32,52.308],[126.436,52.281],[126.32,52.229],[126.319,52.192],[126.557,52.131],[126.512,52.039],[126.442,51.988],[126.641,51.745],[126.721,51.709],[126.729,51.638],[126.673,51.575],[126.802,51.537],[126.825,51.501],[126.791,51.424],[126.915,51.379],[126.902,51.339],[126.821,51.33],[126.816,51.266],[126.893,51.239],[126.861,51.307],[126.973,51.318],[126.899,51.187],[126.931,51.06],[127.127,50.916],[127.217,50.784],[127.297,50.732],[127.28,50.681],[127.368,50.571],[127.289,50.46],[127.354,50.413],[127.331,50.319],[127.586,50.209],[127.57,50.128],[127.488,50.042],[127.488,49.981],[127.531,49.92],[127.504,49.841],[127.529,49.789],[127.672,49.749],[127.691,49.667],[127.838,49.587],[127.974,49.602],[128.103,49.537],[128.191,49.534],[128.323,49.538],[128.402,49.577],[128.626,49.57],[128.669,49.612],[128.802,49.559],[128.752,49.468],[128.875,49.478],[128.993,49.442],[129.051,49.365],[129.103,49.347],[129.2,49.391],[129.354,49.342],[129.384,49.425],[129.483,49.418],[129.523,49.391],[129.545,49.293],[129.722,49.266],[129.733,49.193],[129.847,49.158],[129.833,49.118],[129.916,49.079],[129.907,49.037],[130.222,48.865],[130.418,48.896],[130.504,48.852],[130.672,48.865],[130.522,48.608],[130.617,48.562],[130.627,48.477],[130.764,48.479],[130.737,48.418],[130.831,48.291],[130.659,48.099],[130.681,48.046],[130.89,47.9],[130.963,47.701],[131.095,47.672],[131.261,47.729],[131.442,47.738],[131.537,47.719],[131.576,47.656],[131.678,47.699],[131.919,47.67],[132.341,47.742],[132.542,47.714],[132.66,47.866],[132.671,47.95],[132.809,47.942],[132.884,48.009],[133.018,48.035],[133.089,48.102],[133.387,48.105],[133.507,48.071],[133.594,48.172],[133.696,48.187],[133.751,48.25],[133.978,48.26],[134.046,48.325],[134.415,48.391],[134.483,48.35],[134.572,48.364],[134.611,48.307],[134.741,48.267],[134.681,48.221],[134.668,48.107],[134.584,48.063],[134.557,47.995],[134.588,47.917],[134.655,47.882],[134.684,47.801],[134.774,47.724],[134.684,47.63],[134.674,47.572],[134.552,47.467],[134.479,47.428],[134.315,47.421],[134.182,47.323],[134.148,47.249],[134.195,47.207],[134.222,47.111],[134.131,47.074],[134.063,46.975],[134.067,46.916],[134.012,46.824],[134.046,46.765],[134.019,46.667],[133.902,46.572],[133.846,46.476],[133.85,46.44],[133.929,46.392],[133.862,46.331],[133.91,46.314],[133.884,46.294],[133.9,46.25],[133.687,46.143],[133.725,46.065],[133.66,45.935],[133.611,45.932],[133.583,45.871],[133.522,45.887],[133.475,45.82],[133.508,45.778],[133.442,45.698],[133.489,45.683],[133.453,45.647],[133.468,45.622],[133.419,45.607],[133.417,45.569],[133.191,45.504],[133.149,45.451],[133.092,45.244],[133.128,45.153],[133.075,45.089],[132.923,45.022],[131.989,45.242],[131.865,45.346],[131.754,45.213],[131.646,45.199],[131.644,45.106],[131.467,44.967],[131.35,44.975],[131.212,44.911],[131.118,44.926],[131.042,44.863],[130.954,44.846],[131.096,44.691],[131.298,44.052],[131.247,44.027],[131.231,43.974],[131.246,43.918],[131.199,43.819],[131.221,43.595],[131.187,43.553],[131.304,43.456],[131.311,43.392],[131.274,43.363],[131.261,43.264],[131.191,43.197],[131.214,43.133],[131.105,43.036],[131.123,42.911],[131.046,42.902],[131.015,42.855],[130.819,42.876],[130.771,42.832],[130.638,42.832],[130.405,42.718],[130.459,42.68],[130.539,42.682],[130.605,42.62],[130.618,42.579],[130.559,42.507],[130.604,42.422],[130.567,42.443],[130.515,42.602],[130.461,42.594],[130.472,42.557],[130.437,42.545],[130.426,42.602],[130.243,42.718],[130.252,42.892],[130.101,42.912],[130.136,42.962],[130.107,42.978],[130,42.961],[129.908,43.006],[129.876,42.99],[129.906,42.97],[129.851,42.96],[129.758,42.73],[129.753,42.694],[129.787,42.675],[129.743,42.641],[129.761,42.603],[129.725,42.561],[129.712,42.444],[129.591,42.445],[129.54,42.364],[129.442,42.434],[129.342,42.446],[129.344,42.415],[129.24,42.374],[129.238,42.322],[129.191,42.313],[129.224,42.296],[129.176,42.235],[129.21,42.217],[129.114,42.139],[129.065,42.148],[129.033,42.102],[128.958,42.081],[128.926,42.024],[128.729,42.047],[128.489,41.996],[128.282,42.039],[128.059,42.003],[128.102,41.796],[128.302,41.578],[128.156,41.382],[128.044,41.389],[128.047,41.419],[128.021,41.409],[128.001,41.446],[127.981,41.423],[127.874,41.439],[127.858,41.404],[127.647,41.403],[127.557,41.43],[127.539,41.464],[127.271,41.472],[127.287,41.501],[127.102,41.535],[127.179,41.587],[127.041,41.655],[127.078,41.682],[127.037,41.732],[126.936,41.763],[126.936,41.794],[126.797,41.731],[126.787,41.692],[126.695,41.74],[126.679,41.724],[126.722,41.698],[126.615,41.664],[126.563,41.611],[126.584,41.569],[126.501,41.432],[126.527,41.358],[126.456,41.357],[126.279,41.153],[126.124,41.081],[126.132,41.044],[126.073,40.973],[125.977,40.913],[126.017,40.9],[125.936,40.877],[125.879,40.895],[125.821,40.861],[125.762,40.884],[125.653,40.822],[125.68,40.766],[125.564,40.778],[125.545,40.719],[125.464,40.714],[125.406,40.621],[125.286,40.647],[125.248,40.604],[125.018,40.531],[125.04,40.457],[124.881,40.471],[124.833,40.409],[124.743,40.37],[124.708,40.305],[124.555,40.242],[124.361,40.092],[124.344,39.982],[124.167,39.85],[124,38],[120,38.25],[119.867,39.5],[119.35,39.9],[117.517,43.25],[115.295,45.401],[115.702,45.459],[116.031,45.686],[116.112,45.681],[116.208,45.72],[116.282,45.807],[116.237,45.906],[116.384,46.112],[116.566,46.246],[116.586,46.296],[116.759,46.331],[116.842,46.394],[117.093,46.359],[117.371,46.364],[117.392,46.478],[117.444,46.528],[117.421,46.578],[117.599,46.612],[117.633,46.551],[117.717,46.514],[117.835,46.532],[117.934,46.619],[118.31,46.737],[118.465,46.693],[118.631,46.716],[118.766,46.683],[118.879,46.772],[118.918,46.721],[118.991,46.75],[119.071,46.673],[119.297,46.621],[119.463,46.639],[119.714,46.6],[119.817,46.674],[119.891,46.672],[119.935,46.72],[119.909,46.765],[119.926,46.909],[119.871,46.921],[119.801,46.994],[119.788,47.093],[119.725,47.169],[119.309,47.422],[119.344,47.479],[119.149,47.534],[119.125,47.665],[118.767,47.773],[118.539,47.995],[118.167,48.039],[118.019,48.005],[117.801,48.011],[117.372,47.654],[117.111,47.814],[116.875,47.888],[116.47,47.839],[116.258,47.879],[116.116,47.822],[115.937,47.687],[115.592,47.919],[115.54,48.136],[115.836,48.252],[115.811,48.521],[116.084,48.816],[116.062,48.873],[116.711,49.83],[117.17,49.652],[117.494,49.623],[117.872,49.51],[117.896,49.55],[118.366,49.778],[118.386,49.817],[118.465,49.824],[118.583,49.927],[119.174,50.001],[119.318,50.093],[119.359,50.342],[119.198,50.345],[119.139,50.395],[119.242,50.445],[119.287,50.594],[119.502,50.742],[119.522,50.905],[119.747,51.074],[119.781,51.166],[119.755,51.207],[119.818,51.214],[119.81,51.264],[119.921,51.336],[119.891,51.374],[119.957,51.39],[119.983,51.493],[120.049,51.548],[120.097,51.661],[120.176,51.672],[120.489,51.877],[120.652,51.914],[120.713,51.982],[120.695,52.049],[120.777,52.115],[120.759,52.239],[120.623,52.34],[120.718,52.541],[120.44,52.637],[120.189,52.58],[120.073,52.59],[120.026,52.637],[120.034,52.772],[120.273,52.858],[120.864,53.28],[121.208,53.271],[121.83,53.413],[122.07,53.414],[122.314,53.488],[122.41,53.437],[122.824,53.45],[123.153,53.501],[123.263,53.554],[123.469,53.5]]]}}]}